label_id,paxinos_name,proposed_acronym,proposed_name,acronym_basis,basis_detail,confidence,review_status,current_structure_acronym,current_structure_name,resource_action,r,g,b,duplicate_resolution,basis,notes
1,10th cerebellar lobule (nodule),10Cb,10th cerebellar lobule (nodule),deepseek_paxinos_full_list,Imported from ordered DeepSeek/Paxinos acronym list using V33.8 graph_order/label_id order. Non-dash and non-duplicate proposal.,deepseek_paxinos_candidate,approved,1CLN_1,10th cerebellar lobule (nodule),kept_for_review_or_manual_approval,142,223,165,unique_imported,,
2,dorsal motor nucleus of vagus,10N,dorsal motor nucleus of vagus,deepseek_paxinos_full_list,Imported from ordered DeepSeek/Paxinos acronym list using V33.8 graph_order/label_id order. Non-dash and non-duplicate proposal.,deepseek_paxinos_candidate,approved,DMNOV_2,dorsal motor nucleus of vagus,kept_for_review_or_manual_approval,102,176,199,unique_imported,,
3,vagus nerve,10n,vagus nerve,deepseek_paxinos_full_list,Imported from ordered DeepSeek/Paxinos acronym list using V33.8 graph_order/label_id order. Non-dash and non-duplicate proposal.,deepseek_paxinos_candidate,approved,VN_3,vagus nerve,kept_for_review_or_manual_approval,227,89,233,unique_imported,,
4,accessory nerve nucleus,11N,accessory nerve nucleus,deepseek_paxinos_full_list,Imported from ordered DeepSeek/Paxinos acronym list using V33.8 graph_order/label_id order. Non-dash and non-duplicate proposal.,deepseek_paxinos_candidate,approved,ANN_4,accessory nerve nucleus,kept_for_review_or_manual_approval,133,223,176,unique_imported,,
5,"hypoglossal nucleus, geniohyoid part",12NGh,"hypoglossal nucleus, geniohyoid part",deepseek_paxinos_full_list,Imported from ordered DeepSeek/Paxinos acronym list using V33.8 graph_order/label_id order. Non-dash and non-duplicate proposal.,deepseek_paxinos_candidate,approved,HNGP_5,"hypoglossal nucleus, geniohyoid part",kept_for_review_or_manual_approval,0,255,123,unique_imported,,
6,hypoglossal nucleus,12N,hypoglossal nucleus,deepseek_paxinos_full_list,Imported from ordered DeepSeek/Paxinos acronym list using V33.8 graph_order/label_id order. Non-dash and non-duplicate proposal.,deepseek_paxinos_candidate,approved,HN_6,hypoglossal nucleus,kept_for_review_or_manual_approval,0,194,255,unique_imported,,
7,root of hypoglossal nerve,12n,root of hypoglossal nerve,deepseek_paxinos_full_list,Imported from ordered DeepSeek/Paxinos acronym list using V33.8 graph_order/label_id order. Non-dash and non-duplicate proposal.,deepseek_paxinos_candidate,approved,ROHN_7,root of hypoglossal nerve,kept_for_review_or_manual_approval,206,0,212,unique_imported,,
8,1st cerebellar lobule (lingula),1Cb,1st cerebellar lobule (lingula),deepseek_paxinos_full_list,Imported from ordered DeepSeek/Paxinos acronym list using V33.8 graph_order/label_id order. Non-dash and non-duplicate proposal.,deepseek_paxinos_candidate,approved,1CLL_8,1st cerebellar lobule (lingula),kept_for_review_or_manual_approval,0,255,56,unique_imported,,
9,2nd and 3rd cerebellar lobules,2&3Cb,2nd and 3rd cerebellar lobules,deepseek_paxinos_full_list,Imported from ordered DeepSeek/Paxinos acronym list using V33.8 graph_order/label_id order. Non-dash and non-duplicate proposal.,deepseek_paxinos_candidate,approved,2A3CL_9,2nd and 3rd cerebellar lobules,kept_for_review_or_manual_approval,35,255,98,unique_imported,,
10,2nd cerebellar lobule,2Cb,2nd cerebellar lobule,deepseek_paxinos_full_list,Imported from ordered DeepSeek/Paxinos acronym list using V33.8 graph_order/label_id order. Non-dash and non-duplicate proposal.,deepseek_paxinos_candidate,approved,2CL_10,2nd cerebellar lobule,kept_for_review_or_manual_approval,59,233,91,unique_imported,,
11,2b cerebellar lobule,2bCb,2b cerebellar lobule,deepseek_paxinos_full_list,Imported from ordered DeepSeek/Paxinos acronym list using V33.8 graph_order/label_id order. Non-dash and non-duplicate proposal.,deepseek_paxinos_candidate,approved,2CL_11,2b cerebellar lobule,kept_for_review_or_manual_approval,0,255,46,unique_imported,,
13,3rd and 4th cerebellar lobules,3&4Cb,3rd and 4th cerebellar lobules,deepseek_paxinos_full_list,Imported from ordered DeepSeek/Paxinos acronym list using V33.8 graph_order/label_id order. Non-dash and non-duplicate proposal.,deepseek_paxinos_candidate,approved,3A4CL_13,3rd and 4th cerebellar lobules,kept_for_review_or_manual_approval,107,255,149,unique_imported,,
14,3rd cerebellar lobule,3Cb,3rd cerebellar lobule,deepseek_paxinos_full_list,Imported from ordered DeepSeek/Paxinos acronym list using V33.8 graph_order/label_id order. Non-dash and non-duplicate proposal.,deepseek_paxinos_candidate,approved,3CL_14,3rd cerebellar lobule,kept_for_review_or_manual_approval,0,255,73,unique_imported,,
15,oculomotor nucleus,3N,oculomotor nucleus,deepseek_paxinos_full_list,Imported from ordered DeepSeek/Paxinos acronym list using V33.8 graph_order/label_id order. Non-dash and non-duplicate proposal.,deepseek_paxinos_candidate,approved,ON_15,oculomotor nucleus,kept_for_review_or_manual_approval,118,161,233,unique_imported,,
16,"oculomotor nucleus, parvicellular part",3NPC,"oculomotor nucleus, parvicellular part",deepseek_paxinos_full_list,Imported from ordered DeepSeek/Paxinos acronym list using V33.8 graph_order/label_id order. Non-dash and non-duplicate proposal.,deepseek_paxinos_candidate,approved,ONPP_16,"oculomotor nucleus, parvicellular part",kept_for_review_or_manual_approval,0,94,255,unique_imported,,
17,3rd ventricle,3V,3rd ventricle,deepseek_paxinos_full_list,Imported from ordered DeepSeek/Paxinos acronym list using V33.8 graph_order/label_id order. Non-dash and non-duplicate proposal.,deepseek_paxinos_candidate,approved,3V_17,3rd ventricle,kept_for_review_or_manual_approval,255,178,220,unique_imported,,
18,oculomotor nerve,3n,oculomotor nerve,deepseek_paxinos_full_list,Imported from ordered DeepSeek/Paxinos acronym list using V33.8 graph_order/label_id order. Non-dash and non-duplicate proposal.,deepseek_paxinos_candidate,approved,ON_18,oculomotor nerve,kept_for_review_or_manual_approval,253,178,255,unique_imported,,
19,4th and 5th cerebellar lobules,4&5Cb,4th and 5th cerebellar lobules,deepseek_paxinos_full_list,Imported from ordered DeepSeek/Paxinos acronym list using V33.8 graph_order/label_id order. Non-dash and non-duplicate proposal.,deepseek_paxinos_candidate,approved,4A5CL_19,4th and 5th cerebellar lobules,kept_for_review_or_manual_approval,142,212,162,unique_imported,,
21,4th cerebellar lobule,4Cb,4th cerebellar lobule,deepseek_paxinos_full_list,Imported from ordered DeepSeek/Paxinos acronym list using V33.8 graph_order/label_id order. Non-dash and non-duplicate proposal.,deepseek_paxinos_candidate,approved,4CL_21,4th cerebellar lobule,kept_for_review_or_manual_approval,71,223,115,unique_imported,,
22,trochlear nucleus,4N,trochlear nucleus,deepseek_paxinos_full_list,Imported from ordered DeepSeek/Paxinos acronym list using V33.8 graph_order/label_id order. Non-dash and non-duplicate proposal.,deepseek_paxinos_candidate,approved,TN_22,trochlear nucleus,kept_for_review_or_manual_approval,0,66,212,unique_imported,,
23,trochlear nucleus shell region,4NSh,trochlear nucleus shell region,deepseek_paxinos_full_list,Imported from ordered DeepSeek/Paxinos acronym list using V33.8 graph_order/label_id order. Non-dash and non-duplicate proposal.,deepseek_paxinos_candidate,approved,TNSR_23,trochlear nucleus shell region,kept_for_review_or_manual_approval,0,80,255,unique_imported,,
24,4th ventricle,4V,4th ventricle,deepseek_paxinos_full_list,Imported from ordered DeepSeek/Paxinos acronym list using V33.8 graph_order/label_id order. Non-dash and non-duplicate proposal.,deepseek_paxinos_candidate,approved,4V_24,4th ventricle,kept_for_review_or_manual_approval,255,89,164,unique_imported,,
25,trochlear nerve,4n,trochlear nerve,deepseek_paxinos_full_list,Imported from ordered DeepSeek/Paxinos acronym list using V33.8 graph_order/label_id order. Non-dash and non-duplicate proposal.,deepseek_paxinos_candidate,approved,TN_25,trochlear nerve,kept_for_review_or_manual_approval,255,0,254,unique_imported,,
26,"motor trigeminal nucleus, anterior digastric part",Mo5AD,"motor trigeminal nucleus, anterior digastric part",deepseek_paxinos_full_list,Imported from ordered DeepSeek/Paxinos acronym list using V33.8 graph_order/label_id order. Non-dash and non-duplicate proposal.,deepseek_paxinos_candidate,approved,MTNADP_26,"motor trigeminal nucleus, anterior digastric part",kept_for_review_or_manual_approval,0,220,255,unique_imported,,
27,5th cerebellar lobule,5Cb,5th cerebellar lobule,deepseek_paxinos_full_list,Imported from ordered DeepSeek/Paxinos acronym list using V33.8 graph_order/label_id order. Non-dash and non-duplicate proposal.,deepseek_paxinos_candidate,approved,5CL_27,5th cerebellar lobule,kept_for_review_or_manual_approval,35,233,92,unique_imported,,
29,"motor trigeminal nucleus, mylohyoid part",Mo5MH,"motor trigeminal nucleus, mylohyoid part",deepseek_paxinos_full_list,Imported from ordered DeepSeek/Paxinos acronym list using V33.8 graph_order/label_id order. Non-dash and non-duplicate proposal.,deepseek_paxinos_candidate,approved,MTNMP_29,"motor trigeminal nucleus, mylohyoid part",kept_for_review_or_manual_approval,118,217,233,unique_imported,,
30,"motor trigeminal nucleus, masseter part",Mo5Ma,"motor trigeminal nucleus, masseter part",deepseek_paxinos_full_list,Imported from ordered DeepSeek/Paxinos acronym list using V33.8 graph_order/label_id order. Non-dash and non-duplicate proposal.,deepseek_paxinos_candidate,approved,MTNMP_30,"motor trigeminal nucleus, masseter part",kept_for_review_or_manual_approval,59,209,233,unique_imported,,
31,motor trigeminal nucleus,Mo5,motor trigeminal nucleus,deepseek_paxinos_full_list,Imported from ordered DeepSeek/Paxinos acronym list using V33.8 graph_order/label_id order. Non-dash and non-duplicate proposal.,deepseek_paxinos_candidate,approved,MTN_31,motor trigeminal nucleus,kept_for_review_or_manual_approval,178,244,255,unique_imported,,
32,-------,USOL3B_32,unresolved_small_or_local_32_between_motor trigeminal nucleus__and__trigeminal-solitary transition,paxinos_placeholder,"Raw Paxinos label name is placeholder ""-------""; no anatomical acronym assigned. Stable unique placeholder used. | sanitized: placeholder raw label kept non-applying and aligned to current structure metadata",low,do_not_apply,USOL3B_32,unresolved_small_or_local_32_between_motor trigeminal nucleus__and__trigeminal-solitary transition,kept_nonapplying_placeholder_aligned_to_current,178,244,255,,,
34,"motor trigeminal nucleus, tensor tympani part",Mo5TT,"motor trigeminal nucleus, tensor tympani part",deepseek_paxinos_full_list,Imported from ordered DeepSeek/Paxinos acronym list using V33.8 graph_order/label_id order. Non-dash and non-duplicate proposal.,deepseek_paxinos_candidate,approved,MTNTTP_34,"motor trigeminal nucleus, tensor tympani part",kept_for_review_or_manual_approval,0,200,233,unique_imported,,
35,"motor trigeminal nucleus, temporalis part",Mo5Te,"motor trigeminal nucleus, temporalis part",deepseek_paxinos_full_list,Imported from ordered DeepSeek/Paxinos acronym list using V33.8 graph_order/label_id order. Non-dash and non-duplicate proposal.,deepseek_paxinos_candidate,approved,MTNTP_35,"motor trigeminal nucleus, temporalis part",kept_for_review_or_manual_approval,59,226,255,unique_imported,,
36,trigeminal transition zone,5tz,trigeminal transition zone,deepseek_paxinos_full_list,Imported from ordered DeepSeek/Paxinos acronym list using V33.8 graph_order/label_id order. Non-dash and non-duplicate proposal.,deepseek_paxinos_candidate,approved,TTZ_36,trigeminal transition zone,kept_for_review_or_manual_approval,76,23,212,unique_imported,,
37,6th cerebellar lobule,6Cb,6th cerebellar lobule,deepseek_paxinos_full_list,Imported from ordered DeepSeek/Paxinos acronym list using V33.8 graph_order/label_id order. Non-dash and non-duplicate proposal.,deepseek_paxinos_candidate,approved,6CL_37,6th cerebellar lobule,kept_for_review_or_manual_approval,0,233,46,unique_imported,,
38,abducens nucleus,6N,abducens nucleus,deepseek_paxinos_full_list,Imported from ordered DeepSeek/Paxinos acronym list using V33.8 graph_order/label_id order. Non-dash and non-duplicate proposal.,deepseek_paxinos_candidate,approved,AN_38,abducens nucleus,kept_for_review_or_manual_approval,89,228,255,unique_imported,,
39,"abducens nucleus, retractor bulbi part",6NRB,"abducens nucleus, retractor bulbi part",deepseek_paxinos_full_list,Imported from ordered DeepSeek/Paxinos acronym list using V33.8 graph_order/label_id order. Non-dash and non-duplicate proposal.,deepseek_paxinos_candidate,approved,ANRBP_39,"abducens nucleus, retractor bulbi part",kept_for_review_or_manual_approval,0,215,255,unique_imported,,
41,6a cerebellar lobule,6aCb,6a cerebellar lobule,deepseek_paxinos_full_list,Imported from ordered DeepSeek/Paxinos acronym list using V33.8 graph_order/label_id order. Non-dash and non-duplicate proposal.,deepseek_paxinos_candidate,approved,6CL_41,6a cerebellar lobule,kept_for_review_or_manual_approval,89,233,117,unique_imported,,
43,6b cerebellar lobule,6bCb,6b cerebellar lobule,deepseek_paxinos_full_list,Imported from ordered DeepSeek/Paxinos acronym list using V33.8 graph_order/label_id order. Non-dash and non-duplicate proposal.,deepseek_paxinos_candidate,approved,6CL_43,6b cerebellar lobule,kept_for_review_or_manual_approval,0,255,50,unique_imported,,
44,6c cerebellar lobule,6cCb,6c cerebellar lobule,deepseek_paxinos_full_list,Imported from ordered DeepSeek/Paxinos acronym list using V33.8 graph_order/label_id order. Non-dash and non-duplicate proposal.,deepseek_paxinos_candidate,approved,6CL_44,6c cerebellar lobule,kept_for_review_or_manual_approval,178,255,193,unique_imported,,
46,7th cerebellar lobule,7Cb,7th cerebellar lobule,deepseek_paxinos_full_list,Imported from ordered DeepSeek/Paxinos acronym list using V33.8 graph_order/label_id order. Non-dash and non-duplicate proposal.,deepseek_paxinos_candidate,approved,7CL_46,7th cerebellar lobule,kept_for_review_or_manual_approval,35,244,96,unique_imported,,
47,"facial nucleus, dorsal intermediate subnucleus",7NDI,"facial nucleus, dorsal intermediate subnucleus",deepseek_paxinos_full_list,Imported from ordered DeepSeek/Paxinos acronym list using V33.8 graph_order/label_id order. Non-dash and non-duplicate proposal.,deepseek_paxinos_candidate,approved,FNDIS_47,"facial nucleus, dorsal intermediate subnucleus",kept_for_review_or_manual_approval,59,204,233,unique_imported,,
48,"facial nucleus, dorsolateral subnucleus",7NDL,"facial nucleus, dorsolateral subnucleus",deepseek_paxinos_full_list,Imported from ordered DeepSeek/Paxinos acronym list using V33.8 graph_order/label_id order. Non-dash and non-duplicate proposal.,deepseek_paxinos_candidate,approved,FNDS_48,"facial nucleus, dorsolateral subnucleus",kept_for_review_or_manual_approval,118,232,255,unique_imported,,
49,"facial nucleus, dorsomedial subnucleus",7NDM,"facial nucleus, dorsomedial subnucleus",deepseek_paxinos_full_list,Imported from ordered DeepSeek/Paxinos acronym list using V33.8 graph_order/label_id order. Non-dash and non-duplicate proposal.,deepseek_paxinos_candidate,approved,FNDS_49,"facial nucleus, dorsomedial subnucleus",kept_for_review_or_manual_approval,0,211,255,unique_imported,,
50,"facial nucleus, lateral subnucleus",7NL,"facial nucleus, lateral subnucleus",deepseek_paxinos_full_list,Imported from ordered DeepSeek/Paxinos acronym list using V33.8 graph_order/label_id order. Non-dash and non-duplicate proposal.,deepseek_paxinos_candidate,approved,FNLS_50,"facial nucleus, lateral subnucleus",kept_for_review_or_manual_approval,0,193,233,unique_imported,,
51,facial nucleus,7N,facial nucleus,deepseek_paxinos_full_list,Imported from ordered DeepSeek/Paxinos acronym list using V33.8 graph_order/label_id order. Non-dash and non-duplicate proposal.,deepseek_paxinos_candidate,approved,FN_51,facial nucleus,kept_for_review_or_manual_approval,0,193,233,unique_imported,,
52,"facial motor nucleus, stylohyoid part",7NSt,"facial motor nucleus, stylohyoid part",deepseek_paxinos_full_list,Imported from ordered DeepSeek/Paxinos acronym list using V33.8 graph_order/label_id order. Non-dash and non-duplicate proposal.,deepseek_paxinos_candidate,approved,FMNSP_52,"facial motor nucleus, stylohyoid part",kept_for_review_or_manual_approval,59,221,255,unique_imported,,
53,"facial nucleus, ventral intermediate subnucleus",7NVI,"facial nucleus, ventral intermediate subnucleus",deepseek_paxinos_full_list,Imported from ordered DeepSeek/Paxinos acronym list using V33.8 graph_order/label_id order. Non-dash and non-duplicate proposal.,deepseek_paxinos_candidate,approved,FNVIS_53,"facial nucleus, ventral intermediate subnucleus",kept_for_review_or_manual_approval,118,213,233,unique_imported,,
54,"facial nucleus, ventromedial subnucleus",7NVM,"facial nucleus, ventromedial subnucleus",deepseek_paxinos_full_list,Imported from ordered DeepSeek/Paxinos acronym list using V33.8 graph_order/label_id order. Non-dash and non-duplicate proposal.,deepseek_paxinos_candidate,approved,FNVS_54,"facial nucleus, ventromedial subnucleus",kept_for_review_or_manual_approval,178,241,255,unique_imported,,
55,facial nerve,7n,facial nerve,deepseek_paxinos_full_list,Imported from ordered DeepSeek/Paxinos acronym list using V33.8 graph_order/label_id order. Non-dash and non-duplicate proposal.,deepseek_paxinos_candidate,approved,FN_55,facial nerve,kept_for_review_or_manual_approval,201,0,255,unique_imported,,
56,nervus intermedius component of the facial nerve,7ni,nervus intermedius component of the facial nerve,deepseek_paxinos_full_list,Imported from ordered DeepSeek/Paxinos acronym list using V33.8 graph_order/label_id order. Non-dash and non-duplicate proposal.,deepseek_paxinos_candidate,approved,NICOTF_56,nervus intermedius component of the facial nerve,kept_for_review_or_manual_approval,200,0,255,unique_imported,,
57,8th cerebellar lobule,8Cb,8th cerebellar lobule,deepseek_paxinos_full_list,Imported from ordered DeepSeek/Paxinos acronym list using V33.8 graph_order/label_id order. Non-dash and non-duplicate proposal.,deepseek_paxinos_candidate,approved,8CL_57,8th cerebellar lobule,kept_for_review_or_manual_approval,142,233,169,unique_imported,,
59,cochlear root of the vestibulocochlear nerve,8cn,cochlear root of the vestibulocochlear nerve,deepseek_paxinos_full_list,Imported from ordered DeepSeek/Paxinos acronym list using V33.8 graph_order/label_id order. Non-dash and non-duplicate proposal.,deepseek_paxinos_candidate,approved,CROTVN_59,cochlear root of the vestibulocochlear nerve,kept_for_review_or_manual_approval,221,0,255,unique_imported,,
60,vestibulocochlear nerve,8n,vestibulocochlear nerve,deepseek_paxinos_full_list,Imported from ordered DeepSeek/Paxinos acronym list using V33.8 graph_order/label_id order. Non-dash and non-duplicate proposal.,deepseek_paxinos_candidate,approved,VN_60,vestibulocochlear nerve,kept_for_review_or_manual_approval,246,178,255,unique_imported,,
61,vestibular root of the vestibulocochlear nerve,8vn,vestibular root of the vestibulocochlear nerve,deepseek_paxinos_full_list,Imported from ordered DeepSeek/Paxinos acronym list using V33.8 graph_order/label_id order. Non-dash and non-duplicate proposal.,deepseek_paxinos_candidate,approved,VROTVN_61,vestibular root of the vestibulocochlear nerve,kept_for_review_or_manual_approval,247,178,255,unique_imported,,
62,9th cerebellar lobule,9Cb,9th cerebellar lobule,deepseek_paxinos_full_list,Imported from ordered DeepSeek/Paxinos acronym list using V33.8 graph_order/label_id order. Non-dash and non-duplicate proposal.,deepseek_paxinos_candidate,approved,9CL_62,9th cerebellar lobule,kept_for_review_or_manual_approval,59,255,100,unique_imported,,
63,"9th cerebellar lobule, a and b",9a&bCb,"9th cerebellar lobule, a and b",deepseek_paxinos_full_list,Imported from ordered DeepSeek/Paxinos acronym list using V33.8 graph_order/label_id order. Non-dash and non-duplicate proposal.,deepseek_paxinos_candidate,approved,9CLAAB_63,"9th cerebellar lobule, a and b",kept_for_review_or_manual_approval,0,255,52,unique_imported,,
64,"9th cerebellar lobule, c",9cCb,"9th cerebellar lobule, c",deepseek_paxinos_full_list,Imported from ordered DeepSeek/Paxinos acronym list using V33.8 graph_order/label_id order. Non-dash and non-duplicate proposal.,deepseek_paxinos_candidate,approved,9CLC_64,"9th cerebellar lobule, c",kept_for_review_or_manual_approval,178,255,194,unique_imported,,
67,A1 noradrenaline cells,A1,A1 noradrenaline cells,deepseek_paxinos_full_list,Imported from ordered DeepSeek/Paxinos acronym list using V33.8 graph_order/label_id order. Non-dash and non-duplicate proposal.,deepseek_paxinos_candidate,approved,ANC_67,A1 noradrenaline cells,kept_for_review_or_manual_approval,233,89,191,unique_imported,,
68,A1 noradrenaline cells/C1 adrenaline cells,A1/C1,A1 noradrenaline cells/C1 adrenaline cells,deepseek_paxinos_full_list,Imported from ordered DeepSeek/Paxinos acronym list using V33.8 graph_order/label_id order. Non-dash and non-duplicate proposal.,deepseek_paxinos_candidate,approved,ANCCAC_68,A1 noradrenaline cells/C1 adrenaline cells,kept_for_review_or_manual_approval,233,0,161,unique_imported,,
69,A11dopamine cells,A11,A11dopamine cells,deepseek_paxinos_full_list,Imported from ordered DeepSeek/Paxinos acronym list using V33.8 graph_order/label_id order. Non-dash and non-duplicate proposal.,deepseek_paxinos_candidate,approved,AC_69,A11dopamine cells,kept_for_review_or_manual_approval,223,0,180,unique_imported,,
70,A13 dopamine cells,A13,A13 dopamine cells,deepseek_paxinos_full_list,Imported from ordered DeepSeek/Paxinos acronym list using V33.8 graph_order/label_id order. Non-dash and non-duplicate proposal.,deepseek_paxinos_candidate,approved,ADC_70,A13 dopamine cells,kept_for_review_or_manual_approval,255,178,238,unique_imported,,
72,A2 noradrenaline cells,A2,A2 noradrenaline cells,deepseek_paxinos_full_list,Imported from ordered DeepSeek/Paxinos acronym list using V33.8 graph_order/label_id order. Non-dash and non-duplicate proposal.,deepseek_paxinos_candidate,approved,ANC_72,A2 noradrenaline cells,kept_for_review_or_manual_approval,255,178,230,unique_imported,,
73,A5 noradrenaline cells,A5,A5 noradrenaline cells,deepseek_paxinos_full_list,Imported from ordered DeepSeek/Paxinos acronym list using V33.8 graph_order/label_id order. Non-dash and non-duplicate proposal.,deepseek_paxinos_candidate,approved,ANC_73,A5 noradrenaline cells,kept_for_review_or_manual_approval,255,0,168,unique_imported,,
74,A7 noradrenaline cells,A7,A7 noradrenaline cells,deepseek_paxinos_full_list,Imported from ordered DeepSeek/Paxinos acronym list using V33.8 graph_order/label_id order. Non-dash and non-duplicate proposal.,deepseek_paxinos_candidate,approved,ANC_74,A7 noradrenaline cells,kept_for_review_or_manual_approval,255,89,195,unique_imported,,
76,anterior amygdaloid area,AA,anterior amygdaloid area,deepseek_paxinos_full_list,Imported from ordered DeepSeek/Paxinos acronym list using V33.8 graph_order/label_id order. Non-dash and non-duplicate proposal.,deepseek_paxinos_candidate,approved,AAA_76,anterior amygdaloid area,kept_for_review_or_manual_approval,255,81,0,unique_imported,,
79,anterior cortical amygdaloid nucleus,ACo,anterior cortical amygdaloid nucleus,deepseek_paxinos_full_list,Imported from ordered DeepSeek/Paxinos acronym list using V33.8 graph_order/label_id order. Non-dash and non-duplicate proposal.,deepseek_paxinos_candidate,approved,ACAN_79,anterior cortical amygdaloid nucleus,kept_for_review_or_manual_approval,248,255,178,unique_imported,,
80,anterodorsal thalamic nucleus,AD,anterodorsal thalamic nucleus,deepseek_paxinos_full_list,Imported from ordered DeepSeek/Paxinos acronym list using V33.8 graph_order/label_id order. Non-dash and non-duplicate proposal.,deepseek_paxinos_candidate,approved,ATN_80,anterodorsal thalamic nucleus,kept_for_review_or_manual_approval,233,199,107,unique_imported,,
82,anterior hypothalamic area,AH,anterior hypothalamic area,deepseek_paxinos_full_list,Imported from ordered DeepSeek/Paxinos acronym list using V33.8 graph_order/label_id order. Non-dash and non-duplicate proposal.,deepseek_paxinos_candidate,approved,AHA_82,anterior hypothalamic area,kept_for_review_or_manual_approval,255,103,0,unique_imported,,
83,"anterior hypothalamic area, anterior part",AHA,"anterior hypothalamic area, anterior part",deepseek_paxinos_full_list,Imported from ordered DeepSeek/Paxinos acronym list using V33.8 graph_order/label_id order. Non-dash and non-duplicate proposal.,deepseek_paxinos_candidate,approved,AHAAP_83,"anterior hypothalamic area, anterior part",kept_for_review_or_manual_approval,223,89,0,unique_imported,,
84,"anterior hypothalamic area, central part",AHC,"anterior hypothalamic area, central part",deepseek_paxinos_full_list,Imported from ordered DeepSeek/Paxinos acronym list using V33.8 graph_order/label_id order. Non-dash and non-duplicate proposal.,deepseek_paxinos_candidate,approved,AHACP_84,"anterior hypothalamic area, central part",kept_for_review_or_manual_approval,255,103,0,unique_imported,,
85,"anterior hypothalamic area, posterior part",AHP,"anterior hypothalamic area, posterior part",deepseek_paxinos_full_list,Imported from ordered DeepSeek/Paxinos acronym list using V33.8 graph_order/label_id order. Non-dash and non-duplicate proposal.,deepseek_paxinos_candidate,approved,AHAPP_85,"anterior hypothalamic area, posterior part",kept_for_review_or_manual_approval,255,156,89,unique_imported,,
86,amygdalohippocampal area,AHi,amygdalohippocampal area,deepseek_paxinos_full_list,Imported from ordered DeepSeek/Paxinos acronym list using V33.8 graph_order/label_id order. Non-dash and non-duplicate proposal.,deepseek_paxinos_candidate,approved,AA_86,amygdalohippocampal area,kept_for_review_or_manual_approval,233,46,0,unique_imported,,
87,"amygdalohippocampal area, anterolateral part",AHiAL,"amygdalohippocampal area, anterolateral part",deepseek_paxinos_full_list,Imported from ordered DeepSeek/Paxinos acronym list using V33.8 graph_order/label_id order. Non-dash and non-duplicate proposal.,deepseek_paxinos_candidate,approved,AAAP_87,"amygdalohippocampal area, anterolateral part",kept_for_review_or_manual_approval,255,49,0,unique_imported,,
89,"amygdalohippocampal area, posterolateral",AHiPL,"amygdalohippocampal area, posterolateral",deepseek_paxinos_full_list,Imported from ordered DeepSeek/Paxinos acronym list using V33.8 graph_order/label_id order. Non-dash and non-duplicate proposal.,deepseek_paxinos_candidate,approved,AAP_89,"amygdalohippocampal area, posterolateral",kept_for_review_or_manual_approval,255,194,178,unique_imported,,
90,"agranular insular cortex, dorsal part",AID,"agranular insular cortex, dorsal part",deepseek_paxinos_full_list,Imported from ordered DeepSeek/Paxinos acronym list using V33.8 graph_order/label_id order. Non-dash and non-duplicate proposal.,deepseek_paxinos_candidate,approved,AID,"agranular insular cortex, dorsal part",kept_for_review_or_manual_approval,208,212,71,unique_imported,,
91,"agranular insular cortex, posterior part",AIP,"agranular insular cortex, posterior part",deepseek_paxinos_full_list,Imported from ordered DeepSeek/Paxinos acronym list using V33.8 graph_order/label_id order. Non-dash and non-duplicate proposal.,deepseek_paxinos_candidate,approved,AIP,"agranular insular cortex, posterior part",kept_for_review_or_manual_approval,216,223,0,unique_imported,,
92,"agranular insular cortex, ventral part",AIV,"agranular insular cortex, ventral part",deepseek_paxinos_full_list,Imported from ordered DeepSeek/Paxinos acronym list using V33.8 graph_order/label_id order. Non-dash and non-duplicate proposal.,deepseek_paxinos_candidate,approved,AIV,"agranular insular cortex, ventral part",kept_for_review_or_manual_approval,238,244,35,unique_imported,,
93,nucleus of the ansa lenticularis,AL,nucleus of the ansa lenticularis,deepseek_paxinos_full_list,Imported from ordered DeepSeek/Paxinos acronym list using V33.8 graph_order/label_id order. Non-dash and non-duplicate proposal.,deepseek_paxinos_candidate,approved,NOTAL_93,nucleus of the ansa lenticularis,kept_for_review_or_manual_approval,141,107,229,unique_imported,,
94,anteromedial thalamic nucleus,AM,anteromedial thalamic nucleus,deepseek_paxinos_full_list,Imported from ordered DeepSeek/Paxinos acronym list using V33.8 graph_order/label_id order. Non-dash and non-duplicate proposal.,deepseek_paxinos_candidate,approved,ATN_94,anteromedial thalamic nucleus,kept_for_review_or_manual_approval,207,121,0,unique_imported,,
95,"anteromedial thalamic nucleus, ventral part",AMV,"anteromedial thalamic nucleus, ventral part",deepseek_paxinos_full_list,Imported from ordered DeepSeek/Paxinos acronym list using V33.8 graph_order/label_id order. Non-dash and non-duplicate proposal.,deepseek_paxinos_candidate,approved,ATNVP_95,"anteromedial thalamic nucleus, ventral part",kept_for_review_or_manual_approval,255,149,0,unique_imported,,
96,accessory neurosecretory nuclei,AN,accessory neurosecretory nuclei,deepseek_paxinos_full_list,Imported from ordered DeepSeek/Paxinos acronym list using V33.8 graph_order/label_id order. Non-dash and non-duplicate proposal.,deepseek_paxinos_candidate,approved,ANN_96,accessory neurosecretory nuclei,kept_for_review_or_manual_approval,116,71,233,unique_imported,,
97,anterior olfactory nucleus,AO,anterior olfactory nucleus,deepseek_paxinos_full_list,Imported from ordered DeepSeek/Paxinos acronym list using V33.8 graph_order/label_id order. Non-dash and non-duplicate proposal.,deepseek_paxinos_candidate,approved,AON_97,anterior olfactory nucleus,kept_for_review_or_manual_approval,184,233,0,unique_imported,,
100,"anterior olfactory nucleus, external part",AOE,"anterior olfactory nucleus, external part",deepseek_paxinos_full_list,Imported from ordered DeepSeek/Paxinos acronym list using V33.8 graph_order/label_id order. Non-dash and non-duplicate proposal.,deepseek_paxinos_candidate,approved,AONEP_100,"anterior olfactory nucleus, external part",kept_for_review_or_manual_approval,209,233,118,unique_imported,,
101,"anterior olfactory nucleus, lateral part",AOL,"anterior olfactory nucleus, lateral part",deepseek_paxinos_full_list,Imported from ordered DeepSeek/Paxinos acronym list using V33.8 graph_order/label_id order. Non-dash and non-duplicate proposal.,deepseek_paxinos_candidate,approved,AONLP_101,"anterior olfactory nucleus, lateral part",kept_for_review_or_manual_approval,226,255,118,unique_imported,,
103,"anterior olfactory nucleus, posterior part",AOP,"anterior olfactory nucleus, posterior part",deepseek_paxinos_full_list,Imported from ordered DeepSeek/Paxinos acronym list using V33.8 graph_order/label_id order. Non-dash and non-duplicate proposal.,deepseek_paxinos_candidate,approved,AONPP_103,"anterior olfactory nucleus, posterior part",kept_for_review_or_manual_approval,196,233,59,unique_imported,,
105,"anterior olfactory nucleus, ventroposterior part",AOV,"anterior olfactory nucleus, ventroposterior part",deepseek_paxinos_full_list,Imported from ordered DeepSeek/Paxinos acronym list using V33.8 graph_order/label_id order. Non-dash and non-duplicate proposal.,deepseek_paxinos_candidate,approved,AONVP_105,"anterior olfactory nucleus, ventroposterior part",kept_for_review_or_manual_approval,199,255,0,unique_imported,,
106,area postrema,AP,area postrema,deepseek_paxinos_full_list,Imported from ordered DeepSeek/Paxinos acronym list using V33.8 graph_order/label_id order. Non-dash and non-duplicate proposal.,deepseek_paxinos_candidate,approved,AP_106,area postrema,kept_for_review_or_manual_approval,0,169,223,unique_imported,,
107,anterior pretectal nucleus,APT,anterior pretectal nucleus,deepseek_paxinos_full_list,Imported from ordered DeepSeek/Paxinos acronym list using V33.8 graph_order/label_id order. Non-dash and non-duplicate proposal.,deepseek_paxinos_candidate,approved,APN_107,anterior pretectal nucleus,kept_for_review_or_manual_approval,59,104,233,unique_imported,,
108,"anterior pretectal nucleus, dorsal part",APTD,"anterior pretectal nucleus, dorsal part",deepseek_paxinos_full_list,Imported from ordered DeepSeek/Paxinos acronym list using V33.8 graph_order/label_id order. Non-dash and non-duplicate proposal.,deepseek_paxinos_candidate,approved,APNDP_108,"anterior pretectal nucleus, dorsal part",kept_for_review_or_manual_approval,0,69,255,unique_imported,,
109,"anterior pretectal nucleus, ventral part",APTV,"anterior pretectal nucleus, ventral part",deepseek_paxinos_full_list,Imported from ordered DeepSeek/Paxinos acronym list using V33.8 graph_order/label_id order. Non-dash and non-duplicate proposal.,deepseek_paxinos_candidate,approved,APNVP_109,"anterior pretectal nucleus, ventral part",kept_for_review_or_manual_approval,178,197,255,unique_imported,,
110,amygdalopiriform transition area,APir,amygdalopiriform transition area,deepseek_paxinos_full_list,Imported from ordered DeepSeek/Paxinos acronym list using V33.8 graph_order/label_id order. Non-dash and non-duplicate proposal.,deepseek_paxinos_candidate,approved,ATA_110,amygdalopiriform transition area,kept_for_review_or_manual_approval,240,255,89,unique_imported,,
112,anterior tegmental nucleus,ATg,anterior tegmental nucleus,deepseek_paxinos_full_list,Imported from ordered DeepSeek/Paxinos acronym list using V33.8 graph_order/label_id order. Non-dash and non-duplicate proposal.,deepseek_paxinos_candidate,approved,ATN_112,anterior tegmental nucleus,kept_for_review_or_manual_approval,118,254,255,unique_imported,,
114,anteroventral thalamic nucleus,AV,anteroventral thalamic nucleus,deepseek_paxinos_full_list,Imported from ordered DeepSeek/Paxinos acronym list using V33.8 graph_order/label_id order. Non-dash and non-duplicate proposal.,deepseek_paxinos_candidate,approved,ATN_114,anteroventral thalamic nucleus,kept_for_review_or_manual_approval,223,133,0,unique_imported,,
115,"anteroventral thalamic nucleus, dorsomedial part",AVDM,"anteroventral thalamic nucleus, dorsomedial part",deepseek_paxinos_full_list,Imported from ordered DeepSeek/Paxinos acronym list using V33.8 graph_order/label_id order. Non-dash and non-duplicate proposal.,deepseek_paxinos_candidate,approved,ATNDP_115,"anterovent thalamic nucleus, dorsomedial part",kept_for_review_or_manual_approval,255,223,178,unique_imported,,
117,anteroventral periventricular nucleus,AVPe,anteroventral periventricular nucleus,deepseek_paxinos_full_list,Imported from ordered DeepSeek/Paxinos acronym list using V33.8 graph_order/label_id order. Non-dash and non-duplicate proposal.,deepseek_paxinos_candidate,approved,APN_117,anteroventral periventricular nucleus,kept_for_review_or_manual_approval,255,123,0,unique_imported,,
118,"anteroventral thalamic nucleus, ventrolateral part",AVVL,"anteroventral thalamic nucleus, ventrolateral part",deepseek_paxinos_full_list,Imported from ordered DeepSeek/Paxinos acronym list using V33.8 graph_order/label_id order. Non-dash and non-duplicate proposal.,deepseek_paxinos_candidate,approved,ATNVP_118,"anteroventral thalamic nucleus, ventrolateral part",kept_for_review_or_manual_approval,255,152,0,unique_imported,,
119,accumbens nucleus,Acb,accumbens nucleus,deepseek_paxinos_full_list,Imported from ordered DeepSeek/Paxinos acronym list using V33.8 graph_order/label_id order. Non-dash and non-duplicate proposal.,deepseek_paxinos_candidate,approved,AN_119,accumbens nucleus,kept_for_review_or_manual_approval,255,249,178,unique_imported,,
120,"accumbens nucleus, core",AcbC,"accumbens nucleus, core",deepseek_paxinos_full_list,Imported from ordered DeepSeek/Paxinos acronym list using V33.8 graph_order/label_id order. Non-dash and non-duplicate proposal.,deepseek_paxinos_candidate,approved,ANC_120,"accumbens nucleus, core",kept_for_review_or_manual_approval,255,243,89,unique_imported,,
122,"accumbens nucleus, shell",AcbSh,"accumbens nucleus, shell",deepseek_paxinos_full_list,Imported from ordered DeepSeek/Paxinos acronym list using V33.8 graph_order/label_id order. Non-dash and non-duplicate proposal.,deepseek_paxinos_candidate,approved,ANS_122,"accumbens nucleus, shell",kept_for_review_or_manual_approval,233,218,0,unique_imported,,
128,alar nucleus,Al,alar nucleus,deepseek_paxinos_full_list,Imported from ordered DeepSeek/Paxinos acronym list using V33.8 graph_order/label_id order. Non-dash and non-duplicate proposal.,deepseek_paxinos_candidate,approved,AN_128,alar nucleus,kept_for_review_or_manual_approval,128,95,212,unique_imported,,
130,"ambiguus nucleus, compact part",AmbC,"ambiguus nucleus, compact part",deepseek_paxinos_full_list,Imported from ordered DeepSeek/Paxinos acronym list using V33.8 graph_order/label_id order. Non-dash and non-duplicate proposal.,deepseek_paxinos_candidate,approved,ANCP_130,"ambiguus nucleus, compact part",kept_for_review_or_manual_approval,89,255,105,unique_imported,,
131,"ambiguus nucleus, loose part",AmbL,"ambiguus nucleus, loose part",deepseek_paxinos_full_list,Imported from ordered DeepSeek/Paxinos acronym list using V33.8 graph_order/label_id order. Non-dash and non-duplicate proposal.,deepseek_paxinos_candidate,approved,ANLP_131,"ambiguus nucleus, loose part",kept_for_review_or_manual_approval,0,255,28,unique_imported,,
132,"ambiguus nucleus, subcompact part",AmbSc,"ambiguus nucleus, subcompact part",deepseek_paxinos_full_list,Imported from ordered DeepSeek/Paxinos acronym list using V33.8 graph_order/label_id order. Non-dash and non-duplicate proposal.,deepseek_paxinos_candidate,approved,ANSP_132,"ambiguus nucleus, subcompact part",kept_for_review_or_manual_approval,178,255,187,unique_imported,,
133,-------,USOL1B_133,"unresolved_small_or_local_133_between_ambiguus nucleus, subcompact p__and__angular thalamic nucleus",paxinos_placeholder,"Raw Paxinos label name is placeholder ""-------""; no anatomical acronym assigned. Stable unique placeholder used. | sanitized: placeholder raw label kept non-applying and aligned to current structure metadata",low,do_not_apply,USOL1B_133,"unresolved_small_or_local_133_between_ambiguus nucleus, subcompact p__and__angular thalamic nucleus",kept_nonapplying_placeholder_aligned_to_current,255,132,89,,,
134,angular thalamic nucleus,Ang,angular thalamic nucleus,deepseek_paxinos_full_list,Imported from ordered DeepSeek/Paxinos acronym list using V33.8 graph_order/label_id order. Non-dash and non-duplicate proposal.,deepseek_paxinos_candidate,approved,ATN_134,angular thalamic nucleus,kept_for_review_or_manual_approval,212,183,107,unique_imported,,
137,aqueduct,Aq,aqueduct,deepseek_paxinos_full_list,Imported from ordered DeepSeek/Paxinos acronym list using V33.8 graph_order/label_id order. Non-dash and non-duplicate proposal.,deepseek_paxinos_candidate,approved,A_137,aqueduct,kept_for_review_or_manual_approval,223,0,69,unique_imported,,
138,arcuate hypothalamic nucleus,Arc,arcuate hypothalamic nucleus,deepseek_paxinos_full_list,Imported from ordered DeepSeek/Paxinos acronym list using V33.8 graph_order/label_id order. Non-dash and non-duplicate proposal.,deepseek_paxinos_candidate,approved,AHN_138,arcuate hypothalamic nucleus,kept_for_review_or_manual_approval,255,117,0,unique_imported,,
139,"arcuate hypothalamic nucleus, dorsal part",ArcD,"arcuate hypothalamic nucleus, dorsal part",deepseek_paxinos_full_list,Imported from ordered DeepSeek/Paxinos acronym list using V33.8 graph_order/label_id order. Non-dash and non-duplicate proposal.,deepseek_paxinos_candidate,approved,AHNDP_139,"arcuate hypothalamic nucleus, dorsal part",kept_for_review_or_manual_approval,255,213,178,unique_imported,,
140,"arcuate hypothalamic nucleus, lateral part",ArcL,"arcuate hypothalamic nucleus, lateral part",deepseek_paxinos_full_list,Imported from ordered DeepSeek/Paxinos acronym list using V33.8 graph_order/label_id order. Non-dash and non-duplicate proposal.,deepseek_paxinos_candidate,approved,AHNLP_140,"arcuate hypothalamic nucleus, lateral part",kept_for_review_or_manual_approval,233,106,0,unique_imported,,
141,"arcuate hypothalamic nucleus, lateroposterior part",ArcLP,"arcuate hypothalamic nucleus, lateroposterior part",deepseek_paxinos_full_list,Imported from ordered DeepSeek/Paxinos acronym list using V33.8 graph_order/label_id order. Non-dash and non-duplicate proposal.,deepseek_paxinos_candidate,approved,AHNLP_141,"arcuate hypothalamic nucleus, lateroposterior part",kept_for_review_or_manual_approval,255,165,89,unique_imported,,
142,"arcuate hypothalamic nucleus, medial part",ArcM,"arcuate hypothalamic nucleus, medial part",deepseek_paxinos_full_list,Imported from ordered DeepSeek/Paxinos acronym list using V33.8 graph_order/label_id order. Non-dash and non-duplicate proposal.,deepseek_paxinos_candidate,approved,AHNMP_142,"arcuate hypothalamic nucleus, medial part",kept_for_review_or_manual_approval,233,155,89,unique_imported,,
143,"arcuate hypothalamic nucleus, medial posterior part",ArcMP,"arcuate hypothalamic nucleus, medial posterior part",deepseek_paxinos_full_list,Imported from ordered DeepSeek/Paxinos acronym list using V33.8 graph_order/label_id order. Non-dash and non-duplicate proposal.,deepseek_paxinos_candidate,approved,AHNMPP_143,"arcuate hypothalamic nucleus, medial posterior part",kept_for_review_or_manual_approval,255,117,0,unique_imported,,
145,auditory cortex,Au,auditory cortex,deepseek_paxinos_full_list,Imported from ordered DeepSeek/Paxinos acronym list using V33.8 graph_order/label_id order. Non-dash and non-duplicate proposal.,deepseek_paxinos_candidate,approved,AC_145,auditory cortex,kept_for_review_or_manual_approval,255,251,0,unique_imported,,
146,primary auditory cortex,Au1,primary auditory cortex,deepseek_paxinos_full_list,Imported from ordered DeepSeek/Paxinos acronym list using V33.8 graph_order/label_id order. Non-dash and non-duplicate proposal.,deepseek_paxinos_candidate,approved,Au1,primary auditory cortex,kept_for_review_or_manual_approval,255,251,0,unique_imported,,
148,"secondary auditory cortex, dorsal area",AuD,"secondary auditory cortex, dorsal area",deepseek_paxinos_full_list,Imported from ordered DeepSeek/Paxinos acronym list using V33.8 graph_order/label_id order. Non-dash and non-duplicate proposal.,deepseek_paxinos_candidate,approved,AuD,"secondary auditory cortex, dorsal area",kept_for_review_or_manual_approval,255,250,0,unique_imported,,
149,"secondary auditory cortex, ventral area",AuV,"secondary auditory cortex, ventral area",deepseek_paxinos_full_list,Imported from ordered DeepSeek/Paxinos acronym list using V33.8 graph_order/label_id order. Non-dash and non-duplicate proposal.,deepseek_paxinos_candidate,approved,AuV,"secondary auditory cortex, ventral area",kept_for_review_or_manual_approval,255,253,178,unique_imported,,
150,basal nucleus (Meynert),B,basal nucleus (Meynert),deepseek_paxinos_full_list,Imported from ordered DeepSeek/Paxinos acronym list using V33.8 graph_order/label_id order. Non-dash and non-duplicate proposal.,deepseek_paxinos_candidate,approved,BNM_150,basal nucleus (Meynert),kept_for_review_or_manual_approval,255,251,178,unique_imported,,
152,B9 serotonin cells,B9,B9 serotonin cells,deepseek_paxinos_full_list,Imported from ordered DeepSeek/Paxinos acronym list using V33.8 graph_order/label_id order. Non-dash and non-duplicate proposal.,deepseek_paxinos_candidate,approved,BSC_152,B9 serotonin cells,kept_for_review_or_manual_approval,118,239,217,unique_imported,,
153,bed nucleus of the anterior commissure,BAC,bed nucleus of the anterior commissure,deepseek_paxinos_full_list,Imported from ordered DeepSeek/Paxinos acronym list using V33.8 graph_order/label_id order. Non-dash and non-duplicate proposal.,deepseek_paxinos_candidate,approved,BNOTAC_153,bed nucleus of the anterior commissure,kept_for_review_or_manual_approval,212,69,0,unique_imported,,
154,bed nucleus of the accessory olfactory tract,BAOT,bed nucleus of the accessory olfactory tract,deepseek_paxinos_full_list,Imported from ordered DeepSeek/Paxinos acronym list using V33.8 graph_order/label_id order. Non-dash and non-duplicate proposal.,deepseek_paxinos_candidate,approved,BNOTAO_154,bed nucleus of the accessory olfactory tract,kept_for_review_or_manual_approval,255,245,0,unique_imported,,
155,basal ganglia,BG,basal ganglia,rule_generated_from_paxinos_name,Algorithmic acronym generated from Paxinos raw name; requires manual review before use as curated label.,low,approved,BG_155,basal ganglia,kept_for_review_or_manual_approval,233,214,0,,manual_chat_curation_2026-06-23,approved_cleaned_parent_region_acronym
156,nucleus of the brachium of the inferior colliculus,BIC,nucleus of the brachium of the inferior colliculus,deepseek_paxinos_full_list,Imported from ordered DeepSeek/Paxinos acronym list using V33.8 graph_order/label_id order. Non-dash and non-duplicate proposal.,deepseek_paxinos_candidate,approved,NOTBOT_156,nucleus of the brachium of the inferior colliculus,kept_for_review_or_manual_approval,0,47,255,unique_imported,,
157,basolateral amygdaloid nucleus,BL,basolateral amygdaloid nucleus,deepseek_paxinos_full_list,Imported from ordered DeepSeek/Paxinos acronym list using V33.8 graph_order/label_id order. Non-dash and non-duplicate proposal.,deepseek_paxinos_candidate,approved,BAN_157,basolateral amygdaloid nucleus,kept_for_review_or_manual_approval,212,92,59,unique_imported,,
158,"basolateral amygdaloid nucleus, anterior part",BLA,"basolateral amygdaloid nucleus, anterior part",deepseek_paxinos_full_list,Imported from ordered DeepSeek/Paxinos acronym list using V33.8 graph_order/label_id order. Non-dash and non-duplicate proposal.,deepseek_paxinos_candidate,approved,BANAP_158,"basolateral amygdaloid nucleus, anterior part",kept_for_review_or_manual_approval,255,123,89,unique_imported,,
159,"basolateral amygdaloid nucleus, posterior part",BLP,"basolateral amygdaloid nucleus, posterior part",deepseek_paxinos_full_list,Imported from ordered DeepSeek/Paxinos acronym list using V33.8 graph_order/label_id order. Non-dash and non-duplicate proposal.,deepseek_paxinos_candidate,approved,BANPP_159,"basolateral amygdaloid nucleus, posterior part",kept_for_review_or_manual_approval,255,54,0,unique_imported,,
160,"basolateral amygdaloid nucleus, ventral part",BLV,"basolateral amygdaloid nucleus, ventral part",deepseek_paxinos_full_list,Imported from ordered DeepSeek/Paxinos acronym list using V33.8 graph_order/label_id order. Non-dash and non-duplicate proposal.,deepseek_paxinos_candidate,approved,BANVP_160,"basolateral amygdaloid nucleus, ventral part",kept_for_review_or_manual_approval,255,195,178,unique_imported,,
162,"basomedial amygdaloid nucleus, anterior part",BMA,"basomedial amygdaloid nucleus, anterior part",deepseek_paxinos_full_list,Imported from ordered DeepSeek/Paxinos acronym list using V33.8 graph_order/label_id order. Non-dash and non-duplicate proposal.,deepseek_paxinos_candidate,approved,BANAP_162,"basomedial amygdaloid nucleus, anterior part",kept_for_review_or_manual_approval,255,56,0,unique_imported,,
163,"basomedial amygdaloid nucleus, posterior part",BMP,"basomedial amygdaloid nucleus, posterior part",deepseek_paxinos_full_list,Imported from ordered DeepSeek/Paxinos acronym list using V33.8 graph_order/label_id order. Non-dash and non-duplicate proposal.,deepseek_paxinos_candidate,approved,BANPP_163,"basomedial amygdaloid nucleus, posterior part",kept_for_review_or_manual_approval,255,195,178,unique_imported,,
164,Barrington's nucleus,Bar,Barrington's nucleus,deepseek_paxinos_full_list,Imported from ordered DeepSeek/Paxinos acronym list using V33.8 graph_order/label_id order. Non-dash and non-duplicate proposal.,deepseek_paxinos_candidate,approved,BSN_164,Barrington's nucleus,kept_for_review_or_manual_approval,25,174,223,unique_imported,,
165,Botzinger complex,Böt,Botzinger complex,deepseek_paxinos_full_list,Imported from ordered DeepSeek/Paxinos acronym list using V33.8 graph_order/label_id order. Non-dash and non-duplicate proposal.,deepseek_paxinos_candidate,approved,BC_165,Botzinger complex,kept_for_review_or_manual_approval,25,192,247,unique_imported,,
166,whole brain,whole_brain,whole brain,paxinos_raw_broad_structure,root/whole-brain label | V33.9b: non-approved duplicate proposal sanitized to a unique non-applied placeholder/current acronym so strict resource validator can pass; review_status was preserved.,high,approved,WB_166,whole brain,kept_for_review_or_manual_approval,102,102,102,v33_9b_pending_duplicate_sanitized_to_unique_current_acronym,manual_chat_curation_2026-06-23,approved_display_readable_container_label
167,-------,USOL1B_167,unresolved_small_or_local_167_between_whole brain__and__C1 adrenaline cells,paxinos_placeholder,"Raw Paxinos label name is placeholder ""-------""; no anatomical acronym assigned. Stable unique placeholder used. | sanitized: placeholder raw label kept non-applying and aligned to current structure metadata",low,do_not_apply,USOL1B_167,unresolved_small_or_local_167_between_whole brain__and__C1 adrenaline cells,kept_nonapplying_placeholder_aligned_to_current,138,107,216,,,
168,C1 adrenaline cells,C1,C1 adrenaline cells,deepseek_paxinos_full_list,Imported from ordered DeepSeek/Paxinos acronym list using V33.8 graph_order/label_id order. Non-dash and non-duplicate proposal.,deepseek_paxinos_candidate,approved,CAC_168,C1 adrenaline cells,kept_for_review_or_manual_approval,76,199,239,unique_imported,,
170,C3 adrenaline cells,C3,C3 adrenaline cells,deepseek_paxinos_full_list,Imported from ordered DeepSeek/Paxinos acronym list using V33.8 graph_order/label_id order. Non-dash and non-duplicate proposal.,deepseek_paxinos_candidate,approved,CAC_170,C3 adrenaline cells,kept_for_review_or_manual_approval,0,173,231,unique_imported,,
171,hippocampus proper,CA,hippocampus proper,deepseek_paxinos_full_list_duplicate_conflict,DeepSeek/Paxinos full-list proposal produced a duplicate acronym; left pending for manual disambiguation. | V33.9b: non-approved duplicate proposal sanitized to a unique non-applied placeholder/current acronym so strict resource validator can pass; review_status was preserved.,conflict,approved,HP_171,hippocampus proper,kept_for_review_or_manual_approval,245,255,178,duplicate_conflict_not_auto_approved; v33_9b_pending_duplicate_sanitized_to_unique_current_acronym,manual_chat_curation_2026-06-23,approved_common_region_acronym
172,field CA1 of the hippocampus,CA1,field CA1 of the hippocampus,deepseek_paxinos_full_list,Imported from ordered DeepSeek/Paxinos acronym list using V33.8 graph_order/label_id order. Non-dash and non-duplicate proposal.,deepseek_paxinos_candidate,approved,FCOTH_172,field CA1 of the hippocampus,kept_for_review_or_manual_approval,188,212,0,unique_imported,,
174,field CA3 of the hippocampus,CA3,field CA3 of the hippocampus,deepseek_paxinos_full_list,Imported from ordered DeepSeek/Paxinos acronym list using V33.8 graph_order/label_id order. Non-dash and non-duplicate proposal.,deepseek_paxinos_candidate,approved,FCOTH_174,field CA3 of the hippocampus,kept_for_review_or_manual_approval,213,233,59,unique_imported,,
175,nucleus of the central acoustic tract,NCAT,nucleus of the central acoustic tract,deepseek_paxinos_full_list,Imported from ordered DeepSeek/Paxinos acronym list using V33.8 graph_order/label_id order. Non-dash and non-duplicate proposal.,deepseek_paxinos_candidate,approved,NOTCAT_175,nucleus of the central acoustic tract,kept_for_review_or_manual_approval,74,23,203,unique_imported,,
176,cell bridges of the ventral striatum,CBV,cell bridges of the ventral striatum,deepseek_paxinos_full_list,Imported from ordered DeepSeek/Paxinos acronym list using V33.8 graph_order/label_id order. Non-dash and non-duplicate proposal.,deepseek_paxinos_candidate,approved,CBOTVS_176,cell bridges of the ventral striatum,kept_for_review_or_manual_approval,255,240,0,unique_imported,,
177,central canal,CC,central canal,deepseek_paxinos_full_list,Imported from ordered DeepSeek/Paxinos acronym list using V33.8 graph_order/label_id order. Non-dash and non-duplicate proposal.,deepseek_paxinos_candidate,approved,CC_177,central canal,kept_for_review_or_manual_approval,255,178,200,unique_imported,,
178,caudomedial entorhinal cortex,CMEnt,caudomedial entorhinal cortex,deepseek_paxinos_full_list,Imported from ordered DeepSeek/Paxinos acronym list using V33.8 graph_order/label_id order. Non-dash and non-duplicate proposal.,deepseek_paxinos_candidate,approved,CEC_178,caudomedial entorhinal cortex,kept_for_review_or_manual_approval,197,233,0,unique_imported,,
179,central gray,CG,central gray,deepseek_paxinos_full_list,Imported from ordered DeepSeek/Paxinos acronym list using V33.8 graph_order/label_id order. Non-dash and non-duplicate proposal.,deepseek_paxinos_candidate,approved,CG_179,central gray,kept_for_review_or_manual_approval,133,242,150,unique_imported,,
180,"central gray, alpha part",CGA,"central gray, alpha part",deepseek_paxinos_full_list,Imported from ordered DeepSeek/Paxinos acronym list using V33.8 graph_order/label_id order. Non-dash and non-duplicate proposal.,deepseek_paxinos_candidate,approved,CGAP_180,"central gray, alpha part",kept_for_review_or_manual_approval,89,255,112,unique_imported,,
181,"central gray, beta part",CGB,"central gray, beta part",deepseek_paxinos_full_list,Imported from ordered DeepSeek/Paxinos acronym list using V33.8 graph_order/label_id order. Non-dash and non-duplicate proposal.,deepseek_paxinos_candidate,approved,CGBP_181,"central gray, beta part",kept_for_review_or_manual_approval,89,233,110,unique_imported,,
182,"central gray, gamma part",CGG,"central gray, gamma part",deepseek_paxinos_full_list,Imported from ordered DeepSeek/Paxinos acronym list using V33.8 graph_order/label_id order. Non-dash and non-duplicate proposal.,deepseek_paxinos_candidate,approved,CGGP_182,"central gray, gamma part",kept_for_review_or_manual_approval,0,255,39,unique_imported,,
183,"central gray, nucleus O",CGO,"central gray, nucleus O",deepseek_paxinos_full_list,Imported from ordered DeepSeek/Paxinos acronym list using V33.8 graph_order/label_id order. Non-dash and non-duplicate proposal.,deepseek_paxinos_candidate,approved,CGNO_183,"central gray, nucleus O",kept_for_review_or_manual_approval,0,233,37,unique_imported,,
184,central gray of the pons,CGPn,central gray of the pons,deepseek_paxinos_full_list,Imported from ordered DeepSeek/Paxinos acronym list using V33.8 graph_order/label_id order. Non-dash and non-duplicate proposal.,deepseek_paxinos_candidate,approved,CGOTP_184,central gray of the pons,kept_for_review_or_manual_approval,178,255,191,unique_imported,,
185,caudal interstitial nucleus of the medial longitudinal fasciculus,CIMLF,caudal interstitial nucleus of the medial longitudinal fasciculus,deepseek_paxinos_full_list,Imported from ordered DeepSeek/Paxinos acronym list using V33.8 graph_order/label_id order. Non-dash and non-duplicate proposal.,deepseek_paxinos_candidate,approved,CINOTM_185,caudal interstitial nucleus of the medial longitudinal fasciculus,kept_for_review_or_manual_approval,0,223,108,unique_imported,,
186,central nucleus of the inferior colliculus,CIC,central nucleus of the inferior colliculus,deepseek_paxinos_full_list,Imported from ordered DeepSeek/Paxinos acronym list using V33.8 graph_order/label_id order. Non-dash and non-duplicate proposal.,deepseek_paxinos_candidate,approved,CNOTIC_186,central nucleus of the inferior colliculus,kept_for_review_or_manual_approval,178,191,255,unique_imported,,
187,centrolateral thalamic nucleus,CL,centrolateral thalamic nucleus,deepseek_paxinos_full_list,Imported from ordered DeepSeek/Paxinos acronym list using V33.8 graph_order/label_id order. Non-dash and non-duplicate proposal.,deepseek_paxinos_candidate,approved,CTN_187,centrolateral thalamic nucleus,kept_for_review_or_manual_approval,255,189,89,unique_imported,,
188,caudal linear nucleus of the raphe,CLi,caudal linear nucleus of the raphe,deepseek_paxinos_full_list,Imported from ordered DeepSeek/Paxinos acronym list using V33.8 graph_order/label_id order. Non-dash and non-duplicate proposal.,deepseek_paxinos_candidate,approved,CLNOTR_188,caudal linear nucleus of the raphe,kept_for_review_or_manual_approval,118,223,204,unique_imported,,
189,central medial thalamic nucleus,CM,central medial thalamic nucleus,deepseek_paxinos_full_list,Imported from ordered DeepSeek/Paxinos acronym list using V33.8 graph_order/label_id order. Non-dash and non-duplicate proposal.,deepseek_paxinos_candidate,approved,CMTN_189,central medial thalamic nucleus,kept_for_review_or_manual_approval,255,154,0,unique_imported,,
190,caudal periolivary nucleus,CPO,caudal periolivary nucleus,deepseek_paxinos_full_list,Imported from ordered DeepSeek/Paxinos acronym list using V33.8 graph_order/label_id order. Non-dash and non-duplicate proposal.,deepseek_paxinos_candidate,approved,CPN_190,caudal periolivary nucleus,kept_for_review_or_manual_approval,102,205,239,unique_imported,,
191,caudate putamen (striatum),CPu,caudate putamen (striatum),deepseek_paxinos_full_list_duplicate_conflict,DeepSeek/Paxinos full-list proposal produced a duplicate acronym; left pending for manual disambiguation. | V33.9b: non-approved duplicate proposal sanitized to a unique non-applied placeholder/current acronym so strict resource validator can pass; review_status was preserved.,conflict,approved,CPS_191,caudate putamen (striatum),kept_for_review_or_manual_approval,255,236,0,duplicate_conflict_not_auto_approved; v33_9b_pending_duplicate_sanitized_to_unique_current_acronym,manual_chat_curation_2026-06-23,approved_common_region_acronym
192,nucleus of the commissural stria terminalis,CST,nucleus of the commissural stria terminalis,deepseek_paxinos_full_list,Imported from ordered DeepSeek/Paxinos acronym list using V33.8 graph_order/label_id order. Non-dash and non-duplicate proposal.,deepseek_paxinos_candidate,approved,NOTCST_192,nucleus of the commissural stria terminalis,kept_for_review_or_manual_approval,44,255,0,unique_imported,,
193,caudoventrolateral reticular nucleus,CVL,caudoventrolateral reticular nucleus,deepseek_paxinos_full_list,Imported from ordered DeepSeek/Paxinos acronym list using V33.8 graph_order/label_id order. Non-dash and non-duplicate proposal.,deepseek_paxinos_candidate,approved,CRN_193,caudoventrolateral reticular nucleus,kept_for_review_or_manual_approval,76,174,207,unique_imported,,
194,cerebellum,Cb,cerebellum,deepseek_paxinos_full_list_duplicate_conflict,DeepSeek/Paxinos full-list proposal produced a duplicate acronym; left pending for manual disambiguation. | V33.9b: non-approved duplicate proposal sanitized to a unique non-applied placeholder/current acronym so strict resource validator can pass; review_status was preserved.,conflict,approved,C_194,cerebellum,kept_for_review_or_manual_approval,0,203,48,duplicate_conflict_not_auto_approved; v33_9b_pending_duplicate_sanitized_to_unique_current_acronym,manual_chat_curation_2026-06-23,approved_cleaned_region_acronym
195,central amygdaloid nucleus,Ce,central amygdaloid nucleus,deepseek_paxinos_full_list,Imported from ordered DeepSeek/Paxinos acronym list using V33.8 graph_order/label_id order. Non-dash and non-duplicate proposal.,deepseek_paxinos_candidate,approved,CAN_195,central amygdaloid nucleus,kept_for_review_or_manual_approval,255,106,59,unique_imported,,
196,"central amygdaloid nucleus, capsular part",CeC,"central amygdaloid nucleus, capsular part",deepseek_paxinos_full_list,Imported from ordered DeepSeek/Paxinos acronym list using V33.8 graph_order/label_id order. Non-dash and non-duplicate proposal.,deepseek_paxinos_candidate,approved,CANCP_196,"central amygdaloid nucleus, capsular part",kept_for_review_or_manual_approval,255,60,0,unique_imported,,
197,central cervical nucleus of the spinal cord,CCN,central cervical nucleus of the spinal cord,deepseek_paxinos_full_list,Imported from ordered DeepSeek/Paxinos acronym list using V33.8 graph_order/label_id order. Non-dash and non-duplicate proposal.,deepseek_paxinos_candidate,approved,CCNOTS_197,central cervical nucleus of the spinal cord,kept_for_review_or_manual_approval,134,107,203,unique_imported,,
198,"central amygdaloid nucleus, lateral division",CeL,"central amygdaloid nucleus, lateral division",deepseek_paxinos_full_list,Imported from ordered DeepSeek/Paxinos acronym list using V33.8 graph_order/label_id order. Non-dash and non-duplicate proposal.,deepseek_paxinos_candidate,approved,CANLD_198,"central amygdaloid nucleus, lateral division",kept_for_review_or_manual_approval,255,196,178,unique_imported,,
199,"central amygdaloid nucleus, medial division",CeM,"central amygdaloid nucleus, medial division",deepseek_paxinos_full_list,Imported from ordered DeepSeek/Paxinos acronym list using V33.8 graph_order/label_id order. Non-dash and non-duplicate proposal.,deepseek_paxinos_candidate,approved,CANMD_199,"central amygdaloid nucleus, medial division",kept_for_review_or_manual_approval,255,129,89,unique_imported,,
200,"cingulate cortex, area 1",Cg1,"cingulate cortex, area 1",deepseek_paxinos_full_list,Imported from ordered DeepSeek/Paxinos acronym list using V33.8 graph_order/label_id order. Non-dash and non-duplicate proposal.,deepseek_paxinos_candidate,approved,Cg1,"cingulate cortex, area 1",kept_for_review_or_manual_approval,241,244,142,unique_imported,,
201,"cingulate cortex, area 2",Cg2,"cingulate cortex, area 2",deepseek_paxinos_full_list,Imported from ordered DeepSeek/Paxinos acronym list using V33.8 graph_order/label_id order. Non-dash and non-duplicate proposal.,deepseek_paxinos_candidate,approved,Cg2,"cingulate cortex, area 2",kept_for_review_or_manual_approval,219,223,107,unique_imported,,
202,circular nucleus,Cir,circular nucleus,deepseek_paxinos_full_list,Imported from ordered DeepSeek/Paxinos acronym list using V33.8 graph_order/label_id order. Non-dash and non-duplicate proposal.,deepseek_paxinos_candidate,approved,CN_202,circular nucleus,kept_for_review_or_manual_approval,233,116,0,unique_imported,,
203,claustrum,Cl,claustrum,deepseek_paxinos_full_list,Imported from ordered DeepSeek/Paxinos acronym list using V33.8 graph_order/label_id order. Non-dash and non-duplicate proposal.,deepseek_paxinos_candidate,approved,C_203,claustrum,kept_for_review_or_manual_approval,255,234,89,unique_imported,,
204,cuneiform nucleus,CnF,cuneiform nucleus,deepseek_paxinos_full_list,Imported from ordered DeepSeek/Paxinos acronym list using V33.8 graph_order/label_id order. Non-dash and non-duplicate proposal.,deepseek_paxinos_candidate,approved,CN_204,cuneiform nucleus,kept_for_review_or_manual_approval,0,207,255,unique_imported,,
205,"cuneiform nucleus, dorsal part",CnFD,"cuneiform nucleus, dorsal part",deepseek_paxinos_full_list,Imported from ordered DeepSeek/Paxinos acronym list using V33.8 graph_order/label_id order. Non-dash and non-duplicate proposal.,deepseek_paxinos_candidate,approved,CNDP_205,"cuneiform nucleus, dorsal part",kept_for_review_or_manual_approval,0,208,255,unique_imported,,
206,"cuneiform nucleus, intermediate part",CnFI,"cuneiform nucleus, intermediate part",deepseek_paxinos_full_list,Imported from ordered DeepSeek/Paxinos acronym list using V33.8 graph_order/label_id order. Non-dash and non-duplicate proposal.,deepseek_paxinos_candidate,approved,CNIP_206,"cuneiform nucleus, intermediate part",kept_for_review_or_manual_approval,178,240,255,unique_imported,,
207,"cuneiform nucleus, ventral part",CnFV,"cuneiform nucleus, ventral part",deepseek_paxinos_full_list,Imported from ordered DeepSeek/Paxinos acronym list using V33.8 graph_order/label_id order. Non-dash and non-duplicate proposal.,deepseek_paxinos_candidate,approved,CNVP_207,"cuneiform nucleus, ventral part",kept_for_review_or_manual_approval,89,223,255,unique_imported,,
209,copula of the pyramis,Cop,copula of the pyramis,deepseek_paxinos_full_list,Imported from ordered DeepSeek/Paxinos acronym list using V33.8 graph_order/label_id order. Non-dash and non-duplicate proposal.,deepseek_paxinos_candidate,approved,COTP_209,copula of the pyramis,kept_for_review_or_manual_approval,71,255,124,unique_imported,,
210,crus 1 of the ansiform lobule,Crus1,crus 1 of the ansiform lobule,deepseek_paxinos_full_list,Imported from ordered DeepSeek/Paxinos acronym list using V33.8 graph_order/label_id order. Non-dash and non-duplicate proposal.,deepseek_paxinos_candidate,approved,C1OTAL_210,crus 1 of the ansiform lobule,kept_for_review_or_manual_approval,71,233,118,unique_imported,,
211,crus 2 of the ansiform lobule,Crus2,crus 2 of the ansiform lobule,deepseek_paxinos_full_list,Imported from ordered DeepSeek/Paxinos acronym list using V33.8 graph_order/label_id order. Non-dash and non-duplicate proposal.,deepseek_paxinos_candidate,approved,C2OTAL_211,crus 2 of the ansiform lobule,kept_for_review_or_manual_approval,35,223,90,unique_imported,,
212,conterminal nucleus,Con,conterminal nucleus,deepseek_paxinos_full_list,Imported from ordered DeepSeek/Paxinos acronym list using V33.8 graph_order/label_id order. Non-dash and non-duplicate proposal.,deepseek_paxinos_candidate,approved,CN_212,conterminal nucleus,kept_for_review_or_manual_approval,44,255,147,unique_imported,,
213,cuneate nucleus,Cu,cuneate nucleus,deepseek_paxinos_full_list,Imported from ordered DeepSeek/Paxinos acronym list using V33.8 graph_order/label_id order. Non-dash and non-duplicate proposal.,deepseek_paxinos_candidate,approved,CN_213,cuneate nucleus,kept_for_review_or_manual_approval,89,255,144,unique_imported,,
214,"cuneate nucleus, rotundus part",CuR,"cuneate nucleus, rotundus part",deepseek_paxinos_full_list,Imported from ordered DeepSeek/Paxinos acronym list using V33.8 graph_order/label_id order. Non-dash and non-duplicate proposal.,deepseek_paxinos_candidate,approved,CNRP_214,"cuneate nucleus, rotundus part",kept_for_review_or_manual_approval,0,255,81,unique_imported,,
215,cerebral cortex,Cx,cerebral cortex,deepseek_paxinos_full_list,Imported from ordered DeepSeek/Paxinos acronym list using V33.8 graph_order/label_id order. Non-dash and non-duplicate proposal.,deepseek_paxinos_candidate,approved,CC_215,cerebral cortex,kept_for_review_or_manual_approval,251,255,178,unique_imported,,
216,cortex-amygdala transition zone,CxA,cortex-amygdala transition zone,deepseek_paxinos_full_list,Imported from ordered DeepSeek/Paxinos acronym list using V33.8 graph_order/label_id order. Non-dash and non-duplicate proposal.,deepseek_paxinos_candidate,approved,CATZ_216,cortex-amygdala transition zone,kept_for_review_or_manual_approval,212,223,0,unique_imported,,
217,-------,PLG2BC_217,possible_layer_group_217_between_cortex-amygdala transition zon__and__cortex-amygdala transition zon,paxinos_placeholder,"Raw Paxinos label name is placeholder ""-------""; no anatomical acronym assigned. Stable unique placeholder used. | sanitized: placeholder raw label kept non-applying and aligned to current structure metadata",low,do_not_apply,PLG2BC_217,possible_layer_group_217_between_cortex-amygdala transition zon__and__cortex-amygdala transition zon,kept_nonapplying_placeholder_aligned_to_current,247,255,89,,,
218,-------,PLG2BC_218,possible_layer_group_218_between_cortex-amygdala transition zon__and__cortex-amygdala transition zon,paxinos_placeholder,"Raw Paxinos label name is placeholder ""-------""; no anatomical acronym assigned. Stable unique placeholder used. | sanitized: placeholder raw label kept non-applying and aligned to current structure metadata",low,do_not_apply,PLG2BC_218,possible_layer_group_218_between_cortex-amygdala transition zon__and__cortex-amygdala transition zon,kept_nonapplying_placeholder_aligned_to_current,251,255,178,,,
219,-------,PLG2BC_219,possible_layer_group_219_between_cortex-amygdala transition zon__and__cortex-amygdala transition zon,paxinos_placeholder,"Raw Paxinos label name is placeholder ""-------""; no anatomical acronym assigned. Stable unique placeholder used. | sanitized: placeholder raw label kept non-applying and aligned to current structure metadata",low,do_not_apply,PLG2BC_219,possible_layer_group_219_between_cortex-amygdala transition zon__and__cortex-amygdala transition zon,kept_nonapplying_placeholder_aligned_to_current,241,255,0,,,
221,dorsal 3rd ventricle,D3V,dorsal 3rd ventricle,deepseek_paxinos_full_list,Imported from ordered DeepSeek/Paxinos acronym list using V33.8 graph_order/label_id order. Non-dash and non-duplicate proposal.,deepseek_paxinos_candidate,approved,D3V_221,dorsal 3rd ventricle,kept_for_review_or_manual_approval,255,89,184,unique_imported,,
222,dorsal hypothalamic area,DA,dorsal hypothalamic area,deepseek_paxinos_full_list,Imported from ordered DeepSeek/Paxinos acronym list using V33.8 graph_order/label_id order. Non-dash and non-duplicate proposal.,deepseek_paxinos_candidate,approved,DHA_222,dorsal hypothalamic area,kept_for_review_or_manual_approval,255,127,0,unique_imported,,
223,dorsal cochlear nucleus,DC,dorsal cochlear nucleus,deepseek_paxinos_full_list,Imported from ordered DeepSeek/Paxinos acronym list using V33.8 graph_order/label_id order. Non-dash and non-duplicate proposal.,deepseek_paxinos_candidate,approved,DCN_223,dorsal cochlear nucleus,kept_for_review_or_manual_approval,89,204,233,unique_imported,,
224,"dorsal cochlear nucleus, deep core",DCD,"dorsal cochlear nucleus, deep core",deepseek_paxinos_full_list,Imported from ordered DeepSeek/Paxinos acronym list using V33.8 graph_order/label_id order. Non-dash and non-duplicate proposal.,deepseek_paxinos_candidate,approved,DCNDC_224,"dorsal cochlear nucleus, deep core",kept_for_review_or_manual_approval,0,204,255,unique_imported,,
225,"dorsal cochlear nucleus, fusiform layer",DCF,"dorsal cochlear nucleus, fusiform layer",deepseek_paxinos_full_list,Imported from ordered DeepSeek/Paxinos acronym list using V33.8 graph_order/label_id order. Non-dash and non-duplicate proposal.,deepseek_paxinos_candidate,approved,DCNFL_225,"dorsal cochlear nucleus, fusiform layer",kept_for_review_or_manual_approval,0,178,223,unique_imported,,
226,"dorsal cochlear nucleus, granular layer",DCGr,"dorsal cochlear nucleus, granular layer",deepseek_paxinos_full_list,Imported from ordered DeepSeek/Paxinos acronym list using V33.8 graph_order/label_id order. Non-dash and non-duplicate proposal.,deepseek_paxinos_candidate,approved,DCNGL_226,"dorsal cochlear nucleus, granular layer",kept_for_review_or_manual_approval,178,239,255,unique_imported,,
227,dorsal cortex of the inferior colliculus,DCIC,dorsal cortex of the inferior colliculus,deepseek_paxinos_full_list,Imported from ordered DeepSeek/Paxinos acronym list using V33.8 graph_order/label_id order. Non-dash and non-duplicate proposal.,deepseek_paxinos_candidate,approved,DCOTIC_227,dorsal cortex of the inferior colliculus,kept_for_review_or_manual_approval,89,116,255,unique_imported,,
228,"dorsal cochlear nucleus, molecular layer",DCMol,"dorsal cochlear nucleus, molecular layer",deepseek_paxinos_full_list,Imported from ordered DeepSeek/Paxinos acronym list using V33.8 graph_order/label_id order. Non-dash and non-duplicate proposal.,deepseek_paxinos_candidate,approved,DCNML_228,"dorsal cochlear nucleus, molecular layer",kept_for_review_or_manual_approval,89,220,255,unique_imported,,
229,dorsal part of claustrum,DCl,dorsal part of claustrum,deepseek_paxinos_full_list,Imported from ordered DeepSeek/Paxinos acronym list using V33.8 graph_order/label_id order. Non-dash and non-duplicate proposal.,deepseek_paxinos_candidate,approved,DPOC_229,dorsal part of claustrum,kept_for_review_or_manual_approval,255,222,0,unique_imported,,
230,dorsal endopiriform nucleus,DE,dorsal endopiriform nucleus,deepseek_paxinos_full_list,Imported from ordered DeepSeek/Paxinos acronym list using V33.8 graph_order/label_id order. Non-dash and non-duplicate proposal.,deepseek_paxinos_candidate,approved,DEN_230,dorsal endopiriform nucleus,kept_for_review_or_manual_approval,224,233,89,unique_imported,,
231,dentate gyrus,DG,dentate gyrus,deepseek_paxinos_full_list,Imported from ordered DeepSeek/Paxinos acronym list using V33.8 graph_order/label_id order. Non-dash and non-duplicate proposal.,deepseek_paxinos_candidate,approved,DG_231,dentate gyrus,kept_for_review_or_manual_approval,221,255,0,unique_imported,,
232,dysgranular insular cortex,DI,dysgranular insular cortex,deepseek_paxinos_full_list,Imported from ordered DeepSeek/Paxinos acronym list using V33.8 graph_order/label_id order. Non-dash and non-duplicate proposal.,deepseek_paxinos_candidate,approved,DI,dysgranular insular cortex,kept_for_review_or_manual_approval,196,201,35,unique_imported,,
233,dorsal intermediate entorhinal cortex,DIEnt,dorsal intermediate entorhinal cortex,deepseek_paxinos_full_list,Imported from ordered DeepSeek/Paxinos acronym list using V33.8 graph_order/label_id order. Non-dash and non-duplicate proposal.,deepseek_paxinos_candidate,approved,DIEC_233,dorsal intermediate entorhinal cortex,kept_for_review_or_manual_approval,210,233,89,unique_imported,,
234,dorsolateral entorhinal cortex,DLEnt,dorsolateral entorhinal cortex,deepseek_paxinos_full_list,Imported from ordered DeepSeek/Paxinos acronym list using V33.8 graph_order/label_id order. Non-dash and non-duplicate proposal.,deepseek_paxinos_candidate,approved,DEC_234,dorsolateral entorhinal cortex,kept_for_review_or_manual_approval,214,255,0,unique_imported,,
235,dorsal lateral geniculate nucleus,DLG,dorsal lateral geniculate nucleus,deepseek_paxinos_full_list,Imported from ordered DeepSeek/Paxinos acronym list using V33.8 graph_order/label_id order. Non-dash and non-duplicate proposal.,deepseek_paxinos_candidate,approved,DLGN_235,dorsal lateral geniculate nucleus,kept_for_review_or_manual_approval,255,204,71,unique_imported,,
236,dorsal nucleus of the lateral lemniscus,DLL,dorsal nucleus of the lateral lemniscus,deepseek_paxinos_full_list,Imported from ordered DeepSeek/Paxinos acronym list using V33.8 graph_order/label_id order. Non-dash and non-duplicate proposal.,deepseek_paxinos_candidate,approved,DNOTLL_236,dorsal nucleus of the lateral lemniscus,kept_for_review_or_manual_approval,96,71,229,unique_imported,,
237,dorsolateral orbital cortex,DLO,dorsolateral orbital cortex,deepseek_paxinos_full_list,Imported from ordered DeepSeek/Paxinos acronym list using V33.8 graph_order/label_id order. Non-dash and non-duplicate proposal.,deepseek_paxinos_candidate,approved,DLO,dorsolateral orbital cortex,kept_for_review_or_manual_approval,217,223,35,unique_imported,,
238,dorsolateral periaqueductal gray,DLPAG,dorsolateral periaqueductal gray,deepseek_paxinos_full_list,Imported from ordered DeepSeek/Paxinos acronym list using V33.8 graph_order/label_id order. Non-dash and non-duplicate proposal.,deepseek_paxinos_candidate,approved,DPG_238,dorsolateral periaqueductal gray,kept_for_review_or_manual_approval,178,181,255,unique_imported,,
240,dorsomedial hypothalamic nucleus,DM,dorsomedial hypothalamic nucleus,deepseek_paxinos_full_list,Imported from ordered DeepSeek/Paxinos acronym list using V33.8 graph_order/label_id order. Non-dash and non-duplicate proposal.,deepseek_paxinos_candidate,approved,DHN_240,dorsomedial hypothalamic nucleus,kept_for_review_or_manual_approval,255,148,89,unique_imported,,
241,"dorsomedial hypothalamic nucleus, compact part",DMC,"dorsomedial hypothalamic nucleus, compact part",deepseek_paxinos_full_list,Imported from ordered DeepSeek/Paxinos acronym list using V33.8 graph_order/label_id order. Non-dash and non-duplicate proposal.,deepseek_paxinos_candidate,approved,DHNCP_241,"dorsomedial hypothalamic nucleus, compact part",kept_for_review_or_manual_approval,255,89,0,unique_imported,,
242,"dorsomedial hypothalamic nucleus, dorsal part",DMD,"dorsomedial hypothalamic nucleus, dorsal part",deepseek_paxinos_full_list,Imported from ordered DeepSeek/Paxinos acronym list using V33.8 graph_order/label_id order. Non-dash and non-duplicate proposal.,deepseek_paxinos_candidate,approved,DHNDP_242,"dorsomedial hypothalamic nucleus, dorsal part",kept_for_review_or_manual_approval,255,206,178,unique_imported,,
244,dorsomedial periaqueductal gray,DMPAG,dorsomedial periaqueductal gray,deepseek_paxinos_full_list,Imported from ordered DeepSeek/Paxinos acronym list using V33.8 graph_order/label_id order. Non-dash and non-duplicate proposal.,deepseek_paxinos_candidate,approved,DPG_244,dorsomedial periaqueductal gray,kept_for_review_or_manual_approval,59,64,255,unique_imported,,
246,dorsomedial spinal trigeminal nucleus,DMSp5,dorsomedial spinal trigeminal nucleus,deepseek_paxinos_full_list,Imported from ordered DeepSeek/Paxinos acronym list using V33.8 graph_order/label_id order. Non-dash and non-duplicate proposal.,deepseek_paxinos_candidate,approved,DSTN_246,dorsomedial spinal trigeminal nucleus,kept_for_review_or_manual_approval,0,223,208,unique_imported,,
248,dorsomedial tegmental area,DMTg,dorsomedial tegmental area,deepseek_paxinos_full_list,Imported from ordered DeepSeek/Paxinos acronym list using V33.8 graph_order/label_id order. Non-dash and non-duplicate proposal.,deepseek_paxinos_candidate,approved,DTA_248,dorsomedial tegmental area,kept_for_review_or_manual_approval,0,232,233,unique_imported,,
249,"dorsomedial hypothalamic nucleus, ventral part",DMV,"dorsomedial hypothalamic nucleus, ventral part",deepseek_paxinos_full_list,Imported from ordered DeepSeek/Paxinos acronym list using V33.8 graph_order/label_id order. Non-dash and non-duplicate proposal.,deepseek_paxinos_candidate,approved,DHNVP_249,"dorsomedial hypothalamic nucleus, ventral part",kept_for_review_or_manual_approval,255,105,0,unique_imported,,
250,dorsal peduncular cortex,DP,dorsal peduncular cortex,deepseek_paxinos_full_list,Imported from ordered DeepSeek/Paxinos acronym list using V33.8 graph_order/label_id order. Non-dash and non-duplicate proposal.,deepseek_paxinos_candidate,approved,DPC_250,dorsal peduncular cortex,kept_for_review_or_manual_approval,246,255,0,unique_imported,,
251,dorsal paragigantocellular nucleus,DPGi,dorsal paragigantocellular nucleus,deepseek_paxinos_full_list,Imported from ordered DeepSeek/Paxinos acronym list using V33.8 graph_order/label_id order. Non-dash and non-duplicate proposal.,deepseek_paxinos_candidate,approved,DPN_251,dorsal paragigantocellular nucleus,kept_for_review_or_manual_approval,76,210,255,unique_imported,,
252,dorsal periolivary region,DPO,dorsal periolivary region,deepseek_paxinos_full_list,Imported from ordered DeepSeek/Paxinos acronym list using V33.8 graph_order/label_id order. Non-dash and non-duplicate proposal.,deepseek_paxinos_candidate,approved,DPR_252,dorsal periolivary region,kept_for_review_or_manual_approval,153,205,223,unique_imported,,
253,dorsal peduncular pontine nucleus,DPPn,dorsal peduncular pontine nucleus,deepseek_paxinos_full_list,Imported from ordered DeepSeek/Paxinos acronym list using V33.8 graph_order/label_id order. Non-dash and non-duplicate proposal.,deepseek_paxinos_candidate,approved,DPPN_253,dorsal peduncular pontine nucleus,kept_for_review_or_manual_approval,59,255,200,unique_imported,,
254,dorsal raphe nucleus,DR,dorsal raphe nucleus,deepseek_paxinos_full_list,Imported from ordered DeepSeek/Paxinos acronym list using V33.8 graph_order/label_id order. Non-dash and non-duplicate proposal.,deepseek_paxinos_candidate,approved,DRN_254,dorsal raphe nucleus,kept_for_review_or_manual_approval,0,255,204,unique_imported,,
256,"dorsal raphe nucleus, caudal part",DRC,"dorsal raphe nucleus, caudal part",deepseek_paxinos_full_list,Imported from ordered DeepSeek/Paxinos acronym list using V33.8 graph_order/label_id order. Non-dash and non-duplicate proposal.,deepseek_paxinos_candidate,approved,DRNCP_256,"dorsal raphe nucleus, caudal part",kept_for_review_or_manual_approval,178,255,239,unique_imported,,
257,"dorsal raphe nucleus, dorsal part",DRD,"dorsal raphe nucleus, dorsal part",deepseek_paxinos_full_list,Imported from ordered DeepSeek/Paxinos acronym list using V33.8 graph_order/label_id order. Non-dash and non-duplicate proposal.,deepseek_paxinos_candidate,approved,DRNDP_257,"dorsal raphe nucleus, dorsal part",kept_for_review_or_manual_approval,89,233,204,unique_imported,,
258,"dorsal raphe, interfascicular part",DRI,"dorsal raphe, interfascicular part",deepseek_paxinos_full_list,Imported from ordered DeepSeek/Paxinos acronym list using V33.8 graph_order/label_id order. Non-dash and non-duplicate proposal.,deepseek_paxinos_candidate,approved,DRIP_258,"dorsal raphe, interfascicular part",kept_for_review_or_manual_approval,0,233,186,unique_imported,,
259,"dorsal raphe nucleus, lateral part",DRL,"dorsal raphe nucleus, lateral part",deepseek_paxinos_full_list,Imported from ordered DeepSeek/Paxinos acronym list using V33.8 graph_order/label_id order. Non-dash and non-duplicate proposal.,deepseek_paxinos_candidate,approved,DRNLP_259,"dorsal raphe nucleus, lateral part",kept_for_review_or_manual_approval,89,255,222,unique_imported,,
260,"dorsal raphe nucleus, ventral part",DRV,"dorsal raphe nucleus, ventral part",deepseek_paxinos_full_list,Imported from ordered DeepSeek/Paxinos acronym list using V33.8 graph_order/label_id order. Non-dash and non-duplicate proposal.,deepseek_paxinos_candidate,approved,DRNVP_260,"dorsal raphe nucleus, ventral part",kept_for_review_or_manual_approval,0,255,206,unique_imported,,
261,dorsal subiculum,DS,dorsal subiculum,deepseek_paxinos_full_list,Imported from ordered DeepSeek/Paxinos acronym list using V33.8 graph_order/label_id order. Non-dash and non-duplicate proposal.,deepseek_paxinos_candidate,approved,DS_261,dorsal subiculum,kept_for_review_or_manual_approval,211,255,0,unique_imported,,
262,dorsal terminal nucleus of the accessory optic tract,DT,dorsal terminal nucleus of the accessory optic tract,deepseek_paxinos_full_list,Imported from ordered DeepSeek/Paxinos acronym list using V33.8 graph_order/label_id order. Non-dash and non-duplicate proposal.,deepseek_paxinos_candidate,approved,DTNOTA_262,dorsal terminal nucleus of the accessory optic tract,kept_for_review_or_manual_approval,89,35,225,unique_imported,,
263,dorsal tuberomammillary nucleus,DTM,dorsal tuberomammillary nucleus,deepseek_paxinos_full_list,Imported from ordered DeepSeek/Paxinos acronym list using V33.8 graph_order/label_id order. Non-dash and non-duplicate proposal.,deepseek_paxinos_candidate,approved,DTN_263,dorsal tuberomammillary nucleus,kept_for_review_or_manual_approval,255,215,178,unique_imported,,
264,dorsal tenia tecta,DTT,dorsal tenia tecta,deepseek_paxinos_full_list,Imported from ordered DeepSeek/Paxinos acronym list using V33.8 graph_order/label_id order. Non-dash and non-duplicate proposal.,deepseek_paxinos_candidate,approved,DTT_264,dorsal tenia tecta,kept_for_review_or_manual_approval,235,255,178,unique_imported,,
265,-------,USOL2B_265,unresolved_small_or_local_265_between_dorsal tenia tecta__and__dorsal tegmental nucleus,paxinos_placeholder,"Raw Paxinos label name is placeholder ""-------""; no anatomical acronym assigned. Stable unique placeholder used. | sanitized: placeholder raw label kept non-applying and aligned to current structure metadata",low,do_not_apply,USOL2B_265,unresolved_small_or_local_265_between_dorsal tenia tecta__and__dorsal tegmental nucleus,kept_nonapplying_placeholder_aligned_to_current,235,255,178,,,
266,-------,USOL2B_266,unresolved_small_or_local_266_between_dorsal tenia tecta__and__dorsal tegmental nucleus,paxinos_placeholder,"Raw Paxinos label name is placeholder ""-------""; no anatomical acronym assigned. Stable unique placeholder used. | sanitized: placeholder raw label kept non-applying and aligned to current structure metadata",low,do_not_apply,USOL2B_266,unresolved_small_or_local_266_between_dorsal tenia tecta__and__dorsal tegmental nucleus,kept_nonapplying_placeholder_aligned_to_current,191,255,0,,,
267,-------,USOL2B_267,unresolved_small_or_local_267_between_dorsal tenia tecta__and__dorsal tegmental nucleus,paxinos_placeholder,"Raw Paxinos label name is placeholder ""-------""; no anatomical acronym assigned. Stable unique placeholder used. | sanitized: placeholder raw label kept non-applying and aligned to current structure metadata",low,do_not_apply,USOL2B_267,unresolved_small_or_local_267_between_dorsal tenia tecta__and__dorsal tegmental nucleus,kept_nonapplying_placeholder_aligned_to_current,166,223,0,,,
268,-------,USOL2B_268,unresolved_small_or_local_268_between_dorsal tenia tecta__and__dorsal tegmental nucleus,paxinos_placeholder,"Raw Paxinos label name is placeholder ""-------""; no anatomical acronym assigned. Stable unique placeholder used. | sanitized: placeholder raw label kept non-applying and aligned to current structure metadata",low,do_not_apply,USOL2B_268,unresolved_small_or_local_268_between_dorsal tenia tecta__and__dorsal tegmental nucleus,kept_nonapplying_placeholder_aligned_to_current,212,255,89,,,
269,dorsal tegmental nucleus,DTg,dorsal tegmental nucleus,deepseek_paxinos_full_list,Imported from ordered DeepSeek/Paxinos acronym list using V33.8 graph_order/label_id order. Non-dash and non-duplicate proposal.,deepseek_paxinos_candidate,approved,DTN_269,dorsal tegmental nucleus,kept_for_review_or_manual_approval,44,216,108,unique_imported,,
270,"dorsal tegmental nucleus, central part",DTgC,"dorsal tegmental nucleus, central part",deepseek_paxinos_full_list,Imported from ordered DeepSeek/Paxinos acronym list using V33.8 graph_order/label_id order. Non-dash and non-duplicate proposal.,deepseek_paxinos_candidate,approved,DTNCP_270,"dorsal tegmental nucleus, central part",kept_for_review_or_manual_approval,178,255,206,unique_imported,,
271,"dorsal tegmental nucleus, pericentral part",DTgP,"dorsal tegmental nucleus, pericentral part",deepseek_paxinos_full_list,Imported from ordered DeepSeek/Paxinos acronym list using V33.8 graph_order/label_id order. Non-dash and non-duplicate proposal.,deepseek_paxinos_candidate,approved,DTNPP_271,"dorsal tegmental nucleus, pericentral part",kept_for_review_or_manual_approval,0,255,96,unique_imported,,
272,dorsal transition zone,DTz,dorsal transition zone,deepseek_paxinos_full_list,Imported from ordered DeepSeek/Paxinos acronym list using V33.8 graph_order/label_id order. Non-dash and non-duplicate proposal.,deepseek_paxinos_candidate,approved,DTZ_272,dorsal transition zone,kept_for_review_or_manual_approval,132,107,195,unique_imported,,
273,Diencephalon,DIEN,Diencephalon,manual_common_neuroanatomy,broad diencephalon abbreviation,high,approved,D_273,Diencephalon,kept_for_review_or_manual_approval,255,126,0,,,
274,nucleus of Darkschewitsch,Dk,nucleus of Darkschewitsch,deepseek_paxinos_full_list,Imported from ordered DeepSeek/Paxinos acronym list using V33.8 graph_order/label_id order. Non-dash and non-duplicate proposal.,deepseek_paxinos_candidate,approved,NOD_274,nucleus of Darkschewitsch,kept_for_review_or_manual_approval,0,4,233,unique_imported,,
275,deep gray layer of the superior colliculus,DpG,deep gray layer of the superior colliculus,deepseek_paxinos_full_list,Imported from ordered DeepSeek/Paxinos acronym list using V33.8 graph_order/label_id order. Non-dash and non-duplicate proposal.,deepseek_paxinos_candidate,approved,DGLOTS_275,deep gray layer of the superior colliculus,kept_for_review_or_manual_approval,63,59,233,unique_imported,,
277,deep white layer of the superior colliculus,DpWh,deep white layer of the superior colliculus,deepseek_paxinos_full_list,Imported from ordered DeepSeek/Paxinos acronym list using V33.8 graph_order/label_id order. Non-dash and non-duplicate proposal.,deepseek_paxinos_candidate,approved,DWLOTS_277,deep white layer of the superior colliculus,kept_for_review_or_manual_approval,7,0,255,unique_imported,,
278,ependyma and subependymal layer,Ep,ependyma and subependymal layer,deepseek_paxinos_full_list,Imported from ordered DeepSeek/Paxinos acronym list using V33.8 graph_order/label_id order. Non-dash and non-duplicate proposal.,deepseek_paxinos_candidate,approved,EASL_278,ependyma and subependymal layer,kept_for_review_or_manual_approval,255,0,69,unique_imported,,
279,ependymal and subendymal layer/olfactory ventricle,E/OLV,ependymal and subendymal layer/olfactory ventricle,deepseek_paxinos_full_list,Imported from ordered DeepSeek/Paxinos acronym list using V33.8 graph_order/label_id order. Non-dash and non-duplicate proposal.,deepseek_paxinos_candidate,approved,EASLOV_279,ependymal and subendymal layer/olfactory ventricle,kept_for_review_or_manual_approval,255,178,208,unique_imported,,
280,ectotrigeminal nucleus,Ect5,ectotrigeminal nucleus,deepseek_paxinos_full_list,Imported from ordered DeepSeek/Paxinos acronym list using V33.8 graph_order/label_id order. Non-dash and non-duplicate proposal.,deepseek_paxinos_candidate,approved,EN_280,ectotrigeminal nucleus,kept_for_review_or_manual_approval,75,11,233,unique_imported,,
281,sublenticular extended amygdala,SLEA,sublenticular extended amygdala,deepseek_paxinos_full_list,Imported from ordered DeepSeek/Paxinos acronym list using V33.8 graph_order/label_id order. Non-dash and non-duplicate proposal.,deepseek_paxinos_candidate,approved,SEA_281,sublenticular extended amygdala,kept_for_review_or_manual_approval,233,148,118,unique_imported,,
282,"sublenticular extended amygdala, central part",SLEAC,"sublenticular extended amygdala, central part",deepseek_paxinos_full_list,Imported from ordered DeepSeek/Paxinos acronym list using V33.8 graph_order/label_id order. Non-dash and non-duplicate proposal.,deepseek_paxinos_candidate,approved,SEACP_282,"sublenticular extended amygdala, central part",kept_for_review_or_manual_approval,255,197,178,unique_imported,,
283,"sublenticular extended amygdala, medial part",SLEAM,"sublenticular extended amygdala, medial part",deepseek_paxinos_full_list,Imported from ordered DeepSeek/Paxinos acronym list using V33.8 graph_order/label_id order. Non-dash and non-duplicate proposal.,deepseek_paxinos_candidate,approved,SEAMP_283,"sublenticular extended amygdala, medial part",kept_for_review_or_manual_approval,255,65,0,unique_imported,,
284,external cortex of the inferior colliculus,ECIC,external cortex of the inferior colliculus,deepseek_paxinos_full_list,Imported from ordered DeepSeek/Paxinos acronym list using V33.8 graph_order/label_id order. Non-dash and non-duplicate proposal.,deepseek_paxinos_candidate,approved,ECOTIC_284,external cortex of the inferior colliculus,kept_for_review_or_manual_approval,0,53,255,unique_imported,,
285,-------,PCOP2B_285,possible_container_or_parent_285_between_external cortex of the inferio__and__external cuneate nucleus,paxinos_placeholder,"Raw Paxinos label name is placeholder ""-------""; no anatomical acronym assigned. Stable unique placeholder used. | sanitized: placeholder raw label kept non-applying and aligned to current structure metadata",low,do_not_apply,PCOP2B_285,possible_container_or_parent_285_between_external cortex of the inferio__and__external cuneate nucleus,kept_nonapplying_placeholder_aligned_to_current,178,195,255,,,
286,-------,PCOP2B_286,possible_container_or_parent_286_between_external cortex of the inferio__and__external cuneate nucleus,paxinos_placeholder,"Raw Paxinos label name is placeholder ""-------""; no anatomical acronym assigned. Stable unique placeholder used. | sanitized: placeholder raw label kept non-applying and aligned to current structure metadata",low,do_not_apply,PCOP2B_286,possible_container_or_parent_286_between_external cortex of the inferio__and__external cuneate nucleus,kept_nonapplying_placeholder_aligned_to_current,0,54,255,,,
287,-------,PCOP2B_287,possible_container_or_parent_287_between_external cortex of the inferio__and__external cuneate nucleus,paxinos_placeholder,"Raw Paxinos label name is placeholder ""-------""; no anatomical acronym assigned. Stable unique placeholder used. | sanitized: placeholder raw label kept non-applying and aligned to current structure metadata",low,do_not_apply,PCOP2B_287,possible_container_or_parent_287_between_external cortex of the inferio__and__external cuneate nucleus,kept_nonapplying_placeholder_aligned_to_current,89,122,255,,,
289,external cuneate nucleus,ECu,external cuneate nucleus,deepseek_paxinos_full_list,Imported from ordered DeepSeek/Paxinos acronym list using V33.8 graph_order/label_id order. Non-dash and non-duplicate proposal.,deepseek_paxinos_candidate,approved,ECN_289,external cuneate nucleus,kept_for_review_or_manual_approval,178,255,204,unique_imported,,
290,epifascicular nucleus,EF,epifascicular nucleus,deepseek_paxinos_full_list,Imported from ordered DeepSeek/Paxinos acronym list using V33.8 graph_order/label_id order. Non-dash and non-duplicate proposal.,deepseek_paxinos_candidate,approved,EN_290,epifascicular nucleus,kept_for_review_or_manual_approval,95,35,242,unique_imported,,
291,epilemniscal nucleus,ELM,epilemniscal nucleus,deepseek_paxinos_full_list,Imported from ordered DeepSeek/Paxinos acronym list using V33.8 graph_order/label_id order. Non-dash and non-duplicate proposal.,deepseek_paxinos_candidate,approved,EN_291,epilemniscal nucleus,kept_for_review_or_manual_approval,69,35,242,unique_imported,,
293,entopeduncular nucleus,EP,entopeduncular nucleus,deepseek_paxinos_full_list,Imported from ordered DeepSeek/Paxinos acronym list using V33.8 graph_order/label_id order. Non-dash and non-duplicate proposal.,deepseek_paxinos_candidate,approved,EN_293,entopeduncular nucleus,kept_for_review_or_manual_approval,125,83,229,unique_imported,,
294,external plexiform layer of the olfactory bulb,EPl,external plexiform layer of the olfactory bulb,deepseek_paxinos_full_list,Imported from ordered DeepSeek/Paxinos acronym list using V33.8 graph_order/label_id order. Non-dash and non-duplicate proposal.,deepseek_paxinos_candidate,approved,EPLOTO_294,external plexiform layer of the olfactory bulb,kept_for_review_or_manual_approval,216,255,89,unique_imported,,
295,external plexiform layer of the accessory olfactory bulb,EPlA,external plexiform layer of the accessory olfactory bulb,deepseek_paxinos_full_list,Imported from ordered DeepSeek/Paxinos acronym list using V33.8 graph_order/label_id order. Non-dash and non-duplicate proposal.,deepseek_paxinos_candidate,approved,EPLOTA_295,external plexiform layer of the accessory olfactory bulb,kept_for_review_or_manual_approval,198,255,0,unique_imported,,
296,epirubrospinal nucleus,ERSp,epirubrospinal nucleus,deepseek_paxinos_full_list,Imported from ordered DeepSeek/Paxinos acronym list using V33.8 graph_order/label_id order. Non-dash and non-duplicate proposal.,deepseek_paxinos_candidate,approved,EN_296,epirubrospinal nucleus,kept_for_review_or_manual_approval,51,168,207,unique_imported,,
297,episupraoptic nucleus,ESO,episupraoptic nucleus,deepseek_paxinos_full_list,Imported from ordered DeepSeek/Paxinos acronym list using V33.8 graph_order/label_id order. Non-dash and non-duplicate proposal.,deepseek_paxinos_candidate,approved,EN_297,episupraoptic nucleus,kept_for_review_or_manual_approval,82,23,225,unique_imported,,
298,nucleus of origin of efferents of the vestibular nerve,EVe,nucleus of origin of efferents of the vestibular nerve,deepseek_paxinos_full_list,Imported from ordered DeepSeek/Paxinos acronym list using V33.8 graph_order/label_id order. Non-dash and non-duplicate proposal.,deepseek_paxinos_candidate,approved,NOOOEO_298,nucleus of origin of efferents of the vestibular nerve,kept_for_review_or_manual_approval,51,161,199,unique_imported,,
299,Edinger-Westphal nucleus,EW,Edinger-Westphal nucleus,deepseek_paxinos_full_list,Imported from ordered DeepSeek/Paxinos acronym list using V33.8 graph_order/label_id order. Non-dash and non-duplicate proposal.,deepseek_paxinos_candidate,approved,EWN_299,Edinger-Westphal nucleus,kept_for_review_or_manual_approval,131,107,255,unique_imported,,
300,ectorhinal cortex,Ect,ectorhinal cortex,deepseek_paxinos_full_list,Imported from ordered DeepSeek/Paxinos acronym list using V33.8 graph_order/label_id order. Non-dash and non-duplicate proposal.,deepseek_paxinos_candidate,approved,Ect,ectorhinal cortex,kept_for_review_or_manual_approval,249,255,71,unique_imported,,
301,entorhinal cortex,Ent,entorhinal cortex,deepseek_paxinos_full_list,Imported from ordered DeepSeek/Paxinos acronym list using V33.8 graph_order/label_id order. Non-dash and non-duplicate proposal.,deepseek_paxinos_candidate,approved,EC_301,entorhinal cortex,kept_for_review_or_manual_approval,242,255,178,unique_imported,,
302,epipeduncular nucleus,EPD,epipeduncular nucleus,deepseek_paxinos_full_list,Imported from ordered DeepSeek/Paxinos acronym list using V33.8 graph_order/label_id order. Non-dash and non-duplicate proposal.,deepseek_paxinos_candidate,approved,EN_302,epipeduncular nucleus,kept_for_review_or_manual_approval,106,59,220,unique_imported,,
304,ethmoid thalamic nucleus,Eth,ethmoid thalamic nucleus,deepseek_paxinos_full_list,Imported from ordered DeepSeek/Paxinos acronym list using V33.8 graph_order/label_id order. Non-dash and non-duplicate proposal.,deepseek_paxinos_candidate,approved,ETN_304,ethmoid thalamic nucleus,kept_for_review_or_manual_approval,233,179,35,unique_imported,,
305,nucleus of the fields of Forel,FF,nucleus of the fields of Forel,deepseek_paxinos_full_list,Imported from ordered DeepSeek/Paxinos acronym list using V33.8 graph_order/label_id order. Non-dash and non-duplicate proposal.,deepseek_paxinos_candidate,approved,NOTFOF_305,nucleus of the fields of Forel,kept_for_review_or_manual_approval,233,162,89,unique_imported,,
307,fasciola cinereum,FC,fasciola cinereum,deepseek_paxinos_full_list,Imported from ordered DeepSeek/Paxinos acronym list using V33.8 graph_order/label_id order. Non-dash and non-duplicate proposal.,deepseek_paxinos_candidate,approved,FC_307,fasciola cinereum,kept_for_review_or_manual_approval,218,255,0,unique_imported,,
308,-------,USOL3B_308,unresolved_small_or_local_308_between_fasciola cinereum__and__F cell group of the vestibular,paxinos_placeholder,"Raw Paxinos label name is placeholder ""-------""; no anatomical acronym assigned. Stable unique placeholder used. | sanitized: placeholder raw label kept non-applying and aligned to current structure metadata",low,do_not_apply,USOL3B_308,unresolved_small_or_local_308_between_fasciola cinereum__and__F cell group of the vestibular,kept_nonapplying_placeholder_aligned_to_current,158,118,255,,,
309,F cell group of the vestibular complex,F,F cell group of the vestibular complex,deepseek_paxinos_full_list,Imported from ordered DeepSeek/Paxinos acronym list using V33.8 graph_order/label_id order. Non-dash and non-duplicate proposal.,deepseek_paxinos_candidate,approved,FCGOTV_309,F cell group of the vestibular complex,kept_for_review_or_manual_approval,76,180,215,unique_imported,,
310,flocculus,Fl,flocculus,deepseek_paxinos_full_list,Imported from ordered DeepSeek/Paxinos acronym list using V33.8 graph_order/label_id order. Non-dash and non-duplicate proposal.,deepseek_paxinos_candidate,approved,F_310,flocculus,kept_for_review_or_manual_approval,71,212,112,unique_imported,,
311,"frontal cortex, area 3",Fr3,"frontal cortex, area 3",deepseek_paxinos_full_list,Imported from ordered DeepSeek/Paxinos acronym list using V33.8 graph_order/label_id order. Non-dash and non-duplicate proposal.,deepseek_paxinos_candidate,approved,Fr3,"frontal cortex, area 3",kept_for_review_or_manual_approval,229,233,107,unique_imported,,
312,frontal association cortex,FrA,frontal association cortex,deepseek_paxinos_full_list,Imported from ordered DeepSeek/Paxinos acronym list using V33.8 graph_order/label_id order. Non-dash and non-duplicate proposal.,deepseek_paxinos_candidate,approved,FrA,frontal assocn cortex,kept_for_review_or_manual_approval,123,71,250,unique_imported,,
313,"bed nucleus of stria terminalis, fusiform part",BSTFu,"bed nucleus of stria terminalis, fusiform part",deepseek_paxinos_full_list,Imported from ordered DeepSeek/Paxinos acronym list using V33.8 graph_order/label_id order. Non-dash and non-duplicate proposal.,deepseek_paxinos_candidate,approved,BNOSTF_313,"bed nucleus of stria terminalis, fusiform part",kept_for_review_or_manual_approval,73,11,220,unique_imported,,
314,granular insular cortex,GI,granular insular cortex,deepseek_paxinos_full_list,Imported from ordered DeepSeek/Paxinos acronym list using V33.8 graph_order/label_id order. Non-dash and non-duplicate proposal.,deepseek_paxinos_candidate,approved,GI,granular insular cortex,kept_for_review_or_manual_approval,195,201,0,unique_imported,,
315,globus pallidus,GP,globus pallidus,deepseek_paxinos_full_list,Imported from ordered DeepSeek/Paxinos acronym list using V33.8 graph_order/label_id order. Non-dash and non-duplicate proposal.,deepseek_paxinos_candidate,approved,GP_315,globus pallidus,kept_for_review_or_manual_approval,255,248,178,unique_imported,,
316,gemini hypothalamic nucleus,Gem,gemini hypothalamic nucleus,deepseek_paxinos_full_list,Imported from ordered DeepSeek/Paxinos acronym list using V33.8 graph_order/label_id order. Non-dash and non-duplicate proposal.,deepseek_paxinos_candidate,approved,GHN_316,gemini hypothalamic nucleus,kept_for_review_or_manual_approval,59,0,203,unique_imported,,
317,gigantocellular reticular nucleus,Gi,gigantocellular reticular nucleus,deepseek_paxinos_full_list,Imported from ordered DeepSeek/Paxinos acronym list using V33.8 graph_order/label_id order. Non-dash and non-duplicate proposal.,deepseek_paxinos_candidate,approved,GRN_317,gigantocellular reticular nucleus,kept_for_review_or_manual_approval,89,203,136,unique_imported,,
318,"gigantocellular reticular nucleus, alpha part",GiA,"gigantocellular reticular nucleus, alpha part",deepseek_paxinos_full_list,Imported from ordered DeepSeek/Paxinos acronym list using V33.8 graph_order/label_id order. Non-dash and non-duplicate proposal.,deepseek_paxinos_candidate,approved,GRNAP_318,"gigantocellular reticular nucleus, alpha part",kept_for_review_or_manual_approval,178,255,209,unique_imported,,
319,"gigantocellular reticular nucleus, ventral part",GiV,"gigantocellular reticular nucleus, ventral part",deepseek_paxinos_full_list,Imported from ordered DeepSeek/Paxinos acronym list using V33.8 graph_order/label_id order. Non-dash and non-duplicate proposal.,deepseek_paxinos_candidate,approved,GRNVP_319,"gigantocellular reticular nucleus, ventral part",kept_for_review_or_manual_approval,0,255,107,unique_imported,,
320,glomerular layer of the olfactory bulb,Gl,glomerular layer of the olfactory bulb,deepseek_paxinos_full_list,Imported from ordered DeepSeek/Paxinos acronym list using V33.8 graph_order/label_id order. Non-dash and non-duplicate proposal.,deepseek_paxinos_candidate,approved,GLOTOB_320,glomerular layer of the olfactory bulb,kept_for_review_or_manual_approval,199,233,89,unique_imported,,
321,glomerular layer of the accessory olfactory bulb,GlA,glomerular layer of the accessory olfactory bulb,deepseek_paxinos_full_list,Imported from ordered DeepSeek/Paxinos acronym list using V33.8 graph_order/label_id order. Non-dash and non-duplicate proposal.,deepseek_paxinos_candidate,approved,GLOTAO_321,glomerular layer of the accessory olfactory bulb,kept_for_review_or_manual_approval,217,255,89,unique_imported,,
322,gracile nucleus,Gr,gracile nucleus,deepseek_paxinos_full_list,Imported from ordered DeepSeek/Paxinos acronym list using V33.8 graph_order/label_id order. Non-dash and non-duplicate proposal.,deepseek_paxinos_candidate,approved,GN_322,gracile nucleus,kept_for_review_or_manual_approval,44,223,132,unique_imported,,
323,granule cell layer of the accessory olfactory bulb,GrA,granule cell layer of the accessory olfactory bulb,deepseek_paxinos_full_list,Imported from ordered DeepSeek/Paxinos acronym list using V33.8 graph_order/label_id order. Non-dash and non-duplicate proposal.,deepseek_paxinos_candidate,approved,GCLOTA_323,granule cell layer of the accessory olfactory bulb,kept_for_review_or_manual_approval,172,223,0,unique_imported,,
324,granule cell layer of cochlear nuclei,GrCN,granule cell layer of cochlear nuclei,deepseek_paxinos_full_list,Imported from ordered DeepSeek/Paxinos acronym list using V33.8 graph_order/label_id order. Non-dash and non-duplicate proposal.,deepseek_paxinos_candidate,approved,GCLOCN_324,granule cell layer of cochlear nuclei,kept_for_review_or_manual_approval,72,0,246,unique_imported,,
325,granule cell layer of the cerebellum,GrCb,granule cell layer of the cerebellum,deepseek_paxinos_full_list,Imported from ordered DeepSeek/Paxinos acronym list using V33.8 graph_order/label_id order. Non-dash and non-duplicate proposal.,deepseek_paxinos_candidate,approved,GCLOTC_325,granule cell layer of the cerebellum,kept_for_review_or_manual_approval,115,83,191,unique_imported,,
326,granular layer of the dentate gyrus,GrDG,granular layer of the dentate gyrus,deepseek_paxinos_full_list,Imported from ordered DeepSeek/Paxinos acronym list using V33.8 graph_order/label_id order. Non-dash and non-duplicate proposal.,deepseek_paxinos_candidate,approved,GLOTDG_326,granular layer of the dentate gyrus,kept_for_review_or_manual_approval,222,255,0,unique_imported,,
327,granular cell layer of the olfactory bulb,GrO,granular cell layer of the olfactory bulb,deepseek_paxinos_full_list,Imported from ordered DeepSeek/Paxinos acronym list using V33.8 graph_order/label_id order. Non-dash and non-duplicate proposal.,deepseek_paxinos_candidate,approved,GCLOTO_327,granular cell layer of the olfactory bulb,kept_for_review_or_manual_approval,236,255,178,unique_imported,,
328,hindbrain,Hb,hindbrain,deepseek_paxinos_full_list,Imported from ordered DeepSeek/Paxinos acronym list using V33.8 graph_order/label_id order. Non-dash and non-duplicate proposal.,deepseek_paxinos_candidate,approved,H_328,hindbrain,kept_for_review_or_manual_approval,118,255,212,unique_imported,,
329,nucleus of the horizontal limb of the diagonal band,HDB,nucleus of the horizontal limb of the diagonal band,deepseek_paxinos_full_list,Imported from ordered DeepSeek/Paxinos acronym list using V33.8 graph_order/label_id order. Non-dash and non-duplicate proposal.,deepseek_paxinos_candidate,approved,NOTHLO_329,nucleus of the horizontal limb of the diagonal band,kept_for_review_or_manual_approval,131,233,0,unique_imported,,
330,hippocampus,HP,hippocampus,deepseek_paxinos_full_list_duplicate_conflict,DeepSeek/Paxinos full-list proposal produced a duplicate acronym; left pending for manual disambiguation. | V33.9b: non-approved duplicate proposal sanitized to a unique non-applied placeholder/current acronym so strict resource validator can pass; review_status was preserved.,conflict,approved,H_330,hippocampus,kept_for_review_or_manual_approval,244,255,178,duplicate_conflict_not_auto_approved; v33_9b_pending_duplicate_sanitized_to_unique_current_acronym,manual_chat_curation_2026-06-23,approved_common_parent_region_acronym
331,hippocampal formation,HF,hippocampal formation,deepseek_paxinos_full_list,Imported from ordered DeepSeek/Paxinos acronym list using V33.8 graph_order/label_id order. Non-dash and non-duplicate proposal.,deepseek_paxinos_candidate,approved,HF_331,hippocampal formation,kept_for_review_or_manual_approval,233,255,118,unique_imported,,
332,hypothalamus,HY,hypothalamus,deepseek_paxinos_full_list_duplicate_conflict,DeepSeek/Paxinos full-list proposal produced a duplicate acronym; left pending for manual disambiguation. | V33.9b: non-approved duplicate proposal sanitized to a unique non-applied placeholder/current acronym so strict resource validator can pass; review_status was preserved.,conflict,approved,H_332,hypothalamus,kept_for_review_or_manual_approval,255,110,0,duplicate_conflict_not_auto_approved; v33_9b_pending_duplicate_sanitized_to_unique_current_acronym,manual_chat_curation_2026-06-23,approved_common_parent_region_acronym
333,intercalated nuclei of the amygdala,I,intercalated nuclei of the amygdala,deepseek_paxinos_full_list,Imported from ordered DeepSeek/Paxinos acronym list using V33.8 graph_order/label_id order. Non-dash and non-duplicate proposal.,deepseek_paxinos_candidate,approved,INOTA_333,intercalated nuclei of the amygdala,kept_for_review_or_manual_approval,255,198,178,unique_imported,,
335,interstitial nucleus of the vestibulocochlear nerve,In8,interstitial nucleus of the vestibulocochlear nerve,deepseek_paxinos_full_list,Imported from ordered DeepSeek/Paxinos acronym list using V33.8 graph_order/label_id order. Non-dash and non-duplicate proposal.,deepseek_paxinos_candidate,approved,INOTVN_335,interstitial nucleus of the vestibulocochlear nerve,kept_for_review_or_manual_approval,63,0,216,unique_imported,,
336,interanterodorsal thalamic nucleus,IAD,interanterodorsal thalamic nucleus,deepseek_paxinos_full_list,Imported from ordered DeepSeek/Paxinos acronym list using V33.8 graph_order/label_id order. Non-dash and non-duplicate proposal.,deepseek_paxinos_candidate,approved,ITN_336,interanterodorsal thalamic nucleus,kept_for_review_or_manual_approval,212,154,0,unique_imported,,
337,interanteromedial thalamic nucleus,IAM,interanteromedial thalamic nucleus,deepseek_paxinos_full_list,Imported from ordered DeepSeek/Paxinos acronym list using V33.8 graph_order/label_id order. Non-dash and non-duplicate proposal.,deepseek_paxinos_candidate,approved,ITN_337,interanteromedial thalamic nucleus,kept_for_review_or_manual_approval,223,172,35,unique_imported,,
338,interstitial nucleus of the medulla,InMd,interstitial nucleus of the medulla,deepseek_paxinos_full_list,Imported from ordered DeepSeek/Paxinos acronym list using V33.8 graph_order/label_id order. Non-dash and non-duplicate proposal.,deepseek_paxinos_candidate,approved,INOTM_338,interstitial nucleus of the medulla,kept_for_review_or_manual_approval,100,47,225,unique_imported,,
339,inferior colliculus,IC,inferior colliculus,deepseek_paxinos_full_list,Imported from ordered DeepSeek/Paxinos acronym list using V33.8 graph_order/label_id order. Non-dash and non-duplicate proposal.,deepseek_paxinos_candidate,approved,IC_339,inferior colliculus,kept_for_review_or_manual_approval,0,48,255,unique_imported,,
340,islands of Calleja,ICj,islands of Calleja,deepseek_paxinos_full_list,Imported from ordered DeepSeek/Paxinos acronym list using V33.8 graph_order/label_id order. Non-dash and non-duplicate proposal.,deepseek_paxinos_candidate,approved,IOC_340,islands of Calleja,kept_for_review_or_manual_approval,233,219,0,unique_imported,,
341,"islands of Calleja, major island",ICjM,"islands of Calleja, major island",deepseek_paxinos_full_list,Imported from ordered DeepSeek/Paxinos acronym list using V33.8 graph_order/label_id order. Non-dash and non-duplicate proposal.,deepseek_paxinos_candidate,approved,IOCMI_341,"islands of Calleja, major island",kept_for_review_or_manual_approval,255,244,89,unique_imported,,
342,intradecussational nucleus of the superior cerebellar peduncle,InD,intradecussational nucleus of the superior cerebellar peduncle,deepseek_paxinos_full_list,Imported from ordered DeepSeek/Paxinos acronym list using V33.8 graph_order/label_id order. Non-dash and non-duplicate proposal.,deepseek_paxinos_candidate,approved,INOTSC_342,intradecussational nucleus of the superior cerebellar peduncle,kept_for_review_or_manual_approval,132,83,250,unique_imported,,
343,intermediate endopiriform nucleus,IE,intermediate endopiriform nucleus,deepseek_paxinos_full_list,Imported from ordered DeepSeek/Paxinos acronym list using V33.8 graph_order/label_id order. Non-dash and non-duplicate proposal.,deepseek_paxinos_candidate,approved,IEN_343,intermediate endopiriform nucleus,kept_for_review_or_manual_approval,95,35,237,unique_imported,,
344,interfascicular nucleus,IF,interfascicular nucleus,deepseek_paxinos_full_list,Imported from ordered DeepSeek/Paxinos acronym list using V33.8 graph_order/label_id order. Non-dash and non-duplicate proposal.,deepseek_paxinos_candidate,approved,IN_344,interfascicular nucleus,kept_for_review_or_manual_approval,151,107,255,unique_imported,,
345,indusium griseum,IG,indusium griseum,deepseek_paxinos_full_list,Imported from ordered DeepSeek/Paxinos acronym list using V33.8 graph_order/label_id order. Non-dash and non-duplicate proposal.,deepseek_paxinos_candidate,approved,IG_345,indusium griseum,kept_for_review_or_manual_approval,178,255,0,unique_imported,,
346,intergeniculate leaf,IGL,intergeniculate leaf,deepseek_paxinos_full_list,Imported from ordered DeepSeek/Paxinos acronym list using V33.8 graph_order/label_id order. Non-dash and non-duplicate proposal.,deepseek_paxinos_candidate,approved,IL_346,intergeniculate leaf,kept_for_review_or_manual_approval,223,181,71,unique_imported,,
347,intermediate interstitial nucleus of the medial longitudinal fasciculus,IMLF,intermediate interstitial nucleus of the medial longitudinal fasciculus,deepseek_paxinos_full_list,Imported from ordered DeepSeek/Paxinos acronym list using V33.8 graph_order/label_id order. Non-dash and non-duplicate proposal.,deepseek_paxinos_candidate,approved,IINOTM_347,intermediate interstitial nucleus of the medial longitudinal fasciculus,kept_for_review_or_manual_approval,128,95,208,unique_imported,,
348,infralimbic cortex,IL,infralimbic cortex,deepseek_paxinos_full_list_duplicate_conflict,DeepSeek/Paxinos full-list proposal produced a duplicate acronym; left pending for manual disambiguation. | V33.9b: non-approved duplicate proposal sanitized to a unique non-applied placeholder/current acronym so strict resource validator can pass; review_status was preserved.,conflict,approved,IL,infralimbic cortex,kept_for_review_or_manual_approval,247,255,35,duplicate_conflict_not_auto_approved; v33_9b_pending_duplicate_sanitized_to_unique_current_acronym,manual_chat_curation_2026-06-23,approved_common_region_acronym
349,intermediate nucleus of the lateral lemniscus,ILL,intermediate nucleus of the lateral lemniscus,deepseek_paxinos_full_list,Imported from ordered DeepSeek/Paxinos acronym list using V33.8 graph_order/label_id order. Non-dash and non-duplicate proposal.,deepseek_paxinos_candidate,approved,INOTLL_349,intermediate nucleus of the lateral lemniscus,kept_for_review_or_manual_approval,93,23,255,unique_imported,,
350,"intercalated amygdaloid nucleus, main part",IANm,"intercalated amygdaloid nucleus, main part",deepseek_paxinos_full_list_duplicate_conflict,DeepSeek/Paxinos full-list proposal produced a duplicate acronym; left pending for manual disambiguation. | V33.9b: non-approved duplicate proposal sanitized to a unique non-applied placeholder/current acronym so strict resource validator can pass; review_status was preserved.,conflict,approved,IANMP_350,"intercalated amygdaloid nucleus, main part",kept_for_review_or_manual_approval,255,67,0,duplicate_conflict_not_auto_approved; v33_9b_pending_duplicate_sanitized_to_unique_current_acronym,manual_chat_curation_2026-06-23,approved_cleaned_region_acronym
351,intramedullary thalamic area,IMA,intramedullary thalamic area,deepseek_paxinos_full_list,Imported from ordered DeepSeek/Paxinos acronym list using V33.8 graph_order/label_id order. Non-dash and non-duplicate proposal.,deepseek_paxinos_candidate,approved,ITA_351,intramedullary thalamic area,kept_for_review_or_manual_approval,223,201,142,unique_imported,,
352,intermediodorsal thalamic nucleus,IMD,intermediodorsal thalamic nucleus,deepseek_paxinos_full_list,Imported from ordered DeepSeek/Paxinos acronym list using V33.8 graph_order/label_id order. Non-dash and non-duplicate proposal.,deepseek_paxinos_candidate,approved,ITN_352,intermediodorsal thalamic nucleus,kept_for_review_or_manual_approval,212,193,142,unique_imported,,
353,amygdaloid intramedullary gray,AIMg,amygdaloid intramedullary gray,deepseek_paxinos_full_list,Imported from ordered DeepSeek/Paxinos acronym list using V33.8 graph_order/label_id order. Non-dash and non-duplicate proposal.,deepseek_paxinos_candidate,approved,AIG_353,amygdaloid intramedullary gray,kept_for_review_or_manual_approval,141,107,220,unique_imported,,
354,inferior olivary nucleus,IO,inferior olivary nucleus,deepseek_paxinos_full_list,Imported from ordered DeepSeek/Paxinos acronym list using V33.8 graph_order/label_id order. Non-dash and non-duplicate proposal.,deepseek_paxinos_candidate,approved,ION_354,inferior olivary nucleus,kept_for_review_or_manual_approval,178,255,228,unique_imported,,
355,"inferior olive, subnucleus A of medial nucleus",IOA,"inferior olive, subnucleus A of medial nucleus",deepseek_paxinos_full_list,Imported from ordered DeepSeek/Paxinos acronym list using V33.8 graph_order/label_id order. Non-dash and non-duplicate proposal.,deepseek_paxinos_candidate,approved,IOSAOM_355,"inferior olive, subnucleus A of medial nucleus",kept_for_review_or_manual_approval,89,255,194,unique_imported,,
356,"inferior olive, subnucleus B of medial nucleus",IOB,"inferior olive, subnucleus B of medial nucleus",deepseek_paxinos_full_list,Imported from ordered DeepSeek/Paxinos acronym list using V33.8 graph_order/label_id order. Non-dash and non-duplicate proposal.,deepseek_paxinos_candidate,approved,IOSBOM_356,"inferior olive, subnucleus B of medial nucleus",kept_for_review_or_manual_approval,178,255,227,unique_imported,,
357,"inferior olive, beta subnucleus",IOBe,"inferior olive, beta subnucleus",deepseek_paxinos_full_list,Imported from ordered DeepSeek/Paxinos acronym list using V33.8 graph_order/label_id order. Non-dash and non-duplicate proposal.,deepseek_paxinos_candidate,approved,IOBS_357,"inferior olive, beta subnucleus",kept_for_review_or_manual_approval,89,233,181,unique_imported,,
358,"inferior olive, subnucleus C of medial nucleus",IOC,"inferior olive, subnucleus C of medial nucleus",deepseek_paxinos_full_list,Imported from ordered DeepSeek/Paxinos acronym list using V33.8 graph_order/label_id order. Non-dash and non-duplicate proposal.,deepseek_paxinos_candidate,approved,IOSCOM_358,"inferior olive, subnucleus C of medial nucleus",kept_for_review_or_manual_approval,0,255,164,unique_imported,,
359,"inferior olive, dorsal nucleus",IOD,"inferior olive, dorsal nucleus",deepseek_paxinos_full_list,Imported from ordered DeepSeek/Paxinos acronym list using V33.8 graph_order/label_id order. Non-dash and non-duplicate proposal.,deepseek_paxinos_candidate,approved,IODN_359,"inferior olive, dorsal nucleus",kept_for_review_or_manual_approval,178,255,229,unique_imported,,
360,"inferior olive, dorsomedial cell group",IODM,"inferior olive, dorsomedial cell group",deepseek_paxinos_full_list,Imported from ordered DeepSeek/Paxinos acronym list using V33.8 graph_order/label_id order. Non-dash and non-duplicate proposal.,deepseek_paxinos_candidate,approved,IODCG_360,"inferior olive, dorsomedial cell group",kept_for_review_or_manual_approval,178,255,228,unique_imported,,
362,"inferior olive, cap of Kooy of the medial nucleus",IOK,"inferior olive, cap of Kooy of the medial nucleus",deepseek_paxinos_full_list,Imported from ordered DeepSeek/Paxinos acronym list using V33.8 graph_order/label_id order. Non-dash and non-duplicate proposal.,deepseek_paxinos_candidate,approved,IOCOKO_362,"inferior olive, cap of Kooy of the medial nucleus",kept_for_review_or_manual_approval,0,233,150,unique_imported,,
363,"inferior olive, medial nucleus",IOM,"inferior olive, medial nucleus",deepseek_paxinos_full_list,Imported from ordered DeepSeek/Paxinos acronym list using V33.8 graph_order/label_id order. Non-dash and non-duplicate proposal.,deepseek_paxinos_candidate,approved,IOMN_363,"inferior olive, medial nucleus",kept_for_review_or_manual_approval,0,255,163,unique_imported,,
364,"inferior olive, principal nucleus",IOPr,"inferior olive, principal nucleus",deepseek_paxinos_full_list,Imported from ordered DeepSeek/Paxinos acronym list using V33.8 graph_order/label_id order. Non-dash and non-duplicate proposal.,deepseek_paxinos_candidate,approved,IOPN_364,"inferior olive, principal nucleus",kept_for_review_or_manual_approval,178,255,228,unique_imported,,
365,"inferior olive, ventrolateral protrusion",IOVL,"inferior olive, ventrolateral protrusion",deepseek_paxinos_full_list,Imported from ordered DeepSeek/Paxinos acronym list using V33.8 graph_order/label_id order. Non-dash and non-duplicate proposal.,deepseek_paxinos_candidate,approved,IOVP_365,"inferior olive, ventrolateral protrusion",kept_for_review_or_manual_approval,0,255,170,unique_imported,,
366,interpeduncular nucleus,IP,interpeduncular nucleus,deepseek_paxinos_full_list,Imported from ordered DeepSeek/Paxinos acronym list using V33.8 graph_order/label_id order. Non-dash and non-duplicate proposal.,deepseek_paxinos_candidate,approved,IN_366,interpeduncular nucleus,kept_for_review_or_manual_approval,59,78,212,unique_imported,,
367,"interpeduncular nucleus, apical subnucleus",IPA,"interpeduncular nucleus, apical subnucleus",deepseek_paxinos_full_list,Imported from ordered DeepSeek/Paxinos acronym list using V33.8 graph_order/label_id order. Non-dash and non-duplicate proposal.,deepseek_paxinos_candidate,approved,INAS_367,"interpeduncular nucleus, apical subnucleus",kept_for_review_or_manual_approval,89,110,233,unique_imported,,
368,interstitial nucleus of the posterior limb of the anterior commissure,IPAC,interstitial nucleus of the posterior limb of the anterior commissure,deepseek_paxinos_full_list,Imported from ordered DeepSeek/Paxinos acronym list using V33.8 graph_order/label_id order. Non-dash and non-duplicate proposal.,deepseek_paxinos_candidate,approved,INOTPL_368,interstitial nucleus of the posterior limb of the anterior commissure,kept_for_review_or_manual_approval,255,227,0,unique_imported,,
369,"interstitial nucleus of the posterior limb of the anterior commissure, lateral part",IPACL,"interstitial nucleus of the posterior limb of the anterior commissure, lateral part",deepseek_paxinos_full_list,Imported from ordered DeepSeek/Paxinos acronym list using V33.8 graph_order/label_id order. Non-dash and non-duplicate proposal.,deepseek_paxinos_candidate,approved,INOTPL_369,"interstitial nucleus of the posterior limb of the anterior commissure, lateral part",kept_for_review_or_manual_approval,255,226,0,unique_imported,,
370,"interstitial nucleus of the posterior limb of the anterior commissure, medial part",IPACM,"interstitial nucleus of the posterior limb of the anterior commissure, medial part",deepseek_paxinos_full_list,Imported from ordered DeepSeek/Paxinos acronym list using V33.8 graph_order/label_id order. Non-dash and non-duplicate proposal.,deepseek_paxinos_candidate,approved,INOTPL_370,"interstitial nucleus of the posterior limb of the anterior commissure, medial part",kept_for_review_or_manual_approval,255,246,178,unique_imported,,
371,"interpeduncular nucleus, caudal subnucleus",IPC,"interpeduncular nucleus, caudal subnucleus",deepseek_paxinos_full_list,Imported from ordered DeepSeek/Paxinos acronym list using V33.8 graph_order/label_id order. Non-dash and non-duplicate proposal.,deepseek_paxinos_candidate,approved,INCS_371,"interpeduncular nucleus, caudal subnucleus",kept_for_review_or_manual_approval,0,32,233,unique_imported,,
372,"interpeduncular nucleus, dorsolateral subnucleus",IPDL,"interpeduncular nucleus, dorsolateral subnucleus",deepseek_paxinos_full_list,Imported from ordered DeepSeek/Paxinos acronym list using V33.8 graph_order/label_id order. Non-dash and non-duplicate proposal.,deepseek_paxinos_candidate,approved,INDS_372,"interpeduncular nucleus, dorsolateral subnucleus",kept_for_review_or_manual_approval,118,71,229,unique_imported,,
373,"interpeduncular nucleus, dorsomedial subnucleus",IPDM,"interpeduncular nucleus, dorsomedial subnucleus",deepseek_paxinos_full_list,Imported from ordered DeepSeek/Paxinos acronym list using V33.8 graph_order/label_id order. Non-dash and non-duplicate proposal.,deepseek_paxinos_candidate,approved,INDS_373,"interpeduncular nucleus, dorsomedial subnucleus",kept_for_review_or_manual_approval,0,27,212,unique_imported,,
374,interpeduncular fossa,IPF,interpeduncular fossa,deepseek_paxinos_full_list,Imported from ordered DeepSeek/Paxinos acronym list using V33.8 graph_order/label_id order. Non-dash and non-duplicate proposal.,deepseek_paxinos_candidate,approved,IF_374,interpeduncular fossa,kept_for_review_or_manual_approval,99,59,191,unique_imported,,
375,"interpeduncular nucleus, intermediate subnucleus",IPI,"interpeduncular nucleus, intermediate subnucleus",deepseek_paxinos_full_list,Imported from ordered DeepSeek/Paxinos acronym list using V33.8 graph_order/label_id order. Non-dash and non-duplicate proposal.,deepseek_paxinos_candidate,approved,INIS_375,"interpeduncular nucleus, intermediate subnucleus",kept_for_review_or_manual_approval,89,109,255,unique_imported,,
376,"interpeduncular nucleus, lateral subnucleus",IPL,"interpeduncular nucleus, lateral subnucleus",deepseek_paxinos_full_list,Imported from ordered DeepSeek/Paxinos acronym list using V33.8 graph_order/label_id order. Non-dash and non-duplicate proposal.,deepseek_paxinos_candidate,approved,INLS_376,"interpeduncular nucleus, lateral subnucleus",kept_for_review_or_manual_approval,0,29,255,unique_imported,,
377,"interpeduncular nucleus, rostral subnucleus",IPR,"interpeduncular nucleus, rostral subnucleus",deepseek_paxinos_full_list,Imported from ordered DeepSeek/Paxinos acronym list using V33.8 graph_order/label_id order. Non-dash and non-duplicate proposal.,deepseek_paxinos_candidate,approved,INRS_377,"interpeduncular nucleus, rostral subnucleus",kept_for_review_or_manual_approval,178,186,255,unique_imported,,
378,internal plexiform layer of the olfactory bulb,IPl,internal plexiform layer of the olfactory bulb,deepseek_paxinos_full_list,Imported from ordered DeepSeek/Paxinos acronym list using V33.8 graph_order/label_id order. Non-dash and non-duplicate proposal.,deepseek_paxinos_candidate,approved,IPLOTO_378,internal plexiform layer of the olfactory bulb,kept_for_review_or_manual_approval,177,233,0,unique_imported,,
379,intermediate reticular nucleus,IRt,intermediate reticular nucleus,deepseek_paxinos_full_list,Imported from ordered DeepSeek/Paxinos acronym list using V33.8 graph_order/label_id order. Non-dash and non-duplicate proposal.,deepseek_paxinos_candidate,approved,IRN_379,intermediate reticular nucleus,kept_for_review_or_manual_approval,85,35,199,unique_imported,,
380,"intermediate reticular nucleus, alpha part",IRtA,"intermediate reticular nucleus, alpha part",deepseek_paxinos_full_list,Imported from ordered DeepSeek/Paxinos acronym list using V33.8 graph_order/label_id order. Non-dash and non-duplicate proposal.,deepseek_paxinos_candidate,approved,IRNAP_380,"intermediate reticular nucleus, alpha part",kept_for_review_or_manual_approval,176,142,255,unique_imported,,
381,inferior salivatory nucleus,InS,inferior salivatory nucleus,deepseek_paxinos_full_list,Imported from ordered DeepSeek/Paxinos acronym list using V33.8 graph_order/label_id order. Non-dash and non-duplicate proposal.,deepseek_paxinos_candidate,approved,ISN_381,inferior salivatory nucleus,kept_for_review_or_manual_approval,162,142,208,unique_imported,,
383,intercalated nucleus of the medulla,In,intercalated nucleus of the medulla,deepseek_paxinos_full_list,Imported from ordered DeepSeek/Paxinos acronym list using V33.8 graph_order/label_id order. Non-dash and non-duplicate proposal.,deepseek_paxinos_candidate,approved,INOTM_383,intercalated nucleus of the medulla,kept_for_review_or_manual_approval,102,198,231,unique_imported,,
384,interstitial nucleus of Cajal,InC,interstitial nucleus of Cajal,deepseek_paxinos_full_list,Imported from ordered DeepSeek/Paxinos acronym list using V33.8 graph_order/label_id order. Non-dash and non-duplicate proposal.,deepseek_paxinos_candidate,approved,INOC_384,interstitial nucleus of Cajal,kept_for_review_or_manual_approval,178,183,255,unique_imported,,
386,interstitial nucleus of Cajal. shell region,InCSh,interstitial nucleus of Cajal. shell region,deepseek_paxinos_full_list,Imported from ordered DeepSeek/Paxinos acronym list using V33.8 graph_order/label_id order. Non-dash and non-duplicate proposal.,deepseek_paxinos_candidate,approved,INOCSR_386,interstitial nucleus of Cajal. shell region,kept_for_review_or_manual_approval,0,17,255,unique_imported,,
388,intermediate gray layer of the superior colliculus,InG,intermediate gray layer of the superior colliculus,deepseek_paxinos_full_list,Imported from ordered DeepSeek/Paxinos acronym list using V33.8 graph_order/label_id order. Non-dash and non-duplicate proposal.,deepseek_paxinos_candidate,approved,IGLOTS_388,intermediate gray layer of the superior colliculus,kept_for_review_or_manual_approval,181,178,255,unique_imported,,
389,intermedius nucleus of the medulla,IMed,intermedius nucleus of the medulla,deepseek_paxinos_full_list_duplicate_conflict,DeepSeek/Paxinos full-list proposal produced a duplicate acronym; left pending for manual disambiguation. | V33.9b: non-approved duplicate proposal sanitized to a unique non-applied placeholder/current acronym so strict resource validator can pass; review_status was preserved.,conflict,approved,INOTM_389,intermedius nucleus of the medulla,kept_for_review_or_manual_approval,133,239,185,duplicate_conflict_not_auto_approved; v33_9b_pending_duplicate_sanitized_to_unique_current_acronym,manual_chat_curation_2026-06-23,approved_cleaned_region_acronym
390,intermediate white layer of the superior colliculus,InWh,intermediate white layer of the superior colliculus,deepseek_paxinos_full_list,Imported from ordered DeepSeek/Paxinos acronym list using V33.8 graph_order/label_id order. Non-dash and non-duplicate proposal.,deepseek_paxinos_candidate,approved,IWLOTS_390,intermediate white layer of the superior colliculus,kept_for_review_or_manual_approval,9,0,233,unique_imported,,
392,infundibular stem,InfS,infundibular stem,deepseek_paxinos_full_list,Imported from ordered DeepSeek/Paxinos acronym list using V33.8 graph_order/label_id order. Non-dash and non-duplicate proposal.,deepseek_paxinos_candidate,approved,IS_392,infundibular stem,kept_for_review_or_manual_approval,135,107,199,unique_imported,,
393,interposed cerebellar nucleus,Int,interposed cerebellar nucleus,deepseek_paxinos_full_list,Imported from ordered DeepSeek/Paxinos acronym list using V33.8 graph_order/label_id order. Non-dash and non-duplicate proposal.,deepseek_paxinos_candidate,approved,ICN_393,interposed cerebellar nucleus,kept_for_review_or_manual_approval,0,255,60,unique_imported,,
394,"interposed cerebellar nucleus, anterior part",IntA,"interposed cerebellar nucleus, anterior part",deepseek_paxinos_full_list,Imported from ordered DeepSeek/Paxinos acronym list using V33.8 graph_order/label_id order. Non-dash and non-duplicate proposal.,deepseek_paxinos_candidate,approved,ICNAP_394,"interposed cerebellar nucleus, anterior part",kept_for_review_or_manual_approval,0,255,60,unique_imported,,
395,"interposed cerebellar nucleus, dorsolateral hump",IntDL,"interposed cerebellar nucleus, dorsolateral hump",deepseek_paxinos_full_list,Imported from ordered DeepSeek/Paxinos acronym list using V33.8 graph_order/label_id order. Non-dash and non-duplicate proposal.,deepseek_paxinos_candidate,approved,ICNDH_395,"interposed cerebellar nucleus, dorsolateral hump",kept_for_review_or_manual_approval,178,255,196,unique_imported,,
396,"interposed cerebellar nucleus, dorsomedial crest",IntDM,"interposed cerebellar nucleus, dorsomedial crest",deepseek_paxinos_full_list,Imported from ordered DeepSeek/Paxinos acronym list using V33.8 graph_order/label_id order. Non-dash and non-duplicate proposal.,deepseek_paxinos_candidate,approved,ICNDC_396,"interposed cerebellar nucleus, dorsomedial crest",kept_for_review_or_manual_approval,89,255,129,unique_imported,,
397,"interposed cerebellar nucleus, posterior part",IntP,"interposed cerebellar nucleus, posterior part",deepseek_paxinos_full_list,Imported from ordered DeepSeek/Paxinos acronym list using V33.8 graph_order/label_id order. Non-dash and non-duplicate proposal.,deepseek_paxinos_candidate,approved,ICNPP_397,"interposed cerebellar nucleus, posterior part",kept_for_review_or_manual_approval,0,255,59,unique_imported,,
398,"interposed cerebellar nucleus, posterior parvicellular part",IntPPC,"interposed cerebellar nucleus, posterior parvicellular part",deepseek_paxinos_full_list,Imported from ordered DeepSeek/Paxinos acronym list using V33.8 graph_order/label_id order. Non-dash and non-duplicate proposal.,deepseek_paxinos_candidate,approved,ICNPPP_398,"interposed cerebellar nucleus, posterior parvicellular part",kept_for_review_or_manual_approval,0,255,59,unique_imported,,
399,intralaminar thalamic nuclei,ILM,intralaminar thalamic nuclei,deepseek_paxinos_full_list_duplicate_conflict,DeepSeek/Paxinos full-list proposal produced a duplicate acronym; left pending for manual disambiguation. | V33.9b: non-approved duplicate proposal sanitized to a unique non-applied placeholder/current acronym so strict resource validator can pass; review_status was preserved.,conflict,approved,ITN_399,intralaminar thalamic nuclei,kept_for_review_or_manual_approval,239,180,89,duplicate_conflict_not_auto_approved; v33_9b_pending_duplicate_sanitized_to_unique_current_acronym,manual_chat_curation_2026-06-23,approved_common_region_acronym
400,isocortex,IsoCx,isocortex,deepseek_paxinos_full_list,Imported from ordered DeepSeek/Paxinos acronym list using V33.8 graph_order/label_id order. Non-dash and non-duplicate proposal.,deepseek_paxinos_candidate,approved,I_400,isocortex,kept_for_review_or_manual_approval,252,255,0,unique_imported,,
401,juxtaparaventricular part of lateral hypothalamus,JPV,juxtaparaventricular part of lateral hypothalamus,deepseek_paxinos_full_list,Imported from ordered DeepSeek/Paxinos acronym list using V33.8 graph_order/label_id order. Non-dash and non-duplicate proposal.,deepseek_paxinos_candidate,approved,JPOLH_401,juxtaparaventricular part of lateral hypothalamus,kept_for_review_or_manual_approval,58,0,191,unique_imported,,
402,juxtaolivary nucleus,JxO,juxtaolivary nucleus,deepseek_paxinos_full_list,Imported from ordered DeepSeek/Paxinos acronym list using V33.8 graph_order/label_id order. Non-dash and non-duplicate proposal.,deepseek_paxinos_candidate,approved,JN_402,juxtaolivary nucleus,kept_for_review_or_manual_approval,130,83,237,unique_imported,,
403,Kolliker-Fuse nucleus,KF,Kolliker-Fuse nucleus,deepseek_paxinos_full_list,Imported from ordered DeepSeek/Paxinos acronym list using V33.8 graph_order/label_id order. Non-dash and non-duplicate proposal.,deepseek_paxinos_candidate,approved,KFN_403,Kolliker-Fuse nucleus,kept_for_review_or_manual_approval,89,255,183,unique_imported,,
404,-------,USOL4B_404,unresolved_small_or_local_404_between_Kolliker-Fuse nucleus__and__lateroanterior hypothalamic nu,paxinos_placeholder,"Raw Paxinos label name is placeholder ""-------""; no anatomical acronym assigned. Stable unique placeholder used. | sanitized: placeholder raw label kept non-applying and aligned to current structure metadata",low,do_not_apply,USOL4B_404,unresolved_small_or_local_404_between_Kolliker-Fuse nucleus__and__lateroanterior hypothalamic nu,kept_nonapplying_placeholder_aligned_to_current,144,95,255,,,
405,lateroanterior hypothalamic nucleus,LA,lateroanterior hypothalamic nucleus,deepseek_paxinos_full_list,Imported from ordered DeepSeek/Paxinos acronym list using V33.8 graph_order/label_id order. Non-dash and non-duplicate proposal.,deepseek_paxinos_candidate,approved,LHN_405,lateroanterior hypothalamic nucleus,kept_for_review_or_manual_approval,202,178,255,unique_imported,,
406,lateral accumbens shell,LAcbSh,lateral accumbens shell,deepseek_paxinos_full_list,Imported from ordered DeepSeek/Paxinos acronym list using V33.8 graph_order/label_id order. Non-dash and non-duplicate proposal.,deepseek_paxinos_candidate,approved,LAS_406,lateral accumbens shell,kept_for_review_or_manual_approval,255,250,178,unique_imported,,
407,locus coeruleus,LC,locus coeruleus,deepseek_paxinos_full_list,Imported from ordered DeepSeek/Paxinos acronym list using V33.8 graph_order/label_id order. Non-dash and non-duplicate proposal.,deepseek_paxinos_candidate,approved,LC_407,locus coeruleus,kept_for_review_or_manual_approval,101,186,215,unique_imported,,
408,laterodorsal thalamic nucleus,LD,laterodorsal thalamic nucleus,deepseek_paxinos_full_list,Imported from ordered DeepSeek/Paxinos acronym list using V33.8 graph_order/label_id order. Non-dash and non-duplicate proposal.,deepseek_paxinos_candidate,approved,LTN_408,laterodorsal thalamic nucleus,kept_for_review_or_manual_approval,223,155,44,unique_imported,,
409,"laterodorsal thalamic nucleus, dorsomedial part",LDDM,"laterodorsal thalamic nucleus, dorsomedial part",deepseek_paxinos_full_list,Imported from ordered DeepSeek/Paxinos acronym list using V33.8 graph_order/label_id order. Non-dash and non-duplicate proposal.,deepseek_paxinos_candidate,approved,LTNDP_409,"laterodorsal thalamic nucleus, dorsomedial part",kept_for_review_or_manual_approval,255,225,178,unique_imported,,
410,laterodorsal tegmental nucleus,LDTg,laterodorsal tegmental nucleus,deepseek_paxinos_full_list,Imported from ordered DeepSeek/Paxinos acronym list using V33.8 graph_order/label_id order. Non-dash and non-duplicate proposal.,deepseek_paxinos_candidate,approved,LTN_410,laterodorsal tegmental nucleus,kept_for_review_or_manual_approval,0,255,251,unique_imported,,
411,"laterodorsal tegmental nucleus, ventral part",LDTgV,"laterodorsal tegmental nucleus, ventral part",deepseek_paxinos_full_list,Imported from ordered DeepSeek/Paxinos acronym list using V33.8 graph_order/label_id order. Non-dash and non-duplicate proposal.,deepseek_paxinos_candidate,approved,LTNVP_411,"laterodorsal tegmental nucleus, ventral part",kept_for_review_or_manual_approval,0,255,251,unique_imported,,
412,"laterodorsal thalamic nucleus, ventrolateral part",LDVL,"laterodorsal thalamic nucleus, ventrolateral part",deepseek_paxinos_full_list,Imported from ordered DeepSeek/Paxinos acronym list using V33.8 graph_order/label_id order. Non-dash and non-duplicate proposal.,deepseek_paxinos_candidate,approved,LTNVP_412,"laterodorsal thalamic nucleus, ventrolateral part",kept_for_review_or_manual_approval,255,158,0,unique_imported,,
414,lateral mammillary nucleus,LM,lateral mammillary nucleus,deepseek_paxinos_full_list,Imported from ordered DeepSeek/Paxinos acronym list using V33.8 graph_order/label_id order. Non-dash and non-duplicate proposal.,deepseek_paxinos_candidate,approved,LMN_414,lateral mammillary nucleus,kept_for_review_or_manual_approval,212,94,0,unique_imported,,
415,lacunosum moleculare layer of the hippocampus,LMol,lacunosum moleculare layer of the hippocampus,deepseek_paxinos_full_list,Imported from ordered DeepSeek/Paxinos acronym list using V33.8 graph_order/label_id order. Non-dash and non-duplicate proposal.,deepseek_paxinos_candidate,approved,LMLOTH_415,lacunosum moleculare layer of the hippocampus,kept_for_review_or_manual_approval,245,255,178,unique_imported,,
416,lateral orbital cortex,LO,lateral orbital cortex,deepseek_paxinos_full_list,Imported from ordered DeepSeek/Paxinos acronym list using V33.8 graph_order/label_id order. Non-dash and non-duplicate proposal.,deepseek_paxinos_candidate,approved,LO,lateral orbital cortex,kept_for_review_or_manual_approval,239,244,107,unique_imported,,
417,nucleus of the lateral olfactory tract,LOT,nucleus of the lateral olfactory tract,deepseek_paxinos_full_list,Imported from ordered DeepSeek/Paxinos acronym list using V33.8 graph_order/label_id order. Non-dash and non-duplicate proposal.,deepseek_paxinos_candidate,approved,NOTLOT_417,nucleus of the lateral olfactory tract,kept_for_review_or_manual_approval,245,255,89,unique_imported,,
418,-------,PFOWM4_418,possible_fiber_or_white_matter_418_between_nucleus of the lateral olfacto__and__nucleus of the lateral olfacto,paxinos_placeholder,"Raw Paxinos label name is placeholder ""-------""; no anatomical acronym assigned. Stable unique placeholder used. | sanitized: placeholder raw label kept non-applying and aligned to current structure metadata",low,do_not_apply,PFOWM4_418,possible_fiber_or_white_matter_418_between_nucleus of the lateral olfacto__and__nucleus of the lateral olfacto,kept_nonapplying_placeholder_aligned_to_current,240,255,0,,,
419,-------,PFOWM4_419,possible_fiber_or_white_matter_419_between_nucleus of the lateral olfacto__and__nucleus of the lateral olfacto,paxinos_placeholder,"Raw Paxinos label name is placeholder ""-------""; no anatomical acronym assigned. Stable unique placeholder used. | sanitized: placeholder raw label kept non-applying and aligned to current structure metadata",low,do_not_apply,PFOWM4_419,possible_fiber_or_white_matter_419_between_nucleus of the lateral olfacto__and__nucleus of the lateral olfacto,kept_nonapplying_placeholder_aligned_to_current,250,255,178,,,
420,-------,PFOWM4_420,possible_fiber_or_white_matter_420_between_nucleus of the lateral olfacto__and__nucleus of the lateral olfacto,paxinos_placeholder,"Raw Paxinos label name is placeholder ""-------""; no anatomical acronym assigned. Stable unique placeholder used. | sanitized: placeholder raw label kept non-applying and aligned to current structure metadata",low,do_not_apply,PFOWM4_420,possible_fiber_or_white_matter_420_between_nucleus of the lateral olfacto__and__nucleus of the lateral olfacto,kept_nonapplying_placeholder_aligned_to_current,244,255,89,,,
422,lateral posterior thalamic nucleus,LP,lateral posterior thalamic nucleus,deepseek_paxinos_full_list,Imported from ordered DeepSeek/Paxinos acronym list using V33.8 graph_order/label_id order. Non-dash and non-duplicate proposal.,deepseek_paxinos_candidate,approved,LPTN_422,lateral posterior thalamic nucleus,kept_for_review_or_manual_approval,255,210,133,unique_imported,,
423,lateral periaqueductal gray,LPAG,lateral periaqueductal gray,deepseek_paxinos_full_list,Imported from ordered DeepSeek/Paxinos acronym list using V33.8 graph_order/label_id order. Non-dash and non-duplicate proposal.,deepseek_paxinos_candidate,approved,LPG_423,lateral periaqueductal gray,kept_for_review_or_manual_approval,0,3,255,unique_imported,,
424,lateral parabrachial nucleus,LPB,lateral parabrachial nucleus,deepseek_paxinos_full_list,Imported from ordered DeepSeek/Paxinos acronym list using V33.8 graph_order/label_id order. Non-dash and non-duplicate proposal.,deepseek_paxinos_candidate,approved,LPN_424,lateral parabrachial nucleus,kept_for_review_or_manual_approval,0,255,135,unique_imported,,
425,"lateral parabrachial nucleus, central part",LPBC,"lateral parabrachial nucleus, central part",deepseek_paxinos_full_list,Imported from ordered DeepSeek/Paxinos acronym list using V33.8 graph_order/label_id order. Non-dash and non-duplicate proposal.,deepseek_paxinos_candidate,approved,LPNCP_425,"lateral parabrachial nucleus, central part",kept_for_review_or_manual_approval,118,255,190,unique_imported,,
426,"lateral parabrachial nucleus, crescent part",LPBCr,"lateral parabrachial nucleus, crescent part",deepseek_paxinos_full_list,Imported from ordered DeepSeek/Paxinos acronym list using V33.8 graph_order/label_id order. Non-dash and non-duplicate proposal.,deepseek_paxinos_candidate,approved,LPNCP_426,"lateral parabrachial nucleus, crescent part",kept_for_review_or_manual_approval,0,233,122,unique_imported,,
427,"lateral parabrachial nucleus, dorsal part",LPBD,"lateral parabrachial nucleus, dorsal part",deepseek_paxinos_full_list,Imported from ordered DeepSeek/Paxinos acronym list using V33.8 graph_order/label_id order. Non-dash and non-duplicate proposal.,deepseek_paxinos_candidate,approved,LPNDP_427,"lateral parabrachial nucleus, dorsal part",kept_for_review_or_manual_approval,118,233,179,unique_imported,,
428,"lateral parabrachial nucleus, external part",LPBE,"lateral parabrachial nucleus, external part",deepseek_paxinos_full_list,Imported from ordered DeepSeek/Paxinos acronym list using V33.8 graph_order/label_id order. Non-dash and non-duplicate proposal.,deepseek_paxinos_candidate,approved,LPNEP_428,"lateral parabrachial nucleus, external part",kept_for_review_or_manual_approval,0,255,135,unique_imported,,
429,"lateral parabrachial nucleus, internal part",LPBI,"lateral parabrachial nucleus, internal part",deepseek_paxinos_full_list,Imported from ordered DeepSeek/Paxinos acronym list using V33.8 graph_order/label_id order. Non-dash and non-duplicate proposal.,deepseek_paxinos_candidate,approved,LPNIP_429,"lateral parabrachial nucleus, internal part",kept_for_review_or_manual_approval,178,255,219,unique_imported,,
430,"lateral parabrachial nucleus, superior part",LPBS,"lateral parabrachial nucleus, superior part",deepseek_paxinos_full_list,Imported from ordered DeepSeek/Paxinos acronym list using V33.8 graph_order/label_id order. Non-dash and non-duplicate proposal.,deepseek_paxinos_candidate,approved,LPNSP_430,"lateral parabrachial nucleus, superior part",kept_for_review_or_manual_approval,59,233,152,unique_imported,,
431,"lateral parabrachial nucleus, ventral part",LPBV,"lateral parabrachial nucleus, ventral part",deepseek_paxinos_full_list,Imported from ordered DeepSeek/Paxinos acronym list using V33.8 graph_order/label_id order. Non-dash and non-duplicate proposal.,deepseek_paxinos_candidate,approved,LPNVP_431,"lateral parabrachial nucleus, ventral part",kept_for_review_or_manual_approval,59,255,164,unique_imported,,
433,"lateral paragigantocellular nucleus, alpha part",LPGiA,"lateral paragigantocellular nucleus, alpha part",deepseek_paxinos_full_list,Imported from ordered DeepSeek/Paxinos acronym list using V33.8 graph_order/label_id order. Non-dash and non-duplicate proposal.,deepseek_paxinos_candidate,approved,LPNAP_433,"lateral paragigantocellular nucleus, alpha part",kept_for_review_or_manual_approval,0,140,255,unique_imported,,
434,"lateral paragigantocellular nucleus, external part",LPGiE,"lateral paragigantocellular nucleus, external part",deepseek_paxinos_full_list,Imported from ordered DeepSeek/Paxinos acronym list using V33.8 graph_order/label_id order. Non-dash and non-duplicate proposal.,deepseek_paxinos_candidate,approved,LPNEP_434,"lateral paragigantocellular nucleus, external part",kept_for_review_or_manual_approval,178,214,255,unique_imported,,
435,"lateral posterior thalamic nucleus, laterocaudal part",LPLC,"lateral posterior thalamic nucleus, laterocaudal part",deepseek_paxinos_full_list,Imported from ordered DeepSeek/Paxinos acronym list using V33.8 graph_order/label_id order. Non-dash and non-duplicate proposal.,deepseek_paxinos_candidate,approved,LPTNLP_435,"lateral posterior thalamic nucleus, laterocaudal part",kept_for_review_or_manual_approval,255,226,178,unique_imported,,
436,"lateral posterior thalamic nucleus, laterorostral part",LPLR,"lateral posterior thalamic nucleus, laterorostral part",deepseek_paxinos_full_list,Imported from ordered DeepSeek/Paxinos acronym list using V33.8 graph_order/label_id order. Non-dash and non-duplicate proposal.,deepseek_paxinos_candidate,approved,LPTNLP_436,"lateral posterior thalamic nucleus, laterorostral part",kept_for_review_or_manual_approval,255,160,0,unique_imported,,
437,"lateral posterior thalamic nucleus, mediocaudal part",LPMC,"lateral posterior thalamic nucleus, mediocaudal part",deepseek_paxinos_full_list,Imported from ordered DeepSeek/Paxinos acronym list using V33.8 graph_order/label_id order. Non-dash and non-duplicate proposal.,deepseek_paxinos_candidate,approved,LPTNMP_437,"lateral posterior thalamic nucleus, mediocaudal part",kept_for_review_or_manual_approval,255,193,89,unique_imported,,
438,"lateral posterior thalamic nucleus, mediorostral part",LPMR,"lateral posterior thalamic nucleus, mediorostral part",deepseek_paxinos_full_list,Imported from ordered DeepSeek/Paxinos acronym list using V33.8 graph_order/label_id order. Non-dash and non-duplicate proposal.,deepseek_paxinos_candidate,approved,LPTNMP_438,"lateral posterior thalamic nucleus, mediorostral part",kept_for_review_or_manual_approval,223,141,0,unique_imported,,
439,lateral preoptic area,LPO,lateral preoptic area,deepseek_paxinos_full_list,Imported from ordered DeepSeek/Paxinos acronym list using V33.8 graph_order/label_id order. Non-dash and non-duplicate proposal.,deepseek_paxinos_candidate,approved,LPA_439,lateral preoptic area,kept_for_review_or_manual_approval,233,91,0,unique_imported,,
440,lateral parietal association cortex,LPtA,lateral parietal association cortex,deepseek_paxinos_full_list,Imported from ordered DeepSeek/Paxinos acronym list using V33.8 graph_order/label_id order. Non-dash and non-duplicate proposal.,deepseek_paxinos_candidate,approved,LPtA,lateral parietal association cortex,kept_for_review_or_manual_approval,225,233,0,unique_imported,,
441,lateral recess of the 4th ventricle,LR4V,lateral recess of the 4th ventricle,deepseek_paxinos_full_list,Imported from ordered DeepSeek/Paxinos acronym list using V33.8 graph_order/label_id order. Non-dash and non-duplicate proposal.,deepseek_paxinos_candidate,approved,LROT4V_441,lateral recess of the 4th ventricle,kept_for_review_or_manual_approval,255,178,214,unique_imported,,
442,lateral reticular nucleus,LRt,lateral reticular nucleus,deepseek_paxinos_full_list,Imported from ordered DeepSeek/Paxinos acronym list using V33.8 graph_order/label_id order. Non-dash and non-duplicate proposal.,deepseek_paxinos_candidate,approved,LRN_442,lateral reticular nucleus,kept_for_review_or_manual_approval,0,255,175,unique_imported,,
443,"lateral reticular nucleus, parvicellular part",LRtPC,"lateral reticular nucleus, parvicellular part",deepseek_paxinos_full_list,Imported from ordered DeepSeek/Paxinos acronym list using V33.8 graph_order/label_id order. Non-dash and non-duplicate proposal.,deepseek_paxinos_candidate,approved,LRNPP_443,"lateral reticular nucleus, parvicellular part",kept_for_review_or_manual_approval,0,255,173,unique_imported,,
444,"lateral reticular nucleus, subtrigeminal part",LRtS5,"lateral reticular nucleus, subtrigeminal part",deepseek_paxinos_full_list,Imported from ordered DeepSeek/Paxinos acronym list using V33.8 graph_order/label_id order. Non-dash and non-duplicate proposal.,deepseek_paxinos_candidate,approved,LRNSP_444,"lateral reticular nucleus, subtrigeminal part",kept_for_review_or_manual_approval,89,255,203,unique_imported,,
445,lateral septal nucleus,LS,lateral septal nucleus,deepseek_paxinos_full_list,Imported from ordered DeepSeek/Paxinos acronym list using V33.8 graph_order/label_id order. Non-dash and non-duplicate proposal.,deepseek_paxinos_candidate,approved,LSN_445,lateral septal nucleus,kept_for_review_or_manual_approval,149,255,0,unique_imported,,
446,"lateral septal nucleus, dorsal part",LSD,"lateral septal nucleus, dorsal part",deepseek_paxinos_full_list,Imported from ordered DeepSeek/Paxinos acronym list using V33.8 graph_order/label_id order. Non-dash and non-duplicate proposal.,deepseek_paxinos_candidate,approved,LSNDP_446,"lateral septal nucleus, dorsal part",kept_for_review_or_manual_approval,222,255,178,unique_imported,,
447,"lateral septal nucleus, intermediate part",LSI,"lateral septal nucleus, intermediate part",deepseek_paxinos_full_list,Imported from ordered DeepSeek/Paxinos acronym list using V33.8 graph_order/label_id order. Non-dash and non-duplicate proposal.,deepseek_paxinos_candidate,approved,LSNIP_447,"lateral septal nucleus, intermediate part",kept_for_review_or_manual_approval,151,255,0,unique_imported,,
448,-------,USOL4B_448,"unresolved_small_or_local_448_between_lateral septal nucleus, interm__and__lateral superior olive",paxinos_placeholder,"Raw Paxinos label name is placeholder ""-------""; no anatomical acronym assigned. Stable unique placeholder used. | sanitized: placeholder raw label kept non-applying and aligned to current structure metadata",low,do_not_apply,USOL4B_448,"unresolved_small_or_local_448_between_lateral septal nucleus, interm__and__lateral superior olive",kept_nonapplying_placeholder_aligned_to_current,152,255,0,,,
449,-------,USOL4B_449,"unresolved_small_or_local_449_between_lateral septal nucleus, interm__and__lateral superior olive",paxinos_placeholder,"Raw Paxinos label name is placeholder ""-------""; no anatomical acronym assigned. Stable unique placeholder used. | sanitized: placeholder raw label kept non-applying and aligned to current structure metadata",low,do_not_apply,USOL4B_449,"unresolved_small_or_local_449_between_lateral septal nucleus, interm__and__lateral superior olive",kept_nonapplying_placeholder_aligned_to_current,132,223,0,,,
450,-------,USOL4B_450,"unresolved_small_or_local_450_between_lateral septal nucleus, interm__and__lateral superior olive",paxinos_placeholder,"Raw Paxinos label name is placeholder ""-------""; no anatomical acronym assigned. Stable unique placeholder used. | sanitized: placeholder raw label kept non-applying and aligned to current structure metadata",low,do_not_apply,USOL4B_450,"unresolved_small_or_local_450_between_lateral septal nucleus, interm__and__lateral superior olive",kept_nonapplying_placeholder_aligned_to_current,187,255,89,,,
451,-------,USOL4B_451,"unresolved_small_or_local_451_between_lateral septal nucleus, interm__and__lateral superior olive",paxinos_placeholder,"Raw Paxinos label name is placeholder ""-------""; no anatomical acronym assigned. Stable unique placeholder used. | sanitized: placeholder raw label kept non-applying and aligned to current structure metadata",low,do_not_apply,USOL4B_451,"unresolved_small_or_local_451_between_lateral septal nucleus, interm__and__lateral superior olive",kept_nonapplying_placeholder_aligned_to_current,223,255,178,,,
452,lateral superior olive,LSO,lateral superior olive,deepseek_paxinos_full_list,Imported from ordered DeepSeek/Paxinos acronym list using V33.8 graph_order/label_id order. Non-dash and non-duplicate proposal.,deepseek_paxinos_candidate,approved,LSO_452,lateral superior olive,kept_for_review_or_manual_approval,51,191,239,unique_imported,,
453,lateral stripe of the striatum,LSS,lateral stripe of the striatum,deepseek_paxinos_full_list,Imported from ordered DeepSeek/Paxinos acronym list using V33.8 graph_order/label_id order. Non-dash and non-duplicate proposal.,deepseek_paxinos_candidate,approved,LSOTS_453,lateral stripe of the striatum,kept_for_review_or_manual_approval,143,107,225,unique_imported,,
454,"lateral septal nucleus, ventral part",LSV,"lateral septal nucleus, ventral part",deepseek_paxinos_full_list,Imported from ordered DeepSeek/Paxinos acronym list using V33.8 graph_order/label_id order. Non-dash and non-duplicate proposal.,deepseek_paxinos_candidate,approved,LSNVP_454,"lateral septal nucleus, ventral part",kept_for_review_or_manual_approval,146,255,0,unique_imported,,
455,lateral terminal nucleus of the accessory optic tract,LT,lateral terminal nucleus of the accessory optic tract,deepseek_paxinos_full_list,Imported from ordered DeepSeek/Paxinos acronym list using V33.8 graph_order/label_id order. Non-dash and non-duplicate proposal.,deepseek_paxinos_candidate,approved,LTNOTA_455,lateral terminal nucleus of the accessory optic tract,kept_for_review_or_manual_approval,109,47,246,unique_imported,,
457,lateral ventricle,LV,lateral ventricle,deepseek_paxinos_full_list,Imported from ordered DeepSeek/Paxinos acronym list using V33.8 graph_order/label_id order. Non-dash and non-duplicate proposal.,deepseek_paxinos_candidate,approved,LV_457,lateral ventricle,kept_for_review_or_manual_approval,255,0,93,unique_imported,,
458,lateroventral periolivary nucleus,LVPO,lateroventral periolivary nucleus,deepseek_paxinos_full_list,Imported from ordered DeepSeek/Paxinos acronym list using V33.8 graph_order/label_id order. Non-dash and non-duplicate proposal.,deepseek_paxinos_candidate,approved,LPN_458,lateroventral periolivary nucleus,kept_for_review_or_manual_approval,102,180,207,unique_imported,,
459,lateral vestibular nucleus,LVe,lateral vestibular nucleus,deepseek_paxinos_full_list,Imported from ordered DeepSeek/Paxinos acronym list using V33.8 graph_order/label_id order. Non-dash and non-duplicate proposal.,deepseek_paxinos_candidate,approved,LVN_459,lateral vestibular nucleus,kept_for_review_or_manual_approval,94,71,203,unique_imported,,
460,-------,USOL4B_460,unresolved_small_or_local_460_between_lateral vestibular nucleus__and__lat amygdaloid nucleus,paxinos_placeholder,"Raw Paxinos label name is placeholder ""-------""; no anatomical acronym assigned. Stable unique placeholder used. | sanitized: placeholder raw label kept non-applying and aligned to current structure metadata",low,do_not_apply,USOL4B_460,unresolved_small_or_local_460_between_lateral vestibular nucleus__and__lat amygdaloid nucleus,kept_nonapplying_placeholder_aligned_to_current,255,97,0,,,
461,lat amygdaloid nucleus,La,lat amygdaloid nucleus,deepseek_paxinos_full_list,Imported from ordered DeepSeek/Paxinos acronym list using V33.8 graph_order/label_id order. Non-dash and non-duplicate proposal.,deepseek_paxinos_candidate,approved,LAN_461,lat amygdaloid nucleus,kept_for_review_or_manual_approval,212,59,0,unique_imported,,
462,"lateral amygdaloid nucleus, dorsolateral part",LaDL,"lateral amygdaloid nucleus, dorsolateral part",deepseek_paxinos_full_list,Imported from ordered DeepSeek/Paxinos acronym list using V33.8 graph_order/label_id order. Non-dash and non-duplicate proposal.,deepseek_paxinos_candidate,approved,LANDP_462,"lateral amygdaloid nucleus, dorsolateral part",kept_for_review_or_manual_approval,255,70,0,unique_imported,,
463,"lateral amygdaloid nucleus, ventrolateral part",LaVL,"lateral amygdaloid nucleus, ventrolateral part",deepseek_paxinos_full_list,Imported from ordered DeepSeek/Paxinos acronym list using V33.8 graph_order/label_id order. Non-dash and non-duplicate proposal.,deepseek_paxinos_candidate,approved,LANVP_463,"lateral amygdaloid nucleus, ventrolateral part",kept_for_review_or_manual_approval,255,135,89,unique_imported,,
464,"lateral amygdaloid nucleus, ventromedial part",LaVM,"lateral amygdaloid nucleus, ventromedial part",deepseek_paxinos_full_list,Imported from ordered DeepSeek/Paxinos acronym list using V33.8 graph_order/label_id order. Non-dash and non-duplicate proposal.,deepseek_paxinos_candidate,approved,LANVP_464,"lateral amygdaloid nucleus, ventromedial part",kept_for_review_or_manual_approval,255,200,178,unique_imported,,
465,lateral (dentate) cerebellar nucleus,Lat,lateral (dentate) cerebellar nucleus,deepseek_paxinos_full_list,Imported from ordered DeepSeek/Paxinos acronym list using V33.8 graph_order/label_id order. Non-dash and non-duplicate proposal.,deepseek_paxinos_candidate,approved,LDCN_465,lateral (dentate) cerebellar nucleus,kept_for_review_or_manual_approval,118,255,153,unique_imported,,
466,"lateral cerebellar nucleus, parvicellular part",LatPC,"lateral cerebellar nucleus, parvicellular part",deepseek_paxinos_full_list,Imported from ordered DeepSeek/Paxinos acronym list using V33.8 graph_order/label_id order. Non-dash and non-duplicate proposal.,deepseek_paxinos_candidate,approved,LCNPP_466,"lateral cerebellar nucleus, parvicellular part",kept_for_review_or_manual_approval,0,255,64,unique_imported,,
467,lambdoid septal zone,LdZ,lambdoid septal zone,deepseek_paxinos_full_list,Imported from ordered DeepSeek/Paxinos acronym list using V33.8 graph_order/label_id order. Non-dash and non-duplicate proposal.,deepseek_paxinos_candidate,approved,LSZ_467,lambdoid septal zone,kept_for_review_or_manual_approval,119,212,0,unique_imported,,
468,linear nucleus of the medulla,Li,linear nucleus of the medulla,deepseek_paxinos_full_list,Imported from ordered DeepSeek/Paxinos acronym list using V33.8 graph_order/label_id order. Non-dash and non-duplicate proposal.,deepseek_paxinos_candidate,approved,LNOTM_468,linear nucleus of the medulla,kept_for_review_or_manual_approval,178,255,231,unique_imported,,
469,lithoid nucleus,Lth,lithoid nucleus,deepseek_paxinos_full_list,Imported from ordered DeepSeek/Paxinos acronym list using V33.8 graph_order/label_id order. Non-dash and non-duplicate proposal.,deepseek_paxinos_candidate,approved,LN_469,lithoid nucleus,kept_for_review_or_manual_approval,112,71,203,unique_imported,,
470,primary motor cortex,M1,primary motor cortex,deepseek_paxinos_full_list,Imported from ordered DeepSeek/Paxinos acronym list using V33.8 graph_order/label_id order. Non-dash and non-duplicate proposal.,deepseek_paxinos_candidate,approved,M1,primary motor cortex,kept_for_review_or_manual_approval,251,255,142,unique_imported,,
471,secondary motor cortex,M2,secondary motor cortex,deepseek_paxinos_full_list,Imported from ordered DeepSeek/Paxinos acronym list using V33.8 graph_order/label_id order. Non-dash and non-duplicate proposal.,deepseek_paxinos_candidate,approved,M2,secondary motor cortex,kept_for_review_or_manual_approval,226,233,35,unique_imported,,
472,medial accessory oculomotor nucleus,MA3,medial accessory oculomotor nucleus,deepseek_paxinos_full_list,Imported from ordered DeepSeek/Paxinos acronym list using V33.8 graph_order/label_id order. Non-dash and non-duplicate proposal.,deepseek_paxinos_candidate,approved,MAON_472,medial accessory oculomotor nucleus,kept_for_review_or_manual_approval,0,154,207,unique_imported,,
473,midbrain,Mb,midbrain,deepseek_paxinos_full_list,Imported from ordered DeepSeek/Paxinos acronym list using V33.8 graph_order/label_id order. Non-dash and non-duplicate proposal.,deepseek_paxinos_candidate,approved,M_473,midbrain,kept_for_review_or_manual_approval,0,22,239,unique_imported,,
474,magnocellular nucleus of the lateral hypothalamus,MCLH,magnocellular nucleus of the lateral hypothalamus,deepseek_paxinos_full_list,Imported from ordered DeepSeek/Paxinos acronym list using V33.8 graph_order/label_id order. Non-dash and non-duplicate proposal.,deepseek_paxinos_candidate,approved,MNOTLH_474,magnocellular nucleus of the lateral hypothalamus,kept_for_review_or_manual_approval,255,94,0,unique_imported,,
475,magnocellular nucleus of the posterior commissure,MCPC,magnocellular nucleus of the posterior commissure,deepseek_paxinos_full_list,Imported from ordered DeepSeek/Paxinos acronym list using V33.8 graph_order/label_id order. Non-dash and non-duplicate proposal.,deepseek_paxinos_candidate,approved,MNOTPC_475,magnocellular nucleus of the posterior commissure,kept_for_review_or_manual_approval,92,47,191,unique_imported,,
476,magnocellular preoptic nucleus,MCPO,magnocellular preoptic nucleus,deepseek_paxinos_full_list,Imported from ordered DeepSeek/Paxinos acronym list using V33.8 graph_order/label_id order. Non-dash and non-duplicate proposal.,deepseek_paxinos_candidate,approved,MPN_476,magnocellular preoptic nucleus,kept_for_review_or_manual_approval,233,145,89,unique_imported,,
477,mediodorsal thalamic nucleus,MD,mediodorsal thalamic nucleus,deepseek_paxinos_full_list,Imported from ordered DeepSeek/Paxinos acronym list using V33.8 graph_order/label_id order. Non-dash and non-duplicate proposal.,deepseek_paxinos_candidate,approved,MTN_477,mediodorsal thalamic nucleus,kept_for_review_or_manual_approval,223,191,133,unique_imported,,
478,"mediodorsal thalamic nucleus, central part",MDC,"mediodorsal thalamic nucleus, central part",deepseek_paxinos_full_list,Imported from ordered DeepSeek/Paxinos acronym list using V33.8 graph_order/label_id order. Non-dash and non-duplicate proposal.,deepseek_paxinos_candidate,approved,MTNCP_478,"mediodorsal thalamic nucleus, central part",kept_for_review_or_manual_approval,255,162,0,unique_imported,,
479,"mediodorsal thalamic nucleus, lateral part",MDL,"mediodorsal thalamic nucleus, lateral part",deepseek_paxinos_full_list,Imported from ordered DeepSeek/Paxinos acronym list using V33.8 graph_order/label_id order. Non-dash and non-duplicate proposal.,deepseek_paxinos_candidate,approved,MTNLP_479,"mediodorsal thalamic nucleus, lateral part",kept_for_review_or_manual_approval,255,227,178,unique_imported,,
480,"mediodorsal thalamic nucleus, medial part",MDM,"mediodorsal thalamic nucleus, medial part",deepseek_paxinos_full_list,Imported from ordered DeepSeek/Paxinos acronym list using V33.8 graph_order/label_id order. Non-dash and non-duplicate proposal.,deepseek_paxinos_candidate,approved,MTNMP_480,"mediodorsal thalamic nucleus, medial part",kept_for_review_or_manual_approval,255,195,89,unique_imported,,
482,"medial eminence, external layer",MEE,"medial eminence, external layer",deepseek_paxinos_full_list,Imported from ordered DeepSeek/Paxinos acronym list using V33.8 graph_order/label_id order. Non-dash and non-duplicate proposal.,deepseek_paxinos_candidate,approved,MEEL_482,"medial eminence, external layer",kept_for_review_or_manual_approval,152,118,225,unique_imported,,
483,"medial eminence, internal layer",MEI,"medial eminence, internal layer",deepseek_paxinos_full_list,Imported from ordered DeepSeek/Paxinos acronym list using V33.8 graph_order/label_id order. Non-dash and non-duplicate proposal.,deepseek_paxinos_candidate,approved,MEIL_483,"medial eminence, internal layer",kept_for_review_or_manual_approval,193,166,250,unique_imported,,
484,medial entorhinal cortex,MEnt,medial entorhinal cortex,deepseek_paxinos_full_list,Imported from ordered DeepSeek/Paxinos acronym list using V33.8 graph_order/label_id order. Non-dash and non-duplicate proposal.,deepseek_paxinos_candidate,approved,MEC_484,medial entorhinal cortex,kept_for_review_or_manual_approval,228,255,89,unique_imported,,
485,-------,PCOP4B_485,possible_container_or_parent_485_between_medial entorhinal cortex__and__medial geniculate nucleus,paxinos_placeholder,"Raw Paxinos label name is placeholder ""-------""; no anatomical acronym assigned. Stable unique placeholder used. | sanitized: placeholder raw label kept non-applying and aligned to current structure metadata",low,do_not_apply,PCOP4B_485,possible_container_or_parent_485_between_medial entorhinal cortex__and__medial geniculate nucleus,kept_nonapplying_placeholder_aligned_to_current,157,130,216,,,
486,medial geniculate nucleus,MG,medial geniculate nucleus,deepseek_paxinos_full_list,Imported from ordered DeepSeek/Paxinos acronym list using V33.8 graph_order/label_id order. Non-dash and non-duplicate proposal.,deepseek_paxinos_candidate,approved,MGN_486,medial geniculate nucleus,kept_for_review_or_manual_approval,239,171,44,unique_imported,,
487,"medial geniculate nucleus, dorsal part",MGD,"medial geniculate nucleus, dorsal part",deepseek_paxinos_full_list,Imported from ordered DeepSeek/Paxinos acronym list using V33.8 graph_order/label_id order. Non-dash and non-duplicate proposal.,deepseek_paxinos_candidate,approved,MGNDP_487,"medial geniculate nucleus, dorsal part",kept_for_review_or_manual_approval,255,228,178,unique_imported,,
488,"medial geniculate nucleus, medial part",MGM,"medial geniculate nucleus, medial part",deepseek_paxinos_full_list,Imported from ordered DeepSeek/Paxinos acronym list using V33.8 graph_order/label_id order. Non-dash and non-duplicate proposal.,deepseek_paxinos_candidate,approved,MGNMP_488,"medial geniculate nucleus, medial part",kept_for_review_or_manual_approval,233,151,0,unique_imported,,
489,"medial geniculate nucleus, ventral part",MGV,"medial geniculate nucleus, ventral part",deepseek_paxinos_full_list,Imported from ordered DeepSeek/Paxinos acronym list using V33.8 graph_order/label_id order. Non-dash and non-duplicate proposal.,deepseek_paxinos_candidate,approved,MGNVP_489,"medial geniculate nucleus, ventral part",kept_for_review_or_manual_approval,255,166,0,unique_imported,,
490,"medial mammillary nucleus, lateral part",MML,"medial mammillary nucleus, lateral part",deepseek_paxinos_full_list,Imported from ordered DeepSeek/Paxinos acronym list using V33.8 graph_order/label_id order. Non-dash and non-duplicate proposal.,deepseek_paxinos_candidate,approved,MMNLP_490,"medial mammillary nucleus, lateral part",kept_for_review_or_manual_approval,255,113,0,unique_imported,,
491,"medial mammillary nucleus, medial part",MMM,"medial mammillary nucleus, medial part",deepseek_paxinos_full_list,Imported from ordered DeepSeek/Paxinos acronym list using V33.8 graph_order/label_id order. Non-dash and non-duplicate proposal.,deepseek_paxinos_candidate,approved,MMNMP_491,"medial mammillary nucleus, medial part",kept_for_review_or_manual_approval,223,171,0,unique_imported,,
492,medial orbital cortex,MO,medial orbital cortex,deepseek_paxinos_full_list,Imported from ordered DeepSeek/Paxinos acronym list using V33.8 graph_order/label_id order. Non-dash and non-duplicate proposal.,deepseek_paxinos_candidate,approved,MO,medial orbital cortex,kept_for_review_or_manual_approval,206,212,35,unique_imported,,
493,main olfactory bulb,OB,main olfactory bulb,deepseek_paxinos_full_list,Imported from ordered DeepSeek/Paxinos acronym list using V33.8 graph_order/label_id order. Non-dash and non-duplicate proposal.,deepseek_paxinos_candidate,approved,MOB_493,main olfactory bulb,kept_for_review_or_manual_approval,236,255,178,unique_imported,,
494,medial preoptic area,MPA,medial preoptic area,deepseek_paxinos_full_list_duplicate_conflict,DeepSeek/Paxinos full-list proposal produced a duplicate acronym; left pending for manual disambiguation. | V33.9b: non-approved duplicate proposal sanitized to a unique non-applied placeholder/current acronym so strict resource validator can pass; review_status was preserved.,conflict,approved,MPA_494,medial preoptic area,kept_for_review_or_manual_approval,233,150,89,duplicate_conflict_not_auto_approved; v33_9b_pending_duplicate_sanitized_to_unique_current_acronym,manual_chat_curation_2026-06-23,approved_common_region_acronym
495,medial parabrachial nucleus,MPB,medial parabrachial nucleus,deepseek_paxinos_full_list,Imported from ordered DeepSeek/Paxinos acronym list using V33.8 graph_order/label_id order. Non-dash and non-duplicate proposal.,deepseek_paxinos_candidate,approved,MPN_495,medial parabrachial nucleus,kept_for_review_or_manual_approval,178,255,220,unique_imported,,
496,medial parabrachial nucleus external part,MPBE,medial parabrachial nucleus external part,deepseek_paxinos_full_list,Imported from ordered DeepSeek/Paxinos acronym list using V33.8 graph_order/label_id order. Non-dash and non-duplicate proposal.,deepseek_paxinos_candidate,approved,MPNEP_496,medial parabrachial nucleus external part,kept_for_review_or_manual_approval,0,255,140,unique_imported,,
497,medial paralemniscial nucleus,MPL,medial paralemniscial nucleus,deepseek_paxinos_full_list,Imported from ordered DeepSeek/Paxinos acronym list using V33.8 graph_order/label_id order. Non-dash and non-duplicate proposal.,deepseek_paxinos_candidate,approved,MPN_497,medial paralemniscial nucleus,kept_for_review_or_manual_approval,76,0,242,unique_imported,,
498,medial preoptic nucleus,MPN,medial preoptic nucleus,deepseek_paxinos_full_list_duplicate_conflict,DeepSeek/Paxinos full-list proposal produced a duplicate acronym; left pending for manual disambiguation. | V33.9b: non-approved duplicate proposal sanitized to a unique non-applied placeholder/current acronym so strict resource validator can pass; review_status was preserved.,conflict,approved,MPN_498,medial preoptic nucleus,kept_for_review_or_manual_approval,255,106,0,duplicate_conflict_not_auto_approved; v33_9b_pending_duplicate_sanitized_to_unique_current_acronym,manual_chat_curation_2026-06-23,approved_common_region_acronym
499,"medial preoptic nucleus, central part",MPOC,"medial preoptic nucleus, central part",deepseek_paxinos_full_list,Imported from ordered DeepSeek/Paxinos acronym list using V33.8 graph_order/label_id order. Non-dash and non-duplicate proposal.,deepseek_paxinos_candidate,approved,MPNCP_499,"medial preoptic nucleus, central part",kept_for_review_or_manual_approval,255,158,89,unique_imported,,
500,"medial preoptic nucleus, lateral part",MPOL,"medial preoptic nucleus, lateral part",deepseek_paxinos_full_list,Imported from ordered DeepSeek/Paxinos acronym list using V33.8 graph_order/label_id order. Non-dash and non-duplicate proposal.,deepseek_paxinos_candidate,approved,MPNLP_500,"medial preoptic nucleus, lateral part",kept_for_review_or_manual_approval,255,106,0,unique_imported,,
501,"medial preoptic nucleus, medial part",MPOM,"medial preoptic nucleus, medial part",deepseek_paxinos_full_list,Imported from ordered DeepSeek/Paxinos acronym list using V33.8 graph_order/label_id order. Non-dash and non-duplicate proposal.,deepseek_paxinos_candidate,approved,MPNMP_501,"medial preoptic nucleus, medial part",kept_for_review_or_manual_approval,255,210,178,unique_imported,,
502,medial pretectal nucleus,MPT,medial pretectal nucleus,deepseek_paxinos_full_list,Imported from ordered DeepSeek/Paxinos acronym list using V33.8 graph_order/label_id order. Non-dash and non-duplicate proposal.,deepseek_paxinos_candidate,approved,MPN_502,medial pretectal nucleus,kept_for_review_or_manual_approval,130,107,242,unique_imported,,
504,medial parietal association cortex,MPtA,medial parietal association cortex,deepseek_paxinos_full_list,Imported from ordered DeepSeek/Paxinos acronym list using V33.8 graph_order/label_id order. Non-dash and non-duplicate proposal.,deepseek_paxinos_candidate,approved,MPtA,medial parietal association cortex,kept_for_review_or_manual_approval,210,212,142,unique_imported,,
506,mammillary recess of the 3rd ventricle,MRe,mammillary recess of the 3rd ventricle,deepseek_paxinos_full_list,Imported from ordered DeepSeek/Paxinos acronym list using V33.8 graph_order/label_id order. Non-dash and non-duplicate proposal.,deepseek_paxinos_candidate,approved,MROT3V_506,mammillary recess of the 3rd ventricle,kept_for_review_or_manual_approval,223,0,120,unique_imported,,
507,medial septal nucleus,MS,medial septal nucleus,deepseek_paxinos_full_list,Imported from ordered DeepSeek/Paxinos acronym list using V33.8 graph_order/label_id order. Non-dash and non-duplicate proposal.,deepseek_paxinos_candidate,approved,MSN_507,medial septal nucleus,kept_for_review_or_manual_approval,221,255,178,unique_imported,,
508,medial superior olive,MSO,medial superior olive,deepseek_paxinos_full_list,Imported from ordered DeepSeek/Paxinos acronym list using V33.8 graph_order/label_id order. Non-dash and non-duplicate proposal.,deepseek_paxinos_candidate,approved,MSO_508,medial superior olive,kept_for_review_or_manual_approval,153,216,239,unique_imported,,
509,medial terminal nucleus of the accessory optic tract,MT,medial terminal nucleus of the accessory optic tract,deepseek_paxinos_full_list,Imported from ordered DeepSeek/Paxinos acronym list using V33.8 graph_order/label_id order. Non-dash and non-duplicate proposal.,deepseek_paxinos_candidate,approved,MTNOTA_509,medial terminal nucleus of the accessory optic tract,kept_for_review_or_manual_approval,141,119,191,unique_imported,,
510,medial tuberal nucleus,MTu,medial tuberal nucleus,deepseek_paxinos_full_list,Imported from ordered DeepSeek/Paxinos acronym list using V33.8 graph_order/label_id order. Non-dash and non-duplicate proposal.,deepseek_paxinos_candidate,approved,MTN_510,medial tuberal nucleus,kept_for_review_or_manual_approval,255,97,0,unique_imported,,
511,medial vestibular nucleus,MVN,"medial vestibular nucleus, main part",deepseek_paxinos_full_list_duplicate_conflict,DeepSeek/Paxinos full-list proposal produced a duplicate acronym; left pending for manual disambiguation. | V33.9b: non-approved duplicate proposal sanitized to a unique non-applied placeholder/current acronym so strict resource validator can pass; review_status was preserved.,conflict,approved,MVN_511,medial vestibular nucleus,kept_for_review_or_manual_approval,154,118,229,duplicate_conflict_not_auto_approved; v33_9b_pending_duplicate_sanitized_to_unique_current_acronym,manual_chat_curation_2026-06-23,approved_duplicate_source_name_resolved_by_geometry_and_abba_visual_inspection_axis0_rostral_to_caudal
512,medioventral periolivary nucleus,MVPO,medioventral periolivary nucleus,deepseek_paxinos_full_list,Imported from ordered DeepSeek/Paxinos acronym list using V33.8 graph_order/label_id order. Non-dash and non-duplicate proposal.,deepseek_paxinos_candidate,approved,MPN_512,medioventral periolivary nucleus,kept_for_review_or_manual_approval,89,35,203,unique_imported,,
513,medial vestibular nucleus,MVNc,"medial vestibular nucleus, caudal subpart",deepseek_paxinos_full_list_duplicate_conflict,DeepSeek/Paxinos full-list proposal produced a duplicate acronym; left pending for manual disambiguation. | V33.9b: non-approved duplicate proposal sanitized to a unique non-applied placeholder/current acronym so strict resource validator can pass; review_status was preserved.,conflict,approved,MVN_513,medial vestibular nucleus,kept_for_review_or_manual_approval,44,255,140,duplicate_conflict_not_auto_approved; v33_9b_pending_duplicate_sanitized_to_unique_current_acronym,manual_chat_curation_2026-06-23,approved_duplicate_source_name_resolved_by_geometry_and_abba_visual_inspection_axis0_rostral_to_caudal
514,"medial vestibular nucleus, magnocellular part",MVeMC,"medial vestibular nucleus, magnocellular part",deepseek_paxinos_full_list,Imported from ordered DeepSeek/Paxinos acronym list using V33.8 graph_order/label_id order. Non-dash and non-duplicate proposal.,deepseek_paxinos_candidate,approved,MVNMP_514,"medial vestibular nucleus, magnocellular part",kept_for_review_or_manual_approval,178,255,212,unique_imported,,
515,"medial vestibular nucleus, parvicellular part",MVePC,"medial vestibular nucleus, parvicellular part",deepseek_paxinos_full_list,Imported from ordered DeepSeek/Paxinos acronym list using V33.8 graph_order/label_id order. Non-dash and non-duplicate proposal.,deepseek_paxinos_candidate,approved,MVNPP_515,"medial vestibular nucleus, parvicellular part",kept_for_review_or_manual_approval,0,255,118,unique_imported,,
516,-------,USOL5B_516,"unresolved_small_or_local_516_between_medial vestibular nucleus, par__and__marginal zone of the medial ge",paxinos_placeholder,"Raw Paxinos label name is placeholder ""-------""; no anatomical acronym assigned. Stable unique placeholder used. | sanitized: placeholder raw label kept non-applying and aligned to current structure metadata",low,do_not_apply,USOL5B_516,"unresolved_small_or_local_516_between_medial vestibular nucleus, par__and__marginal zone of the medial ge",kept_nonapplying_placeholder_aligned_to_current,223,95,0,,,
517,marginal zone of the medial geniculate,MZMG,marginal zone of the medial geniculate,deepseek_paxinos_full_list,Imported from ordered DeepSeek/Paxinos acronym list using V33.8 graph_order/label_id order. Non-dash and non-duplicate proposal.,deepseek_paxinos_candidate,approved,MZOTMG_517,marginal zone of the medial geniculate,kept_for_review_or_manual_approval,255,197,89,unique_imported,,
518,"medullary reticular nucleus, dorsal part",MdD,"medullary reticular nucleus, dorsal part",deepseek_paxinos_full_list,Imported from ordered DeepSeek/Paxinos acronym list using V33.8 graph_order/label_id order. Non-dash and non-duplicate proposal.,deepseek_paxinos_candidate,approved,MRNDP_518,"medullary reticular nucleus, dorsal part",kept_for_review_or_manual_approval,25,195,255,unique_imported,,
519,"medullary reticular nucleus, ventral part",MdV,"medullary reticular nucleus, ventral part",deepseek_paxinos_full_list,Imported from ordered DeepSeek/Paxinos acronym list using V33.8 graph_order/label_id order. Non-dash and non-duplicate proposal.,deepseek_paxinos_candidate,approved,MRNVP_519,"medullary reticular nucleus, ventral part",kept_for_review_or_manual_approval,102,191,223,unique_imported,,
520,medial amygdaloid nucleus,Me,medial amygdaloid nucleus,deepseek_paxinos_full_list,Imported from ordered DeepSeek/Paxinos acronym list using V33.8 graph_order/label_id order. Non-dash and non-duplicate proposal.,deepseek_paxinos_candidate,approved,MAN_520,medial amygdaloid nucleus,kept_for_review_or_manual_approval,255,159,118,unique_imported,,
521,mesencephalic trigeminal nucleus,Me5,mesencephalic trigeminal nucleus,deepseek_paxinos_full_list,Imported from ordered DeepSeek/Paxinos acronym list using V33.8 graph_order/label_id order. Non-dash and non-duplicate proposal.,deepseek_paxinos_candidate,approved,MTN_521,mesencephalic trigeminal nucleus,kept_for_review_or_manual_approval,36,0,203,unique_imported,,
523,"medial amygdaloid nucleus, ant dorsal",MeAD,"medial amygdaloid nucleus, ant dorsal",deepseek_paxinos_full_list,Imported from ordered DeepSeek/Paxinos acronym list using V33.8 graph_order/label_id order. Non-dash and non-duplicate proposal.,deepseek_paxinos_candidate,approved,MANAD_523,"medial amygdaloid nucleus, ant dorsal",kept_for_review_or_manual_approval,255,73,0,unique_imported,,
524,"medial amygdaloid nucleus, anteroventral part",MeAV,"medial amygdaloid nucleus, anteroventral part",deepseek_paxinos_full_list,Imported from ordered DeepSeek/Paxinos acronym list using V33.8 graph_order/label_id order. Non-dash and non-duplicate proposal.,deepseek_paxinos_candidate,approved,MANAP_524,"medial amygdaloid nucleus, anteroventral part",kept_for_review_or_manual_approval,255,200,178,unique_imported,,
525,"medial amygdaloid nucleus, posterodorsal part",MePD,"medial amygdaloid nucleus, posterodorsal part",deepseek_paxinos_full_list,Imported from ordered DeepSeek/Paxinos acronym list using V33.8 graph_order/label_id order. Non-dash and non-duplicate proposal.,deepseek_paxinos_candidate,approved,MANPP_525,"medial amygdaloid nucleus, posterodorsal part",kept_for_review_or_manual_approval,255,76,0,unique_imported,,
526,"medial amygdaloid nucleus, posteroventral part",MePV,"medial amygdaloid nucleus, posteroventral part",deepseek_paxinos_full_list,Imported from ordered DeepSeek/Paxinos acronym list using V33.8 graph_order/label_id order. Non-dash and non-duplicate proposal.,deepseek_paxinos_candidate,approved,MANPP_526,"medial amygdaloid nucleus, posteroventral part",kept_for_review_or_manual_approval,89,11,255,unique_imported,,
527,medial (fastigial) cerebellar nucleus,Med,medial (fastigial) cerebellar nucleus,deepseek_paxinos_full_list,Imported from ordered DeepSeek/Paxinos acronym list using V33.8 graph_order/label_id order. Non-dash and non-duplicate proposal.,deepseek_paxinos_candidate,approved,MFCN_527,medial (fastigial) cerebellar nucleus,kept_for_review_or_manual_approval,71,244,121,unique_imported,,
528,"medial cerebellar nucleus, dorsolateral protuberance",MedDL,"medial cerebellar nucleus, dorsolateral protuberance",deepseek_paxinos_full_list,Imported from ordered DeepSeek/Paxinos acronym list using V33.8 graph_order/label_id order. Non-dash and non-duplicate proposal.,deepseek_paxinos_candidate,approved,MCNDP_528,"medial cerebellar nucleus, dorsolateral protuberance",kept_for_review_or_manual_approval,107,212,137,unique_imported,,
529,"medial cerebellar nucleus, lateral part",MedL,"medial cerebellar nucleus, lateral part",deepseek_paxinos_full_list,Imported from ordered DeepSeek/Paxinos acronym list using V33.8 graph_order/label_id order. Non-dash and non-duplicate proposal.,deepseek_paxinos_candidate,approved,MCNLP_529,"medial cerebellar nucleus, lateral part",kept_for_review_or_manual_approval,0,212,62,unique_imported,,
530,medulla oblongata,MY,medulla oblongata,deepseek_paxinos_full_list_duplicate_conflict,DeepSeek/Paxinos full-list proposal produced a duplicate acronym; left pending for manual disambiguation. | V33.9b: non-approved duplicate proposal sanitized to a unique non-applied placeholder/current acronym so strict resource validator can pass; review_status was preserved.,conflict,approved,MO_530,medulla-oblongolata,kept_for_review_or_manual_approval,133,203,168,duplicate_conflict_not_auto_approved; v33_9b_pending_duplicate_sanitized_to_unique_current_acronym,manual_chat_curation_2026-06-23,approved_common_parent_region_acronym
531,mitral cell layer of the olfactory bulb,Mi,mitral cell layer of the olfactory bulb,deepseek_paxinos_full_list,Imported from ordered DeepSeek/Paxinos acronym list using V33.8 graph_order/label_id order. Non-dash and non-duplicate proposal.,deepseek_paxinos_candidate,approved,MCLOTO_531,mitral cell layer of the olfactory bulb,kept_for_review_or_manual_approval,193,255,0,unique_imported,,
532,mitral cell layer of the accessory olfactory bulb,MiA,mitral cell layer of the accessory olfactory bulb,deepseek_paxinos_full_list,Imported from ordered DeepSeek/Paxinos acronym list using V33.8 graph_order/label_id order. Non-dash and non-duplicate proposal.,deepseek_paxinos_candidate,approved,MCLOTA_532,mitral cell layer of the accessory olfactory bulb,kept_for_review_or_manual_approval,237,255,178,unique_imported,,
533,microcellular tegmental nucleus,MiTg,microcellular tegmental nucleus,deepseek_paxinos_full_list,Imported from ordered DeepSeek/Paxinos acronym list using V33.8 graph_order/label_id order. Non-dash and non-duplicate proposal.,deepseek_paxinos_candidate,approved,MTN_533,microcellular tegmental nucleus,kept_for_review_or_manual_approval,0,253,255,unique_imported,,
535,median accessory nucleus of the medulla,MnA,median accessory nucleus of the medulla,deepseek_paxinos_full_list,Imported from ordered DeepSeek/Paxinos acronym list using V33.8 graph_order/label_id order. Non-dash and non-duplicate proposal.,deepseek_paxinos_candidate,approved,MANOTM_535,median accessory nucleus of the medulla,kept_for_review_or_manual_approval,25,160,207,unique_imported,,
536,"medial mammillary nucleus, median part",MMn,"medial mammillary nucleus, median part",deepseek_paxinos_full_list,Imported from ordered DeepSeek/Paxinos acronym list using V33.8 graph_order/label_id order. Non-dash and non-duplicate proposal.,deepseek_paxinos_candidate,approved,MMNMP_536,"medial mammillary nucleus, median part",kept_for_review_or_manual_approval,134,83,242,unique_imported,,
537,median preoptic nucleus,MnPO,median preoptic nucleus,deepseek_paxinos_full_list,Imported from ordered DeepSeek/Paxinos acronym list using V33.8 graph_order/label_id order. Non-dash and non-duplicate proposal.,deepseek_paxinos_candidate,approved,MPN_537,median preoptic nucleus,kept_for_review_or_manual_approval,116,71,212,unique_imported,,
538,median raphe nucleus,MnR,median raphe nucleus,deepseek_paxinos_full_list,Imported from ordered DeepSeek/Paxinos acronym list using V33.8 graph_order/label_id order. Non-dash and non-duplicate proposal.,deepseek_paxinos_candidate,approved,MRN_538,median raphe nucleus,kept_for_review_or_manual_approval,59,255,220,unique_imported,,
543,molecular layer of the dentate gyrus,Mol,molecular layer of the dentate gyrus,deepseek_paxinos_full_list,Imported from ordered DeepSeek/Paxinos acronym list using V33.8 graph_order/label_id order. Non-dash and non-duplicate proposal.,deepseek_paxinos_candidate,approved,MLOTDG_543,molecular layer of the dentate gyrus,kept_for_review_or_manual_approval,233,255,89,unique_imported,,
544,molecular layer of the subiculum,MolS,molecular layer of the subiculum,deepseek_paxinos_full_list,Imported from ordered DeepSeek/Paxinos acronym list using V33.8 graph_order/label_id order. Non-dash and non-duplicate proposal.,deepseek_paxinos_candidate,approved,MLOTS_544,molecular layer of the subiculum,kept_for_review_or_manual_approval,226,255,89,unique_imported,,
545,matrix region of the medulla,Mx,matrix region of the medulla,deepseek_paxinos_full_list,Imported from ordered DeepSeek/Paxinos acronym list using V33.8 graph_order/label_id order. Non-dash and non-duplicate proposal.,deepseek_paxinos_candidate,approved,MROTM_545,matrix region of the medulla,kept_for_review_or_manual_approval,133,255,193,unique_imported,,
546,navicular nucleus of the basal forebrain,Nv,navicular nucleus of the basal forebrain,deepseek_paxinos_full_list,Imported from ordered DeepSeek/Paxinos acronym list using V33.8 graph_order/label_id order. Non-dash and non-duplicate proposal.,deepseek_paxinos_candidate,approved,NNOTBF_546,navicular nucleus of the basal forebrain,kept_for_review_or_manual_approval,107,59,208,unique_imported,,
549,oval paracentral thalamic nucleus,OPC,oval paracentral thalamic nucleus,deepseek_paxinos_full_list,Imported from ordered DeepSeek/Paxinos acronym list using V33.8 graph_order/label_id order. Non-dash and non-duplicate proposal.,deepseek_paxinos_candidate,approved,OPTN_549,oval paracentral thalamic nucleus,kept_for_review_or_manual_approval,255,225,178,unique_imported,,
550,olivary pretectal nucleus,OPT,olivary pretectal nucleus,deepseek_paxinos_full_list,Imported from ordered DeepSeek/Paxinos acronym list using V33.8 graph_order/label_id order. Non-dash and non-duplicate proposal.,deepseek_paxinos_candidate,approved,OPN_550,olivary pretectal nucleus,kept_for_review_or_manual_approval,121,59,250,unique_imported,,
551,nucleus of the optic tract,OT,nucleus of the optic tract,deepseek_paxinos_full_list,Imported from ordered DeepSeek/Paxinos acronym list using V33.8 graph_order/label_id order. Non-dash and non-duplicate proposal.,deepseek_paxinos_candidate,approved,NOTOT_551,nucleus of the optic tract,kept_for_review_or_manual_approval,192,166,246,unique_imported,,
552,olfactory ventricle (olfactory part of lateral ventricle),LVOLF,olfactory ventricle (olfactory part of lateral ventricle),deepseek_paxinos_full_list,Imported from ordered DeepSeek/Paxinos acronym list using V33.8 graph_order/label_id order. Non-dash and non-duplicate proposal.,deepseek_paxinos_candidate,approved,OVOPOL_552,olfactory ventricle (olfactory part of lateral ventricle),kept_for_review_or_manual_approval,255,0,90,unique_imported,,
553,obex,Ob,obex,deepseek_paxinos_full_list,Imported from ordered DeepSeek/Paxinos acronym list using V33.8 graph_order/label_id order. Non-dash and non-duplicate proposal.,deepseek_paxinos_candidate,approved,O_553,obex,kept_for_review_or_manual_approval,75,11,208,unique_imported,,
554,-------,PCOP5B_554,possible_container_or_parent_554_between_obex__and__olfactory cortex,paxinos_placeholder,"Raw Paxinos label name is placeholder ""-------""; no anatomical acronym assigned. Stable unique placeholder used. | sanitized: placeholder raw label kept non-applying and aligned to current structure metadata",low,do_not_apply,PCOP5B_554,possible_container_or_parent_554_between_obex__and__olfactory cortex,kept_nonapplying_placeholder_aligned_to_current,204,233,118,,,
555,olfactory cortex,OlfCx,olfactory cortex,deepseek_paxinos_full_list,Imported from ordered DeepSeek/Paxinos acronym list using V33.8 graph_order/label_id order. Non-dash and non-duplicate proposal.,deepseek_paxinos_candidate,approved,OC_555,olfactory cortex,kept_for_review_or_manual_approval,249,255,178,unique_imported,,
556,-------,PLG5BO_556,possible_layer_group_556_between_olfactory cortex__and__optic nerve layer of the super,paxinos_placeholder,"Raw Paxinos label name is placeholder ""-------""; no anatomical acronym assigned. Stable unique placeholder used. | sanitized: placeholder raw label kept non-applying and aligned to current structure metadata",low,do_not_apply,PLG5BO_556,possible_layer_group_556_between_olfactory cortex__and__optic nerve layer of the super,kept_nonapplying_placeholder_aligned_to_current,231,255,0,,,
557,optic nerve layer of the superior colliculus,Op,optic nerve layer of the superior colliculus,deepseek_paxinos_full_list,Imported from ordered DeepSeek/Paxinos acronym list using V33.8 graph_order/label_id order. Non-dash and non-duplicate proposal.,deepseek_paxinos_candidate,approved,ONLOTS_557,optic nerve layer of the superior colliculus,kept_for_review_or_manual_approval,124,118,233,unique_imported,,
558,oriens layer of the hippocampus,Or,oriens layer of the hippocampus,deepseek_paxinos_full_list,Imported from ordered DeepSeek/Paxinos acronym list using V33.8 graph_order/label_id order. Non-dash and non-duplicate proposal.,deepseek_paxinos_candidate,approved,OLOTH_558,oriens layer of the hippocampus,kept_for_review_or_manual_approval,205,233,0,unique_imported,,
559,Putamen,Pu,Putamen,deepseek_paxinos_full_list,Imported from ordered DeepSeek/Paxinos acronym list using V33.8 graph_order/label_id order. Non-dash and non-duplicate proposal.,deepseek_paxinos_candidate,approved,P_559,Putamen,kept_for_review_or_manual_approval,255,248,178,unique_imported,,
561,peritrigeminal zone,PTz,peritrigeminal zone,deepseek_paxinos_full_list,Imported from ordered DeepSeek/Paxinos acronym list using V33.8 graph_order/label_id order. Non-dash and non-duplicate proposal.,deepseek_paxinos_candidate,approved,PZ_561,peritrigeminal zone,kept_for_review_or_manual_approval,118,235,255,unique_imported,,
562,perifacial zone,PFz,perifacial zone,deepseek_paxinos_full_list,Imported from ordered DeepSeek/Paxinos acronym list using V33.8 graph_order/label_id order. Non-dash and non-duplicate proposal.,deepseek_paxinos_candidate,approved,PZ_562,perifacial zone,kept_for_review_or_manual_approval,114,59,229,unique_imported,,
563,periaqueductal gray,PAG,periaqueductal gray,deepseek_paxinos_full_list,Imported from ordered DeepSeek/Paxinos acronym list using V33.8 graph_order/label_id order. Non-dash and non-duplicate proposal.,deepseek_paxinos_candidate,approved,PG_563,periaqueductal gray,kept_for_review_or_manual_approval,59,61,255,unique_imported,,
564,parabrachial nucleus,PB,parabrachial nucleus,deepseek_paxinos_full_list,Imported from ordered DeepSeek/Paxinos acronym list using V33.8 graph_order/label_id order. Non-dash and non-duplicate proposal.,deepseek_paxinos_candidate,approved,PN_564,parabrachial nucleus,kept_for_review_or_manual_approval,89,229,166,unique_imported,,
565,parabigeminal nucleus,PBG,parabigeminal nucleus,deepseek_paxinos_full_list,Imported from ordered DeepSeek/Paxinos acronym list using V33.8 graph_order/label_id order. Non-dash and non-duplicate proposal.,deepseek_paxinos_candidate,approved,PN_565,parabigeminal nucleus,kept_for_review_or_manual_approval,126,107,216,unique_imported,,
566,parabrachial pigmented nucleus of the VTA,PBP,parabrachial pigmented nucleus of the VTA,deepseek_paxinos_full_list,Imported from ordered DeepSeek/Paxinos acronym list using V33.8 graph_order/label_id order. Non-dash and non-duplicate proposal.,deepseek_paxinos_candidate,approved,PPNOTV_566,parabrachial pigmented nucleus of the VTA,kept_for_review_or_manual_approval,178,255,222,unique_imported,,
568,paracentral thalamic nucleus,PC,paracentral thalamic nucleus,deepseek_paxinos_full_list,Imported from ordered DeepSeek/Paxinos acronym list using V33.8 graph_order/label_id order. Non-dash and non-duplicate proposal.,deepseek_paxinos_candidate,approved,PTN_568,paracentral thalamic nucleus,kept_for_review_or_manual_approval,223,136,0,unique_imported,,
570,paracochlear glial substance,PCGS,paracochlear glial substance,deepseek_paxinos_full_list,Imported from ordered DeepSeek/Paxinos acronym list using V33.8 graph_order/label_id order. Non-dash and non-duplicate proposal.,deepseek_paxinos_candidate,approved,PGS_570,paracochlear glial substance,kept_for_review_or_manual_approval,121,71,225,unique_imported,,
571,parvicellular reticular nucleus,PCRt,parvicellular reticular nucleus,deepseek_paxinos_full_list,Imported from ordered DeepSeek/Paxinos acronym list using V33.8 graph_order/label_id order. Non-dash and non-duplicate proposal.,deepseek_paxinos_candidate,approved,PRN_571,parvicellular reticular nucleus,kept_for_review_or_manual_approval,152,228,255,unique_imported,,
572,"parvicellular reticular nucleus, alpha part",PCRtA,"parvicellular reticular nucleus, alpha part",deepseek_paxinos_full_list,Imported from ordered DeepSeek/Paxinos acronym list using V33.8 graph_order/label_id order. Non-dash and non-duplicate proposal.,deepseek_paxinos_candidate,approved,PRNAP_572,"parvicellular reticular nucleus, alpha part",kept_for_review_or_manual_approval,149,107,237,unique_imported,,
574,nucleus of the posterior commissure,PCom,nucleus of the posterior commissure,deepseek_paxinos_full_list,Imported from ordered DeepSeek/Paxinos acronym list using V33.8 graph_order/label_id order. Non-dash and non-duplicate proposal.,deepseek_paxinos_candidate,approved,NOTPC_574,nucleus of the posterior commissure,kept_for_review_or_manual_approval,126,83,216,unique_imported,,
576,posterodorsal preoptic nucleus,PDPO,posterodorsal preoptic nucleus,deepseek_paxinos_full_list,Imported from ordered DeepSeek/Paxinos acronym list using V33.8 graph_order/label_id order. Non-dash and non-duplicate proposal.,deepseek_paxinos_candidate,approved,PPN_576,posterodorsal preoptic nucleus,kept_for_review_or_manual_approval,83,0,255,unique_imported,,
577,posterodorsal raphe nucleus,PDR,posterodorsal raphe nucleus,deepseek_paxinos_full_list,Imported from ordered DeepSeek/Paxinos acronym list using V33.8 graph_order/label_id order. Non-dash and non-duplicate proposal.,deepseek_paxinos_candidate,approved,PRN_577,posterodorsal raphe nucleus,kept_for_review_or_manual_approval,149,119,212,unique_imported,,
578,posterodorsal tegmental nucleus,PDTg,posterodorsal tegmental nucleus,deepseek_paxinos_full_list,Imported from ordered DeepSeek/Paxinos acronym list using V33.8 graph_order/label_id order. Non-dash and non-duplicate proposal.,deepseek_paxinos_candidate,approved,PTN_578,posterodorsal tegmental nucleus,kept_for_review_or_manual_approval,178,254,255,unique_imported,,
579,parafascicular thalamic nucleus,PF,parafascicular thalamic nucleus,deepseek_paxinos_full_list,Imported from ordered DeepSeek/Paxinos acronym list using V33.8 graph_order/label_id order. Non-dash and non-duplicate proposal.,deepseek_paxinos_candidate,approved,PTN_579,parafascicular thalamic nucleus,kept_for_review_or_manual_approval,244,187,35,unique_imported,,
580,paraflocculus,PFl,paraflocculus,deepseek_paxinos_full_list,Imported from ordered DeepSeek/Paxinos acronym list using V33.8 graph_order/label_id order. Non-dash and non-duplicate proposal.,deepseek_paxinos_candidate,approved,P_580,paraflocculus,kept_for_review_or_manual_approval,35,212,87,unique_imported,,
581,posterior hypothalamic nucleus,PHN,posterior hypothalamic nucleus,deepseek_paxinos_full_list,Imported from ordered DeepSeek/Paxinos acronym list using V33.8 graph_order/label_id order. Non-dash and non-duplicate proposal.,deepseek_paxinos_candidate,approved,PHN_581,posterior hypothalamic nucleus,kept_for_review_or_manual_approval,233,104,0,unique_imported,,
582,posterior hypothalamic area,PH,posterior hypothalamic area,deepseek_paxinos_full_list,Imported from ordered DeepSeek/Paxinos acronym list using V33.8 graph_order/label_id order. Non-dash and non-duplicate proposal.,deepseek_paxinos_candidate,approved,PHA_582,posterior hypothalamic area,kept_for_review_or_manual_approval,100,47,208,unique_imported,,
583,"posterior hypothalamic area, dorsal part",PHD,"posterior hypothalamic area, dorsal part",deepseek_paxinos_full_list,Imported from ordered DeepSeek/Paxinos acronym list using V33.8 graph_order/label_id order. Non-dash and non-duplicate proposal.,deepseek_paxinos_candidate,approved,PHADP_583,"posterior hypothalamic area, dorsal part",kept_for_review_or_manual_approval,183,154,242,unique_imported,,
584,parainterfascicular nucleus of the VTA,PIF,parainterfascicular nucleus of the VTA,deepseek_paxinos_full_list,Imported from ordered DeepSeek/Paxinos acronym list using V33.8 graph_order/label_id order. Non-dash and non-duplicate proposal.,deepseek_paxinos_candidate,approved,PNOTV_584,parainterfascicular nucleus of the VTA,kept_for_review_or_manual_approval,187,154,255,unique_imported,,
585,posterior intralaminar thalamic nucleus,PIL,posterior intralaminar thalamic nucleus,deepseek_paxinos_full_list,Imported from ordered DeepSeek/Paxinos acronym list using V33.8 graph_order/label_id order. Non-dash and non-duplicate proposal.,deepseek_paxinos_candidate,approved,PITN_585,posterior intralaminar thalamic nucleus,kept_for_review_or_manual_approval,233,189,71,unique_imported,,
586,paralemniscal nucleus,PL,paralemniscal nucleus,deepseek_paxinos_full_list,Imported from ordered DeepSeek/Paxinos acronym list using V33.8 graph_order/label_id order. Non-dash and non-duplicate proposal.,deepseek_paxinos_candidate,approved,PN_586,paralemniscal nucleus,kept_for_review_or_manual_approval,111,71,191,unique_imported,,
587,posterolateral cortical amygdaloid nucleus,PLCo,posterolateral cortical amygdaloid nucleus,deepseek_paxinos_full_list,Imported from ordered DeepSeek/Paxinos acronym list using V33.8 graph_order/label_id order. Non-dash and non-duplicate proposal.,deepseek_paxinos_candidate,approved,PCAN_587,posterolateral cortical amygdaloid nucleus,kept_for_review_or_manual_approval,233,113,59,unique_imported,,
588,-------,PCOP5B_588,possible_container_or_parent_588_between_posterolateral cortical amygda__and__peduncular part of lateral hyp,paxinos_placeholder,"Raw Paxinos label name is placeholder ""-------""; no anatomical acronym assigned. Stable unique placeholder used. | sanitized: placeholder raw label kept non-applying and aligned to current structure metadata",low,do_not_apply,PCOP5B_588,possible_container_or_parent_588_between_posterolateral cortical amygda__and__peduncular part of lateral hyp,kept_nonapplying_placeholder_aligned_to_current,255,140,89,,,
589,-------,PCOP5B_589,possible_container_or_parent_589_between_posterolateral cortical amygda__and__peduncular part of lateral hyp,paxinos_placeholder,"Raw Paxinos label name is placeholder ""-------""; no anatomical acronym assigned. Stable unique placeholder used. | sanitized: placeholder raw label kept non-applying and aligned to current structure metadata",low,do_not_apply,PCOP5B_589,possible_container_or_parent_589_between_posterolateral cortical amygda__and__peduncular part of lateral hyp,kept_nonapplying_placeholder_aligned_to_current,255,79,0,,,
590,-------,PCOP5B_590,possible_container_or_parent_590_between_posterolateral cortical amygda__and__peduncular part of lateral hyp,paxinos_placeholder,"Raw Paxinos label name is placeholder ""-------""; no anatomical acronym assigned. Stable unique placeholder used. | sanitized: placeholder raw label kept non-applying and aligned to current structure metadata",low,do_not_apply,PCOP5B_590,possible_container_or_parent_590_between_posterolateral cortical amygda__and__peduncular part of lateral hyp,kept_nonapplying_placeholder_aligned_to_current,255,202,178,,,
591,peduncular part of lateral hypothalamus,PLH,peduncular part of lateral hypothalamus,deepseek_paxinos_full_list,Imported from ordered DeepSeek/Paxinos acronym list using V33.8 graph_order/label_id order. Non-dash and non-duplicate proposal.,deepseek_paxinos_candidate,approved,PPOLH_591,peduncular part of lateral hypothalamus,kept_for_review_or_manual_approval,178,154,225,unique_imported,,
592,"perilemniscal nucleus, ventral part",PerL,"perilemniscal nucleus, ventral part",deepseek_paxinos_full_list,Imported from ordered DeepSeek/Paxinos acronym list using V33.8 graph_order/label_id order. Non-dash and non-duplicate proposal.,deepseek_paxinos_candidate,approved,PNVP_592,"perilemniscal nucleus, ventral part",kept_for_review_or_manual_approval,119,71,216,unique_imported,,
593,paralambdoid septal nucleus,PLa,paralambdoid septal nucleus,deepseek_paxinos_full_list,Imported from ordered DeepSeek/Paxinos acronym list using V33.8 graph_order/label_id order. Non-dash and non-duplicate proposal.,deepseek_paxinos_candidate,approved,PSN_593,paralambdoid septal nucleus,kept_for_review_or_manual_approval,109,47,233,unique_imported,,
594,posterior limitans thalamic nucleus,PLi,posterior limitans thalamic nucleus,deepseek_paxinos_full_list,Imported from ordered DeepSeek/Paxinos acronym list using V33.8 graph_order/label_id order. Non-dash and non-duplicate proposal.,deepseek_paxinos_candidate,approved,PLTN_594,posterior limitans thalamic nucleus,kept_for_review_or_manual_approval,107,59,203,unique_imported,,
595,paramedian lobule,PM,paramedian lobule,deepseek_paxinos_full_list,Imported from ordered DeepSeek/Paxinos acronym list using V33.8 graph_order/label_id order. Non-dash and non-duplicate proposal.,deepseek_paxinos_candidate,approved,PL_595,paramedian lobule,kept_for_review_or_manual_approval,76,166,199,unique_imported,,
596,posteromedial cortical amygdaloid nucleus,PMCo,posteromedial cortical amygdaloid nucleus,deepseek_paxinos_full_list,Imported from ordered DeepSeek/Paxinos acronym list using V33.8 graph_order/label_id order. Non-dash and non-duplicate proposal.,deepseek_paxinos_candidate,approved,PCAN_596,posteromedial cortical amygdaloid nucleus,kept_for_review_or_manual_approval,255,203,178,unique_imported,,
597,"premammillary nucleus, dorsal part",PMD,"premammillary nucleus, dorsal part",deepseek_paxinos_full_list,Imported from ordered DeepSeek/Paxinos acronym list using V33.8 graph_order/label_id order. Non-dash and non-duplicate proposal.,deepseek_paxinos_candidate,approved,PNDP_597,"premammillary nucleus, dorsal part",kept_for_review_or_manual_approval,233,153,89,unique_imported,,
598,"premammillary nucleus, ventral part",PMV,"premammillary nucleus, ventral part",deepseek_paxinos_full_list,Imported from ordered DeepSeek/Paxinos acronym list using V33.8 graph_order/label_id order. Non-dash and non-duplicate proposal.,deepseek_paxinos_candidate,approved,PNVP_598,"premammillary nucleus, ventral part",kept_for_review_or_manual_approval,255,163,89,unique_imported,,
599,paramedian reticular nucleus,PMn,paramedian reticular nucleus,deepseek_paxinos_full_list,Imported from ordered DeepSeek/Paxinos acronym list using V33.8 graph_order/label_id order. Non-dash and non-duplicate proposal.,deepseek_paxinos_candidate,approved,PRN_599,paramedian reticular nucleus,kept_for_review_or_manual_approval,127,186,207,unique_imported,,
600,paramedian raphe nucleus,PMR,paramedian raphe nucleus,deepseek_paxinos_full_list,Imported from ordered DeepSeek/Paxinos acronym list using V33.8 graph_order/label_id order. Non-dash and non-duplicate proposal.,deepseek_paxinos_candidate,approved,PRN_600,paramedian raphe nucleus,kept_for_review_or_manual_approval,0,223,183,unique_imported,,
601,paranigral nucleus of the VTA,PN,paranigral nucleus of the VTA,deepseek_paxinos_full_list,Imported from ordered DeepSeek/Paxinos acronym list using V33.8 graph_order/label_id order. Non-dash and non-duplicate proposal.,deepseek_paxinos_candidate,approved,PNOTV_601,paranigral nucleus of the VTA,kept_for_review_or_manual_approval,142,244,172,unique_imported,,
602,periolivary horn,POH,periolivary horn,deepseek_paxinos_full_list,Imported from ordered DeepSeek/Paxinos acronym list using V33.8 graph_order/label_id order. Non-dash and non-duplicate proposal.,deepseek_paxinos_candidate,approved,PH_602,periolivary horn,kept_for_review_or_manual_approval,127,71,237,unique_imported,,
603,peripeduncular nucleus,PP,peripeduncular nucleus,deepseek_paxinos_full_list,Imported from ordered DeepSeek/Paxinos acronym list using V33.8 graph_order/label_id order. Non-dash and non-duplicate proposal.,deepseek_paxinos_candidate,approved,PN_603,peripeduncular nucleus,kept_for_review_or_manual_approval,130,83,225,unique_imported,,
604,posterior pretectal nucleus,PPT,posterior pretectal nucleus,deepseek_paxinos_full_list,Imported from ordered DeepSeek/Paxinos acronym list using V33.8 graph_order/label_id order. Non-dash and non-duplicate proposal.,deepseek_paxinos_candidate,approved,PPN_604,posterior pretectal nucleus,kept_for_review_or_manual_approval,106,59,199,unique_imported,,
606,parapyramidal nucleus,PPy,parapyramidal nucleus,deepseek_paxinos_full_list,Imported from ordered DeepSeek/Paxinos acronym list using V33.8 graph_order/label_id order. Non-dash and non-duplicate proposal.,deepseek_paxinos_candidate,approved,PN_606,parapyramidal nucleus,kept_for_review_or_manual_approval,104,47,216,unique_imported,,
608,perirhinal cortex,PRh,perirhinal cortex,deepseek_paxinos_full_list,Imported from ordered DeepSeek/Paxinos acronym list using V33.8 graph_order/label_id order. Non-dash and non-duplicate proposal.,deepseek_paxinos_candidate,approved,PRh,perirhinal cortex,kept_for_review_or_manual_approval,235,244,0,unique_imported,,
609,parastrial nucleus,PS,parastrial nucleus,deepseek_paxinos_full_list,Imported from ordered DeepSeek/Paxinos acronym list using V33.8 graph_order/label_id order. Non-dash and non-duplicate proposal.,deepseek_paxinos_candidate,approved,PN_609,parastrial nucleus,kept_for_review_or_manual_approval,223,95,0,unique_imported,,
610,parasubthalamic nucleus,PSTn,parasubthalamic nucleus,deepseek_paxinos_full_list,Imported from ordered DeepSeek/Paxinos acronym list using V33.8 graph_order/label_id order. Non-dash and non-duplicate proposal.,deepseek_paxinos_candidate,approved,PN_610,parasubthalamic nucleus,kept_for_review_or_manual_approval,255,218,89,unique_imported,,
611,parasolitary nucleus,PSol,parasolitary nucleus,deepseek_paxinos_full_list,Imported from ordered DeepSeek/Paxinos acronym list using V33.8 graph_order/label_id order. Non-dash and non-duplicate proposal.,deepseek_paxinos_candidate,approved,PN_611,parasolitary nucleus,kept_for_review_or_manual_approval,76,190,231,unique_imported,,
612,paratenial thalamic nucleus,PT,paratenial thalamic nucleus,deepseek_paxinos_full_list,Imported from ordered DeepSeek/Paxinos acronym list using V33.8 graph_order/label_id order. Non-dash and non-duplicate proposal.,deepseek_paxinos_candidate,approved,PTN_612,paratenial thalamic nucleus,kept_for_review_or_manual_approval,244,216,142,unique_imported,,
613,paraterete nucleus,PTer,paraterete nucleus,deepseek_paxinos_full_list,Imported from ordered DeepSeek/Paxinos acronym list using V33.8 graph_order/label_id order. Non-dash and non-duplicate proposal.,deepseek_paxinos_candidate,approved,PN_613,paraterete nucleus,kept_for_review_or_manual_approval,81,11,216,unique_imported,,
614,pedunculopontine tegmental nucleus,PTg,pedunculopontine tegmental nucleus,deepseek_paxinos_full_list,Imported from ordered DeepSeek/Paxinos acronym list using V33.8 graph_order/label_id order. Non-dash and non-duplicate proposal.,deepseek_paxinos_candidate,approved,PTN_614,pedunculopontine tegmental nucleus,kept_for_review_or_manual_approval,172,142,229,unique_imported,,
615,paraventricular thalamic nucleus,PV,paraventricular thalamic nucleus,deepseek_paxinos_full_list,Imported from ordered DeepSeek/Paxinos acronym list using V33.8 graph_order/label_id order. Non-dash and non-duplicate proposal.,deepseek_paxinos_candidate,approved,PTN_615,paraventricular thalamic nucleus,kept_for_review_or_manual_approval,223,163,0,unique_imported,,
616,"paraventricular thalamic nucleus, anterior part",PVA,"paraventricular thalamic nucleus, anterior part",deepseek_paxinos_full_list,Imported from ordered DeepSeek/Paxinos acronym list using V33.8 graph_order/label_id order. Non-dash and non-duplicate proposal.,deepseek_paxinos_candidate,approved,PTNAP_616,"paraventricular thalamic nucleus, anterior part",kept_for_review_or_manual_approval,212,174,71,unique_imported,,
617,"paraventricular thalamic nucleus, posterior part",PVP,"paraventricular thalamic nucleus, posterior part",deepseek_paxinos_full_list,Imported from ordered DeepSeek/Paxinos acronym list using V33.8 graph_order/label_id order. Non-dash and non-duplicate proposal.,deepseek_paxinos_candidate,approved,PTNPP_617,"paraventricular thalamic nucleus, posterior part",kept_for_review_or_manual_approval,244,207,107,unique_imported,,
618,-------,USOL6B_618,unresolved_small_or_local_618_between_paraventricular thalamic nucle__and__paraventricular hypoth nucleus,paxinos_placeholder,"Raw Paxinos label name is placeholder ""-------""; no anatomical acronym assigned. Stable unique placeholder used. | sanitized: placeholder raw label kept non-applying and aligned to current structure metadata",low,do_not_apply,USOL6B_618,unresolved_small_or_local_618_between_paraventricular thalamic nucle__and__paraventricular hypoth nucleus,kept_nonapplying_placeholder_aligned_to_current,255,214,178,,,
619,paraventricular hypothalamic nucleus,Pa,paraventricular hypothalamic nucleus,deepseek_paxinos_full_list,Imported from ordered DeepSeek/Paxinos acronym list using V33.8 graph_order/label_id order. Non-dash and non-duplicate proposal.,deepseek_paxinos_candidate,approved,PHN_619,paraventricular hypoth nucleus,kept_for_review_or_manual_approval,255,166,89,unique_imported,,
620,paratrochlear nucleus,Pa4,paratrochlear nucleus,deepseek_paxinos_full_list,Imported from ordered DeepSeek/Paxinos acronym list using V33.8 graph_order/label_id order. Non-dash and non-duplicate proposal.,deepseek_paxinos_candidate,approved,PN_620,paratrochlear nucleus,kept_for_review_or_manual_approval,90,23,220,unique_imported,,
621,paratrigeminal nucleus,Pa5,paratrigeminal nucleus,deepseek_paxinos_full_list,Imported from ordered DeepSeek/Paxinos acronym list using V33.8 graph_order/label_id order. Non-dash and non-duplicate proposal.,deepseek_paxinos_candidate,approved,PN_621,paratrigeminal nucleus,kept_for_review_or_manual_approval,51,194,247,unique_imported,,
622,paraabducens nucleus,Pa6,paraabducens nucleus,deepseek_paxinos_full_list,Imported from ordered DeepSeek/Paxinos acronym list using V33.8 graph_order/label_id order. Non-dash and non-duplicate proposal.,deepseek_paxinos_candidate,approved,PN_622,paraabducens nucleus,kept_for_review_or_manual_approval,101,23,250,unique_imported,,
624,"paraventricular hypothalamic nucleus, anterior parvicellular part",PaAP,"paraventricular hypothalamic nucleus, anterior parvicellular part",deepseek_paxinos_full_list,Imported from ordered DeepSeek/Paxinos acronym list using V33.8 graph_order/label_id order. Non-dash and non-duplicate proposal.,deepseek_paxinos_candidate,approved,PHNAPP_624,"paraventricular hypothalamic nucleus, anterior parvicellular part",kept_for_review_or_manual_approval,255,150,59,unique_imported,,
625,paracommissural nucleus of the posterior commissure,PaCom,paracommissural nucleus of the posterior commissure,deepseek_paxinos_full_list,Imported from ordered DeepSeek/Paxinos acronym list using V33.8 graph_order/label_id order. Non-dash and non-duplicate proposal.,deepseek_paxinos_candidate,approved,PNOTPC_625,paracommissural nucleus of the posterior commissure,kept_for_review_or_manual_approval,122,71,220,unique_imported,,
626,"paraventricular hypothalamic nucleus, dorsal cap",PaDC,"paraventricular hypothalamic nucleus, dorsal cap",deepseek_paxinos_full_list,Imported from ordered DeepSeek/Paxinos acronym list using V33.8 graph_order/label_id order. Non-dash and non-duplicate proposal.,deepseek_paxinos_candidate,approved,PHNDC_626,"paraventricular hypothalamic nucleus, dorsal cap",kept_for_review_or_manual_approval,233,109,0,unique_imported,,
627,"paraventricular hypothalamic nucleus, lateral magnocellular part",PaLM,"paraventricular hypothalamic nucleus, lateral magnocellular part",deepseek_paxinos_full_list,Imported from ordered DeepSeek/Paxinos acronym list using V33.8 graph_order/label_id order. Non-dash and non-duplicate proposal.,deepseek_paxinos_candidate,approved,PHNLMP_627,"paraventricular hypothalamic nucleus, lateral magnocellular part",kept_for_review_or_manual_approval,255,119,0,unique_imported,,
628,"paraventricular hypothalamic nucleus, medial magnocellular part",PaMM,"paraventricular hypothalamic nucleus, medial magnocellular part",deepseek_paxinos_full_list,Imported from ordered DeepSeek/Paxinos acronym list using V33.8 graph_order/label_id order. Non-dash and non-duplicate proposal.,deepseek_paxinos_candidate,approved,PHNMMP_628,"paraventricular hypothalamic nucleus, medial magnocellular part",kept_for_review_or_manual_approval,196,166,255,unique_imported,,
629,"paraventricular hypothalamic nucleus, medial parvicellular part",PaMP,"paraventricular hypothalamic nucleus, medial parvicellular part",deepseek_paxinos_full_list,Imported from ordered DeepSeek/Paxinos acronym list using V33.8 graph_order/label_id order. Non-dash and non-duplicate proposal.,deepseek_paxinos_candidate,approved,PHNMPP_629,"paraventricular hypothalamic nucleus, medial parvicellular part",kept_for_review_or_manual_approval,233,141,59,unique_imported,,
630,"paraventricular hypothalamic nucleus, posterior part",PaPo,"paraventricular hypothalamic nucleus, posterior part",deepseek_paxinos_full_list,Imported from ordered DeepSeek/Paxinos acronym list using V33.8 graph_order/label_id order. Non-dash and non-duplicate proposal.,deepseek_paxinos_candidate,approved,PHNPP_630,"paraventricular hypothalamic nucleus, posterior part",kept_for_review_or_manual_approval,255,214,178,unique_imported,,
631,pararubral nucleus,PaR,pararubral nucleus,deepseek_paxinos_full_list,Imported from ordered DeepSeek/Paxinos acronym list using V33.8 graph_order/label_id order. Non-dash and non-duplicate proposal.,deepseek_paxinos_candidate,approved,PN_631,pararubral nucleus,kept_for_review_or_manual_approval,46,0,255,unique_imported,,
632,parasubiculum,PaS,parasubiculum,deepseek_paxinos_full_list,Imported from ordered DeepSeek/Paxinos acronym list using V33.8 graph_order/label_id order. Non-dash and non-duplicate proposal.,deepseek_paxinos_candidate,approved,P_632,parasubiculum,kept_for_review_or_manual_approval,182,223,0,unique_imported,,
633,"paraventricular hypothalamic nucleus, ventral part",PaV,"paraventricular hypothalamic nucleus, ventral part",deepseek_paxinos_full_list,Imported from ordered DeepSeek/Paxinos acronym list using V33.8 graph_order/label_id order. Non-dash and non-duplicate proposal.,deepseek_paxinos_candidate,approved,PHNVP_633,"paraventricular hypothalamic nucleus, ventral part",kept_for_review_or_manual_approval,255,183,118,unique_imported,,
634,paraxiphoid nucleus of thalamus,PaXi,paraxiphoid nucleus of thalamus,deepseek_paxinos_full_list,Imported from ordered DeepSeek/Paxinos acronym list using V33.8 graph_order/label_id order. Non-dash and non-duplicate proposal.,deepseek_paxinos_candidate,approved,PNOT_634,paraxiphoid nucleus of thalamus,kept_for_review_or_manual_approval,244,178,0,unique_imported,,
635,periventricular hypothalamic nucleus,Pe,periventricular hypothalamic nucleus,deepseek_paxinos_full_list,Imported from ordered DeepSeek/Paxinos acronym list using V33.8 graph_order/label_id order. Non-dash and non-duplicate proposal.,deepseek_paxinos_candidate,approved,PHN_635,periventricular hypothalamic nucleus,kept_for_review_or_manual_approval,255,170,89,unique_imported,,
636,perifornical nucleus,PeF,perifornical nucleus,deepseek_paxinos_full_list,Imported from ordered DeepSeek/Paxinos acronym list using V33.8 graph_order/label_id order. Non-dash and non-duplicate proposal.,deepseek_paxinos_candidate,approved,PN_636,perifornical nucleus,kept_for_review_or_manual_approval,255,154,89,unique_imported,,
637,perifornical part of lateral hypothalamus,PeFLH,perifornical part of lateral hypothalamus,deepseek_paxinos_full_list,Imported from ordered DeepSeek/Paxinos acronym list using V33.8 graph_order/label_id order. Non-dash and non-duplicate proposal.,deepseek_paxinos_candidate,approved,PPOLH_637,perifornical part of lateral hypothalamus,kept_for_review_or_manual_approval,149,118,208,unique_imported,,
638,pineal gland,Pi,pineal gland,deepseek_paxinos_full_list,Imported from ordered DeepSeek/Paxinos acronym list using V33.8 graph_order/label_id order. Non-dash and non-duplicate proposal.,deepseek_paxinos_candidate,approved,PG_638,pineal gland,kept_for_review_or_manual_approval,255,238,178,unique_imported,,
640,pineal stalk,PiSt,pineal stalk,deepseek_paxinos_full_list,Imported from ordered DeepSeek/Paxinos acronym list using V33.8 graph_order/label_id order. Non-dash and non-duplicate proposal.,deepseek_paxinos_candidate,approved,PS_640,pineal stalk,kept_for_review_or_manual_approval,154,119,220,unique_imported,,
641,piriform cortex,Pir,piriform cortex,deepseek_paxinos_full_list,Imported from ordered DeepSeek/Paxinos acronym list using V33.8 graph_order/label_id order. Non-dash and non-duplicate proposal.,deepseek_paxinos_candidate,approved,PC_641,piriform cortex,kept_for_review_or_manual_approval,237,255,0,unique_imported,,
642,-------,PLG6BP_642,possible_layer_group_642_between_piriform cortex__and__Purkinje cell layer of the cer,paxinos_placeholder,"Raw Paxinos label name is placeholder ""-------""; no anatomical acronym assigned. Stable unique placeholder used. | sanitized: placeholder raw label kept non-applying and aligned to current structure metadata",low,do_not_apply,PLG6BP_642,possible_layer_group_642_between_piriform cortex__and__Purkinje cell layer of the cer,kept_nonapplying_placeholder_aligned_to_current,198,212,0,,,
643,-------,PLG6BP_643,possible_layer_group_643_between_piriform cortex__and__Purkinje cell layer of the cer,paxinos_placeholder,"Raw Paxinos label name is placeholder ""-------""; no anatomical acronym assigned. Stable unique placeholder used. | sanitized: placeholder raw label kept non-applying and aligned to current structure metadata",low,do_not_apply,PLG6BP_643,possible_layer_group_643_between_piriform cortex__and__Purkinje cell layer of the cer,kept_nonapplying_placeholder_aligned_to_current,249,255,178,,,
644,-------,PLG6BP_644,possible_layer_group_644_between_piriform cortex__and__Purkinje cell layer of the cer,paxinos_placeholder,"Raw Paxinos label name is placeholder ""-------""; no anatomical acronym assigned. Stable unique placeholder used. | sanitized: placeholder raw label kept non-applying and aligned to current structure metadata",low,do_not_apply,PLG6BP_644,possible_layer_group_644_between_piriform cortex__and__Purkinje cell layer of the cer,kept_nonapplying_placeholder_aligned_to_current,237,255,0,,,
645,-------,PLG6BP_645,possible_layer_group_645_between_piriform cortex__and__Purkinje cell layer of the cer,paxinos_placeholder,"Raw Paxinos label name is placeholder ""-------""; no anatomical acronym assigned. Stable unique placeholder used. | sanitized: placeholder raw label kept non-applying and aligned to current structure metadata",low,do_not_apply,PLG6BP_645,possible_layer_group_645_between_piriform cortex__and__Purkinje cell layer of the cer,kept_nonapplying_placeholder_aligned_to_current,243,255,89,,,
646,-------,PLG6BP_646,possible_layer_group_646_between_piriform cortex__and__Purkinje cell layer of the cer,paxinos_placeholder,"Raw Paxinos label name is placeholder ""-------""; no anatomical acronym assigned. Stable unique placeholder used. | sanitized: placeholder raw label kept non-applying and aligned to current structure metadata",low,do_not_apply,PLG6BP_646,possible_layer_group_646_between_piriform cortex__and__Purkinje cell layer of the cer,kept_nonapplying_placeholder_aligned_to_current,216,233,0,,,
648,pleoglial periaqueductal gray,PlPAG,pleoglial periaqueductal gray,deepseek_paxinos_full_list,Imported from ordered DeepSeek/Paxinos acronym list using V33.8 graph_order/label_id order. Non-dash and non-duplicate proposal.,deepseek_paxinos_candidate,approved,PPG_648,pleoglial periaqueductal gray,kept_for_review_or_manual_approval,118,120,255,unique_imported,,
649,pontine nuclei,Pn,pontine nuclei,deepseek_paxinos_full_list_duplicate_conflict,DeepSeek/Paxinos full-list proposal produced a duplicate acronym; left pending for manual disambiguation. | V33.9b: non-approved duplicate proposal sanitized to a unique non-applied placeholder/current acronym so strict resource validator can pass; review_status was preserved.,conflict,approved,PN_649,pontine nuclei,kept_for_review_or_manual_approval,89,255,208,duplicate_conflict_not_auto_approved; v33_9b_pending_duplicate_sanitized_to_unique_current_acronym,manual_chat_curation_2026-06-23,approved_cleaned_region_acronym_resolved_duplicate_with_existing_PN_paranigral_nucleus
650,"pontine reticular nucleus, caudal part",PnC,"pontine reticular nucleus, caudal part",deepseek_paxinos_full_list,Imported from ordered DeepSeek/Paxinos acronym list using V33.8 graph_order/label_id order. Non-dash and non-duplicate proposal.,deepseek_paxinos_candidate,approved,PRNCP_650,"pontine reticular nucleus, caudal part",kept_for_review_or_manual_approval,0,255,185,unique_imported,,
651,"pontine reticular nucleus, oral part",PnO,"pontine reticular nucleus, oral part",deepseek_paxinos_full_list,Imported from ordered DeepSeek/Paxinos acronym list using V33.8 graph_order/label_id order. Non-dash and non-duplicate proposal.,deepseek_paxinos_candidate,approved,PRNOP_651,"pontine reticular nucleus, oral part",kept_for_review_or_manual_approval,118,255,218,unique_imported,,
652,pontine raphe nucleus,PnR,pontine raphe nucleus,deepseek_paxinos_full_list,Imported from ordered DeepSeek/Paxinos acronym list using V33.8 graph_order/label_id order. Non-dash and non-duplicate proposal.,deepseek_paxinos_candidate,approved,PRN_652,pontine raphe nucleus,kept_for_review_or_manual_approval,0,255,180,unique_imported,,
653,"pontine reticular nucleus, ventral part",PnV,"pontine reticular nucleus, ventral part",deepseek_paxinos_full_list,Imported from ordered DeepSeek/Paxinos acronym list using V33.8 graph_order/label_id order. Non-dash and non-duplicate proposal.,deepseek_paxinos_candidate,approved,PRNVP_653,"pontine reticular nucleus, ventral part",kept_for_review_or_manual_approval,0,255,180,unique_imported,,
654,posterior thalamic nuclear group,Po,posterior thalamic nuclear group,deepseek_paxinos_full_list,Imported from ordered DeepSeek/Paxinos acronym list using V33.8 graph_order/label_id order. Non-dash and non-duplicate proposal.,deepseek_paxinos_candidate,approved,PTNG_654,posterior thalamic nuclear group,kept_for_review_or_manual_approval,223,178,89,unique_imported,,
655,polymorph layer of the dentate gyrus,PoDG,polymorph layer of the dentate gyrus,deepseek_paxinos_full_list,Imported from ordered DeepSeek/Paxinos acronym list using V33.8 graph_order/label_id order. Non-dash and non-duplicate proposal.,deepseek_paxinos_candidate,approved,PLOTDG_655,polymorph layer of the dentate gyrus,kept_for_review_or_manual_approval,244,255,178,unique_imported,,
656,posteromedian thalamic nucleus,Pom,posteromedian thalamic nucleus,deepseek_paxinos_full_list,Imported from ordered DeepSeek/Paxinos acronym list using V33.8 graph_order/label_id order. Non-dash and non-duplicate proposal.,deepseek_paxinos_candidate,approved,PTN_656,posteromedian thalamic nucleus,kept_for_review_or_manual_approval,255,186,0,unique_imported,,
657,"posterior thalamic nuclear group, triangular part",PoT,"posterior thalamic nuclear group, triangular part",deepseek_paxinos_full_list,Imported from ordered DeepSeek/Paxinos acronym list using V33.8 graph_order/label_id order. Non-dash and non-duplicate proposal.,deepseek_paxinos_candidate,approved,PTNGTP_657,"posterior thalamic nuclear group, triangular part",kept_for_review_or_manual_approval,255,169,0,unique_imported,,
658,postsubiculum,Post,postsubiculum,deepseek_paxinos_full_list,Imported from ordered DeepSeek/Paxinos acronym list using V33.8 graph_order/label_id order. Non-dash and non-duplicate proposal.,deepseek_paxinos_candidate,approved,P_658,postsubiculum,kept_for_review_or_manual_approval,208,255,0,unique_imported,,
659,prepositus nucleus,Pr,prepositus nucleus,deepseek_paxinos_full_list,Imported from ordered DeepSeek/Paxinos acronym list using V33.8 graph_order/label_id order. Non-dash and non-duplicate proposal.,deepseek_paxinos_candidate,approved,PN_659,prepositus nucleus,kept_for_review_or_manual_approval,116,59,225,unique_imported,,
660,principal sensory trigeminal nucleus,Pr5,principal sensory trigeminal nucleus,deepseek_paxinos_full_list,Imported from ordered DeepSeek/Paxinos acronym list using V33.8 graph_order/label_id order. Non-dash and non-duplicate proposal.,deepseek_paxinos_candidate,approved,PSTN_660,principal sensory trigeminal nucleus,kept_for_review_or_manual_approval,89,242,183,unique_imported,,
661,"principal sensory trigeminal nucleus, dorsomedial part",Pr5DM,"principal sensory trigeminal nucleus, dorsomedial part",deepseek_paxinos_full_list,Imported from ordered DeepSeek/Paxinos acronym list using V33.8 graph_order/label_id order. Non-dash and non-duplicate proposal.,deepseek_paxinos_candidate,approved,PSTNDP_661,"principal sensory trigeminal nucleus, dorsomedial part",kept_for_review_or_manual_approval,178,255,224,unique_imported,,
662,"principal sensory trigeminal nucleus, ventrolateral part",Pr5VL,"principal sensory trigeminal nucleus, ventrolateral part",deepseek_paxinos_full_list,Imported from ordered DeepSeek/Paxinos acronym list using V33.8 graph_order/label_id order. Non-dash and non-duplicate proposal.,deepseek_paxinos_candidate,approved,PSTNVP_662,"principal sensory trigeminal nucleus, ventrolateral part",kept_for_review_or_manual_approval,0,255,158,unique_imported,,
663,pre-Botzinger complex,PreBöt,pre-Botzinger complex,deepseek_paxinos_full_list,Imported from ordered DeepSeek/Paxinos acronym list using V33.8 graph_order/label_id order. Non-dash and non-duplicate proposal.,deepseek_paxinos_candidate,approved,PBC_663,pre-Botzinger complex,kept_for_review_or_manual_approval,101,47,203,unique_imported,,
664,precommissural nucleus,PrC,precommissural nucleus,deepseek_paxinos_full_list,Imported from ordered DeepSeek/Paxinos acronym list using V33.8 graph_order/label_id order. Non-dash and non-duplicate proposal.,deepseek_paxinos_candidate,approved,PN_664,precommissural nucleus,kept_for_review_or_manual_approval,115,47,242,unique_imported,,
665,precuneiform area,PrCnF,precuneiform area,deepseek_paxinos_full_list,Imported from ordered DeepSeek/Paxinos acronym list using V33.8 graph_order/label_id order. Non-dash and non-duplicate proposal.,deepseek_paxinos_candidate,approved,PA_665,precuneiform area,kept_for_review_or_manual_approval,166,130,233,unique_imported,,
666,pre-Edinger-Westphal nucleus,PrEW,pre-Edinger-Westphal nucleus,deepseek_paxinos_full_list,Imported from ordered DeepSeek/Paxinos acronym list using V33.8 graph_order/label_id order. Non-dash and non-duplicate proposal.,deepseek_paxinos_candidate,approved,PEWN_666,pre-Edinger-Westphal nucleus,kept_for_review_or_manual_approval,183,154,237,unique_imported,,
667,prelimbic cortex,PrL,prelimbic cortex,deepseek_paxinos_full_list,Imported from ordered DeepSeek/Paxinos acronym list using V33.8 graph_order/label_id order. Non-dash and non-duplicate proposal.,deepseek_paxinos_candidate,approved,PrL,prelimbic cortex,kept_for_review_or_manual_approval,228,233,71,unique_imported,,
668,-------,PCOP6B_668,possible_container_or_parent_668_between_prelimbic cortex__and__presubiculum,paxinos_placeholder,"Raw Paxinos label name is placeholder ""-------""; no anatomical acronym assigned. Stable unique placeholder used. | sanitized: placeholder raw label kept non-applying and aligned to current structure metadata",low,do_not_apply,PCOP6B_668,possible_container_or_parent_668_between_prelimbic cortex__and__presubiculum,kept_nonapplying_placeholder_aligned_to_current,75,11,195,,,
669,presubiculum,PrS,presubiculum,deepseek_paxinos_full_list,Imported from ordered DeepSeek/Paxinos acronym list using V33.8 graph_order/label_id order. Non-dash and non-duplicate proposal.,deepseek_paxinos_candidate,approved,P_669,presubiculum,kept_for_review_or_manual_approval,224,255,89,unique_imported,,
671,"parietal cortex, posterior area, caudal part",PtPC,"parietal cortex, posterior area, caudal part",deepseek_paxinos_full_list,Imported from ordered DeepSeek/Paxinos acronym list using V33.8 graph_order/label_id order. Non-dash and non-duplicate proposal.,deepseek_paxinos_candidate,approved,PtPC,"parietal cortex, posterior area, caudal part",kept_for_review_or_manual_approval,217,223,71,unique_imported,,
672,"parietal cortex, posterior area, dorsal part",PtPD,"parietal cortex, posterior area, dorsal part",deepseek_paxinos_full_list,Imported from ordered DeepSeek/Paxinos acronym list using V33.8 graph_order/label_id order. Non-dash and non-duplicate proposal.,deepseek_paxinos_candidate,approved,PtPD,"parietal cortex, posterior area, dorsal part",kept_for_review_or_manual_approval,204,212,0,unique_imported,,
673,"parietal cortex, posterior area, rostral part",PtPR,"parietal cortex, posterior area, rostral part",deepseek_paxinos_full_list,Imported from ordered DeepSeek/Paxinos acronym list using V33.8 graph_order/label_id order. Non-dash and non-duplicate proposal.,deepseek_paxinos_candidate,approved,PtPR,"parietal cortex, posterior area, rostral part",kept_for_review_or_manual_approval,220,223,142,unique_imported,,
674,pyramidal cell layer of the hippocampus,Py,pyramidal cell layer of the hippocampus,deepseek_paxinos_full_list,Imported from ordered DeepSeek/Paxinos acronym list using V33.8 graph_order/label_id order. Non-dash and non-duplicate proposal.,deepseek_paxinos_candidate,approved,PCLOTH_674,pyramidal cell layer of the hippocampus,kept_for_review_or_manual_approval,238,255,118,unique_imported,,
675,red nucleus,RN,red nucleus,deepseek_paxinos_full_list,Imported from ordered DeepSeek/Paxinos acronym list using V33.8 graph_order/label_id order. Non-dash and non-duplicate proposal.,deepseek_paxinos_candidate,approved,RN_675,red nucleus,kept_for_review_or_manual_approval,133,216,197,unique_imported,,
676,-------,USOL6B_676,unresolved_small_or_local_676_between_red nucleus__and__rostral amygdalopiriform area,paxinos_placeholder,"Raw Paxinos label name is placeholder ""-------""; no anatomical acronym assigned. Stable unique placeholder used. | sanitized: placeholder raw label kept non-applying and aligned to current structure metadata",low,do_not_apply,USOL6B_676,unresolved_small_or_local_676_between_red nucleus__and__rostral amygdalopiriform area,kept_nonapplying_placeholder_aligned_to_current,0,216,176,,,
677,rostral amygdalopiriform area,RAPir,rostral amygdalopiriform area,deepseek_paxinos_full_list,Imported from ordered DeepSeek/Paxinos acronym list using V33.8 graph_order/label_id order. Non-dash and non-duplicate proposal.,deepseek_paxinos_candidate,approved,RAA_677,rostral amygdalopiriform area,kept_for_review_or_manual_approval,248,255,178,unique_imported,,
678,-------,USOL6B_678,unresolved_small_or_local_678_between_rostral amygdalopiriform area__and__retroambiguus nucleus,paxinos_placeholder,"Raw Paxinos label name is placeholder ""-------""; no anatomical acronym assigned. Stable unique placeholder used. | sanitized: placeholder raw label kept non-applying and aligned to current structure metadata",low,do_not_apply,USOL6B_678,unresolved_small_or_local_678_between_rostral amygdalopiriform area__and__retroambiguus nucleus,kept_nonapplying_placeholder_aligned_to_current,242,255,89,,,
679,-------,USOL6B_679,unresolved_small_or_local_679_between_rostral amygdalopiriform area__and__retroambiguus nucleus,paxinos_placeholder,"Raw Paxinos label name is placeholder ""-------""; no anatomical acronym assigned. Stable unique placeholder used. | sanitized: placeholder raw label kept non-applying and aligned to current structure metadata",low,do_not_apply,USOL6B_679,unresolved_small_or_local_679_between_rostral amygdalopiriform area__and__retroambiguus nucleus,kept_nonapplying_placeholder_aligned_to_current,248,255,178,,,
680,-------,USOL6B_680,unresolved_small_or_local_680_between_rostral amygdalopiriform area__and__retroambiguus nucleus,paxinos_placeholder,"Raw Paxinos label name is placeholder ""-------""; no anatomical acronym assigned. Stable unique placeholder used. | sanitized: placeholder raw label kept non-applying and aligned to current structure metadata",low,do_not_apply,USOL6B_680,unresolved_small_or_local_680_between_rostral amygdalopiriform area__and__retroambiguus nucleus,kept_nonapplying_placeholder_aligned_to_current,234,255,0,,,
681,retroambiguus nucleus,RAmb,retroambiguus nucleus,deepseek_paxinos_full_list,Imported from ordered DeepSeek/Paxinos acronym list using V33.8 graph_order/label_id order. Non-dash and non-duplicate proposal.,deepseek_paxinos_candidate,approved,RN_681,retroambiguus nucleus,kept_for_review_or_manual_approval,101,23,246,unique_imported,,
683,retrochiasmatic area,RCh,retrochiasmatic area,deepseek_paxinos_full_list,Imported from ordered DeepSeek/Paxinos acronym list using V33.8 graph_order/label_id order. Non-dash and non-duplicate proposal.,deepseek_paxinos_candidate,approved,RA_683,retrochiasmatic area,kept_for_review_or_manual_approval,255,212,178,unique_imported,,
684,"retrochiasmatic area, lateral part",RChL,"retrochiasmatic area, lateral part",deepseek_paxinos_full_list,Imported from ordered DeepSeek/Paxinos acronym list using V33.8 graph_order/label_id order. Non-dash and non-duplicate proposal.,deepseek_paxinos_candidate,approved,RALP_684,"retrochiasmatic area, lateral part",kept_for_review_or_manual_approval,100,23,242,unique_imported,,
685,retroethmoid nucleus,REth,retroethmoid nucleus,deepseek_paxinos_full_list,Imported from ordered DeepSeek/Paxinos acronym list using V33.8 graph_order/label_id order. Non-dash and non-duplicate proposal.,deepseek_paxinos_candidate,approved,RN_685,retroethmoid nucleus,kept_for_review_or_manual_approval,114,71,195,unique_imported,,
686,rostral interstitial nucleus of medial longitudinal fasciculus,RI,rostral interstitial nucleus of medial longitudinal fasciculus,deepseek_paxinos_full_list,Imported from ordered DeepSeek/Paxinos acronym list using V33.8 graph_order/label_id order. Non-dash and non-duplicate proposal.,deepseek_paxinos_candidate,approved,RINOML_686,rostral interstitial nucleus of medial longitudinal fasciculus,kept_for_review_or_manual_approval,155,130,199,unique_imported,,
687,raphe interpositus nucleus,RIP,raphe interpositus nucleus,deepseek_paxinos_full_list,Imported from ordered DeepSeek/Paxinos acronym list using V33.8 graph_order/label_id order. Non-dash and non-duplicate proposal.,deepseek_paxinos_candidate,approved,RIN_687,raphe interpositus nucleus,kept_for_review_or_manual_approval,59,223,195,unique_imported,,
688,retrolemniscal nucleus,RL,retrolemniscal nucleus,deepseek_paxinos_full_list,Imported from ordered DeepSeek/Paxinos acronym list using V33.8 graph_order/label_id order. Non-dash and non-duplicate proposal.,deepseek_paxinos_candidate,approved,RN_688,retrolemniscal nucleus,kept_for_review_or_manual_approval,99,35,216,unique_imported,,
690,rostral linear nucleus of the raphe,RLi,rostral linear nucleus of the raphe,deepseek_paxinos_full_list,Imported from ordered DeepSeek/Paxinos acronym list using V33.8 graph_order/label_id order. Non-dash and non-duplicate proposal.,deepseek_paxinos_candidate,approved,RLNOTR_690,rostral linear nucleus of the raphe,kept_for_review_or_manual_approval,59,239,208,unique_imported,,
691,"red nucleus, magnocellular part",RNM,"red nucleus, magnocellular part",deepseek_paxinos_full_list,Imported from ordered DeepSeek/Paxinos acronym list using V33.8 graph_order/label_id order. Non-dash and non-duplicate proposal.,deepseek_paxinos_candidate,approved,RNMP_691,"red nucleus, magnocellular part",kept_for_review_or_manual_approval,89,255,215,unique_imported,,
692,raphe magnus nucleus,RMg,raphe magnus nucleus,deepseek_paxinos_full_list,Imported from ordered DeepSeek/Paxinos acronym list using V33.8 graph_order/label_id order. Non-dash and non-duplicate proposal.,deepseek_paxinos_candidate,approved,RMN_692,raphe magnus nucleus,kept_for_review_or_manual_approval,118,255,232,unique_imported,,
693,raphe obscurus nucleus,ROb,raphe obscurus nucleus,deepseek_paxinos_full_list,Imported from ordered DeepSeek/Paxinos acronym list using V33.8 graph_order/label_id order. Non-dash and non-duplicate proposal.,deepseek_paxinos_candidate,approved,RON_693,raphe obscurus nucleus,kept_for_review_or_manual_approval,0,255,213,unique_imported,,
694,"red nucleus, parvicellular part",RNP,"red nucleus, parvicellular part",deepseek_paxinos_full_list,Imported from ordered DeepSeek/Paxinos acronym list using V33.8 graph_order/label_id order. Non-dash and non-duplicate proposal.,deepseek_paxinos_candidate,approved,RNPP_694,"red nucleus, parvicellular part",kept_for_review_or_manual_approval,178,255,237,unique_imported,,
695,retroparafascicular nucleus,RPF,retroparafascicular nucleus,deepseek_paxinos_full_list,Imported from ordered DeepSeek/Paxinos acronym list using V33.8 graph_order/label_id order. Non-dash and non-duplicate proposal.,deepseek_paxinos_candidate,approved,RN_695,retroparafascicular nucleus,kept_for_review_or_manual_approval,153,118,216,unique_imported,,
697,raphe pallidus nucleus,RPa,raphe pallidus nucleus,deepseek_paxinos_full_list,Imported from ordered DeepSeek/Paxinos acronym list using V33.8 graph_order/label_id order. Non-dash and non-duplicate proposal.,deepseek_paxinos_candidate,approved,RPN_697,raphe pallidus nucleus,kept_for_review_or_manual_approval,0,239,200,unique_imported,,
698,retrorubral nucleus,RR,retrorubral nucleus,deepseek_paxinos_full_list,Imported from ordered DeepSeek/Paxinos acronym list using V33.8 graph_order/label_id order. Non-dash and non-duplicate proposal.,deepseek_paxinos_candidate,approved,RN_698,retrorubral nucleus,kept_for_review_or_manual_approval,158,142,229,unique_imported,,
699,retrorubral field,RRF,retrorubral field,deepseek_paxinos_full_list,Imported from ordered DeepSeek/Paxinos acronym list using V33.8 graph_order/label_id order. Non-dash and non-duplicate proposal.,deepseek_paxinos_candidate,approved,RF_699,retrorubral field,kept_for_review_or_manual_approval,40,0,216,unique_imported,,
701,retrouniens area,RUn,retrouniens area,deepseek_paxinos_full_list,Imported from ordered DeepSeek/Paxinos acronym list using V33.8 graph_order/label_id order. Non-dash and non-duplicate proposal.,deepseek_paxinos_candidate,approved,RA_701,retrouniens area,kept_for_review_or_manual_approval,115,47,237,unique_imported,,
702,retrosplenial dysgranular cortex,RSD,retrosplenial dysgranular cortex,deepseek_paxinos_full_list,Imported from ordered DeepSeek/Paxinos acronym list using V33.8 graph_order/label_id order. Non-dash and non-duplicate proposal.,deepseek_paxinos_candidate,approved,RSD,retrosplenial dysgranular cortex,kept_for_review_or_manual_approval,238,244,71,unique_imported,,
703,retrosplenial granular cortex,RSG,retrosplenial granular cortex,deepseek_paxinos_full_list,Imported from ordered DeepSeek/Paxinos acronym list using V33.8 graph_order/label_id order. Non-dash and non-duplicate proposal.,deepseek_paxinos_candidate,approved,RSG,retrosplenial granular cortex,kept_for_review_or_manual_approval,255,254,178,unique_imported,,
704,"retrosplenial granular cortex, a region",RSGa,"retrosplenial granular cortex, a region",deepseek_paxinos_full_list,Imported from ordered DeepSeek/Paxinos acronym list using V33.8 graph_order/label_id order. Non-dash and non-duplicate proposal.,deepseek_paxinos_candidate,approved,RSGa,"retrosplenial granular cortex, a region",kept_for_review_or_manual_approval,255,253,89,unique_imported,,
705,"retrosplenial granular cortex, b region",RSGb,"retrosplenial granular cortex, b region",deepseek_paxinos_full_list,Imported from ordered DeepSeek/Paxinos acronym list using V33.8 graph_order/label_id order. Non-dash and non-duplicate proposal.,deepseek_paxinos_candidate,approved,RSGb,"retrosplenial granular cortex, b region",kept_for_review_or_manual_approval,255,254,0,unique_imported,,
706,"retrosplenial granular cortex, c region",RSGc,"retrosplenial granular cortex, c region",deepseek_paxinos_full_list,Imported from ordered DeepSeek/Paxinos acronym list using V33.8 graph_order/label_id order. Non-dash and non-duplicate proposal.,deepseek_paxinos_candidate,approved,RSGc,"retrosplenial granular cortex, c region",kept_for_review_or_manual_approval,255,254,178,unique_imported,,
707,rostroventrolateral reticular nucleus,RVL,rostroventrolateral reticular nucleus,deepseek_paxinos_full_list,Imported from ordered DeepSeek/Paxinos acronym list using V33.8 graph_order/label_id order. Non-dash and non-duplicate proposal.,deepseek_paxinos_candidate,approved,RRN_707,rostroventrolateral reticular nucleus,kept_for_review_or_manual_approval,176,142,237,unique_imported,,
708,rostral ventral respiratory group,rVRG,rostral ventral respiratory group,deepseek_paxinos_full_list,Imported from ordered DeepSeek/Paxinos acronym list using V33.8 graph_order/label_id order. Non-dash and non-duplicate proposal.,deepseek_paxinos_candidate,approved,RVRG_708,rostral ventral respiratory group,kept_for_review_or_manual_approval,107,59,195,unique_imported,,
709,radiatum layer of the hippocampus,Rad,radiatum layer of the hippocampus,deepseek_paxinos_full_list,Imported from ordered DeepSeek/Paxinos acronym list using V33.8 graph_order/label_id order. Non-dash and non-duplicate proposal.,deepseek_paxinos_candidate,approved,RLOTH_709,radiatum layer of the hippocampus,kept_for_review_or_manual_approval,231,255,59,unique_imported,,
710,rhabdoid nucleus,Rbd,rhabdoid nucleus,deepseek_paxinos_full_list,Imported from ordered DeepSeek/Paxinos acronym list using V33.8 graph_order/label_id order. Non-dash and non-duplicate proposal.,deepseek_paxinos_candidate,approved,RN_710,rhabdoid nucleus,kept_for_review_or_manual_approval,112,47,229,unique_imported,,
711,reuniens thalamic nucleus,Re,reuniens thalamic nucleus,deepseek_paxinos_full_list,Imported from ordered DeepSeek/Paxinos acronym list using V33.8 graph_order/label_id order. Non-dash and non-duplicate proposal.,deepseek_paxinos_candidate,approved,RTN_711,reuniens thalamic nucleus,kept_for_review_or_manual_approval,255,186,44,unique_imported,,
712,recess of the inferior colliculus,ReIC,recess of the inferior colliculus,deepseek_paxinos_full_list,Imported from ordered DeepSeek/Paxinos acronym list using V33.8 graph_order/label_id order. Non-dash and non-duplicate proposal.,deepseek_paxinos_candidate,approved,ROTIC_712,recess of the inferior colliculus,kept_for_review_or_manual_approval,255,0,112,unique_imported,,
713,retrohippocampal region,RHi,retrohippocampal region,deepseek_paxinos_full_list,Imported from ordered DeepSeek/Paxinos acronym list using V33.8 graph_order/label_id order. Non-dash and non-duplicate proposal.,deepseek_paxinos_candidate,approved,RR_713,retrohippocampal region,kept_for_review_or_manual_approval,210,255,0,unique_imported,,
714,rhomboid thalamic nucleus,Rh,rhomboid thalamic nucleus,deepseek_paxinos_full_list,Imported from ordered DeepSeek/Paxinos acronym list using V33.8 graph_order/label_id order. Non-dash and non-duplicate proposal.,deepseek_paxinos_candidate,approved,RTN_714,rhomboid thalamic nucleus,kept_for_review_or_manual_approval,255,215,107,unique_imported,,
715,nucleus of Roller,Ro,nucleus of Roller,deepseek_paxinos_full_list,Imported from ordered DeepSeek/Paxinos acronym list using V33.8 graph_order/label_id order. Non-dash and non-duplicate proposal.,deepseek_paxinos_candidate,approved,NOR_715,nucleus of Roller,kept_for_review_or_manual_approval,159,118,233,unique_imported,,
716,reticular thalamic nucleus,Rt,reticular thalamic nucleus,deepseek_paxinos_full_list,Imported from ordered DeepSeek/Paxinos acronym list using V33.8 graph_order/label_id order. Non-dash and non-duplicate proposal.,deepseek_paxinos_candidate,approved,RTN_716,reticular thalamic nucleus,kept_for_review_or_manual_approval,201,147,0,unique_imported,,
717,reticluostrial nucleus,RStr,reticluostrial nucleus,deepseek_paxinos_full_list,Imported from ordered DeepSeek/Paxinos acronym list using V33.8 graph_order/label_id order. Non-dash and non-duplicate proposal.,deepseek_paxinos_candidate,approved,RN_717,reticluostrial nucleus,kept_for_review_or_manual_approval,123,59,237,unique_imported,,
718,reticulotegmental nucleus of the pons,RtTg,reticulotegmental nucleus of the pons,deepseek_paxinos_full_list,Imported from ordered DeepSeek/Paxinos acronym list using V33.8 graph_order/label_id order. Non-dash and non-duplicate proposal.,deepseek_paxinos_candidate,approved,RNOTP_718,reticulotegmental nucleus of the pons,kept_for_review_or_manual_approval,0,229,199,unique_imported,,
719,"reticulotegmental nucleus of the pons, lateral part",RtTgL,"reticulotegmental nucleus of the pons, lateral part",deepseek_paxinos_full_list,Imported from ordered DeepSeek/Paxinos acronym list using V33.8 graph_order/label_id order. Non-dash and non-duplicate proposal.,deepseek_paxinos_candidate,approved,RNOTPL_719,"reticulotegmental nucleus of the pons, lateral part",kept_for_review_or_manual_approval,178,255,244,unique_imported,,
720,"reticulotegmental nucleus of the pons, pericentral part",RtTgP,"reticulotegmental nucleus of the pons, pericentral part",deepseek_paxinos_full_list,Imported from ordered DeepSeek/Paxinos acronym list using V33.8 graph_order/label_id order. Non-dash and non-duplicate proposal.,deepseek_paxinos_candidate,approved,RNOTPP_720,"reticulotegmental nucleus of the pons, pericentral part",kept_for_review_or_manual_approval,0,255,222,unique_imported,,
721,primary somatosensory cortex,S1,primary somatosensory cortex,deepseek_paxinos_full_list,Imported from ordered DeepSeek/Paxinos acronym list using V33.8 graph_order/label_id order. Non-dash and non-duplicate proposal.,deepseek_paxinos_candidate,approved,S1,primary somatosensory cortex,kept_for_review_or_manual_approval,232,233,0,unique_imported,,
722,"primary somatosensory cortex, barrel field",S1BF,"primary somatosensory cortex, barrel field",deepseek_paxinos_full_list,Imported from ordered DeepSeek/Paxinos acronym list using V33.8 graph_order/label_id order. Non-dash and non-duplicate proposal.,deepseek_paxinos_candidate,approved,S1BF,"primary somatosensory cortex, barrel field",kept_for_review_or_manual_approval,254,255,0,unique_imported,,
723,"primary somatosensory cortex, dysgranular  zone",S1DZ,"primary somatosensory cortex, dysgranular  zone",deepseek_paxinos_full_list,Imported from ordered DeepSeek/Paxinos acronym list using V33.8 graph_order/label_id order. Non-dash and non-duplicate proposal.,deepseek_paxinos_candidate,approved,S1DZ,"primary somatosensory cortex, dysgranular  zone",kept_for_review_or_manual_approval,254,255,59,unique_imported,,
724,"primary somatosensory cortex, oral dysgranular zone",S1DZO,"primary somatosensory cortex, oral dysgranular zone",deepseek_paxinos_full_list,Imported from ordered DeepSeek/Paxinos acronym list using V33.8 graph_order/label_id order. Non-dash and non-duplicate proposal.,deepseek_paxinos_candidate,approved,S1DZO,"primary somatosensory cortex, oral dysgranular zone",kept_for_review_or_manual_approval,232,233,0,unique_imported,,
725,"primary somatosensory cortex, forelimb region",S1FL,"primary somatosensory cortex, forelimb region",deepseek_paxinos_full_list,Imported from ordered DeepSeek/Paxinos acronym list using V33.8 graph_order/label_id order. Non-dash and non-duplicate proposal.,deepseek_paxinos_candidate,approved,S1FL,"primary somatosensory cortex, forelimb region",kept_for_review_or_manual_approval,254,255,178,unique_imported,,
726,"primary somatosensory cortex, hindlimb region",S1HL,"primary somatosensory cortex, hindlimb region",deepseek_paxinos_full_list,Imported from ordered DeepSeek/Paxinos acronym list using V33.8 graph_order/label_id order. Non-dash and non-duplicate proposal.,deepseek_paxinos_candidate,approved,S1HL,"primary somatosensory cortex, hindlimb region",kept_for_review_or_manual_approval,211,212,59,unique_imported,,
727,"primary somatosensory cortex, jaw region",S1J,"primary somatosensory cortex, jaw region",deepseek_paxinos_full_list,Imported from ordered DeepSeek/Paxinos acronym list using V33.8 graph_order/label_id order. Non-dash and non-duplicate proposal.,deepseek_paxinos_candidate,approved,S1J,"primary somatosensory cortex, jaw region",kept_for_review_or_manual_approval,232,233,59,unique_imported,,
728,"primary somatosensory cortex, shoulder region",S1Sh,"primary somatosensory cortex, shoulder region",deepseek_paxinos_full_list,Imported from ordered DeepSeek/Paxinos acronym list using V33.8 graph_order/label_id order. Non-dash and non-duplicate proposal.,deepseek_paxinos_candidate,approved,S1Sh,"primary somatosensory cortex, shoulder region",kept_for_review_or_manual_approval,210,212,0,unique_imported,,
730,"primary somatosensory cortex, trunk region",S1Tr,"primary somatosensory cortex, trunk region",deepseek_paxinos_full_list,Imported from ordered DeepSeek/Paxinos acronym list using V33.8 graph_order/label_id order. Non-dash and non-duplicate proposal.,deepseek_paxinos_candidate,approved,S1Tr,"primary somatosensory cortex, trunk region",kept_for_review_or_manual_approval,232,233,118,unique_imported,,
731,"primary somatosensory cortex, upper lip region",S1ULp,"primary somatosensory cortex, upper lip region",deepseek_paxinos_full_list,Imported from ordered DeepSeek/Paxinos acronym list using V33.8 graph_order/label_id order. Non-dash and non-duplicate proposal.,deepseek_paxinos_candidate,approved,S1ULp,"primary somatosensory cortex, upper lip region",kept_for_review_or_manual_approval,253,255,118,unique_imported,,
732,secondary somatosensory cortex,S2,secondary somatosensory cortex,deepseek_paxinos_full_list,Imported from ordered DeepSeek/Paxinos acronym list using V33.8 graph_order/label_id order. Non-dash and non-duplicate proposal.,deepseek_paxinos_candidate,approved,S2,secondary somatosensory cortex,kept_for_review_or_manual_approval,230,233,142,unique_imported,,
733,superior colliculus,SC,superior colliculus,deepseek_paxinos_full_list,Imported from ordered DeepSeek/Paxinos acronym list using V33.8 graph_order/label_id order. Non-dash and non-duplicate proposal.,deepseek_paxinos_candidate,approved,SC_733,superior colliculus,kept_for_review_or_manual_approval,10,0,233,unique_imported,,
734,subcommissural organ,SCO,subcommissural organ,deepseek_paxinos_full_list,Imported from ordered DeepSeek/Paxinos acronym list using V33.8 graph_order/label_id order. Non-dash and non-duplicate proposal.,deepseek_paxinos_candidate,approved,SO_734,subcommissural organ,kept_for_review_or_manual_approval,169,130,237,unique_imported,,
735,suprachiasmatic nucleus,SCh,suprachiasmatic nucleus,deepseek_paxinos_full_list,Imported from ordered DeepSeek/Paxinos acronym list using V33.8 graph_order/label_id order. Non-dash and non-duplicate proposal.,deepseek_paxinos_candidate,approved,SN_735,suprachiasmatic nucleus,kept_for_review_or_manual_approval,255,215,178,unique_imported,,
736,"suprachiasmatic nucleus, dorsolateral part",SChDL,"suprachiasmatic nucleus, dorsolateral part",deepseek_paxinos_full_list,Imported from ordered DeepSeek/Paxinos acronym list using V33.8 graph_order/label_id order. Non-dash and non-duplicate proposal.,deepseek_paxinos_candidate,approved,SNDP_736,"suprachiasmatic nucleus, dorsolateral part",kept_for_review_or_manual_approval,255,214,178,unique_imported,,
737,"suprachiasmatic nucleus, ventromedial part",SChVM,"suprachiasmatic nucleus, ventromedial part",deepseek_paxinos_full_list,Imported from ordered DeepSeek/Paxinos acronym list using V33.8 graph_order/label_id order. Non-dash and non-duplicate proposal.,deepseek_paxinos_candidate,approved,SNVP_737,"suprachiasmatic nucleus, ventromedial part",kept_for_review_or_manual_approval,255,122,0,unique_imported,,
738,subfornical organ,SFO,subfornical organ,deepseek_paxinos_full_list,Imported from ordered DeepSeek/Paxinos acronym list using V33.8 graph_order/label_id order. Non-dash and non-duplicate proposal.,deepseek_paxinos_candidate,approved,SO_738,subfornical organ,kept_for_review_or_manual_approval,113,35,250,unique_imported,,
739,septofimbrial nucleus,SF,septofimbrial nucleus,deepseek_paxinos_full_list,Imported from ordered DeepSeek/Paxinos acronym list using V33.8 graph_order/label_id order. Non-dash and non-duplicate proposal.,deepseek_paxinos_candidate,approved,SN_739,septofimbrial nucleus,kept_for_review_or_manual_approval,180,255,89,unique_imported,,
740,suprageniculate thalamic nucleus,SG,suprageniculate thalamic nucleus,deepseek_paxinos_full_list,Imported from ordered DeepSeek/Paxinos acronym list using V33.8 graph_order/label_id order. Non-dash and non-duplicate proposal.,deepseek_paxinos_candidate,approved,STN_740,suprageniculate thalamic nucleus,kept_for_review_or_manual_approval,233,183,89,unique_imported,,
741,supragenual nucleus,SGe,supragenual nucleus,deepseek_paxinos_full_list,Imported from ordered DeepSeek/Paxinos acronym list using V33.8 graph_order/label_id order. Non-dash and non-duplicate proposal.,deepseek_paxinos_candidate,approved,SN_741,supragenual nucleus,kept_for_review_or_manual_approval,107,35,233,unique_imported,,
743,septohippocampal nucleus,SHi,septohippocampal nucleus,deepseek_paxinos_full_list,Imported from ordered DeepSeek/Paxinos acronym list using V33.8 graph_order/label_id order. Non-dash and non-duplicate proposal.,deepseek_paxinos_candidate,approved,SN_743,septohippocampal nucleus,kept_for_review_or_manual_approval,140,255,0,unique_imported,,
744,septohypothalamic nucleus,SHy,septohypothalamic nucleus,deepseek_paxinos_full_list,Imported from ordered DeepSeek/Paxinos acronym list using V33.8 graph_order/label_id order. Non-dash and non-duplicate proposal.,deepseek_paxinos_candidate,approved,SN_744,septohypothalamic nucleus,kept_for_review_or_manual_approval,134,71,246,unique_imported,,
746,"substantia innominata, basal part",SIB,"substantia innominata, basal part",deepseek_paxinos_full_list,Imported from ordered DeepSeek/Paxinos acronym list using V33.8 graph_order/label_id order. Non-dash and non-duplicate proposal.,deepseek_paxinos_candidate,approved,SIBP_746,"substantia innominata, basal part",kept_for_review_or_manual_approval,255,230,0,unique_imported,,
747,stratum lucidum of the hippocampus,SLu,stratum lucidum of the hippocampus,deepseek_paxinos_full_list,Imported from ordered DeepSeek/Paxinos acronym list using V33.8 graph_order/label_id order. Non-dash and non-duplicate proposal.,deepseek_paxinos_candidate,approved,SLOTH_747,stratum lucidum of the hippocampus,kept_for_review_or_manual_approval,223,255,0,unique_imported,,
748,nucleus of the stria medullaris,SMn,nucleus of the stria medullaris,deepseek_paxinos_full_list,Imported from ordered DeepSeek/Paxinos acronym list using V33.8 graph_order/label_id order. Non-dash and non-duplicate proposal.,deepseek_paxinos_candidate,approved,NOTSM_748,nucleus of the stria medullaris,kept_for_review_or_manual_approval,86,0,237,unique_imported,,
749,submammillothalamic nucleus,SMT,submammillothalamic nucleus,deepseek_paxinos_full_list,Imported from ordered DeepSeek/Paxinos acronym list using V33.8 graph_order/label_id order. Non-dash and non-duplicate proposal.,deepseek_paxinos_candidate,approved,SN_749,submammillothalamic nucleus,kept_for_review_or_manual_approval,145,107,212,unique_imported,,
750,superior medullary velum,SMV,superior medullary velum,deepseek_paxinos_full_list,Imported from ordered DeepSeek/Paxinos acronym list using V33.8 graph_order/label_id order. Non-dash and non-duplicate proposal.,deepseek_paxinos_candidate,approved,SMV_750,superior medullary velum,kept_for_review_or_manual_approval,44,207,125,unique_imported,,
751,substantia nigra,SN,substantia nigra,deepseek_paxinos_full_list,Imported from ordered DeepSeek/Paxinos acronym list using V33.8 graph_order/label_id order. Non-dash and non-duplicate proposal.,deepseek_paxinos_candidate,approved,SN_751,substantia nigra,kept_for_review_or_manual_approval,134,118,255,unique_imported,,
752,"substantia nigra, compact part",SNC,"substantia nigra, compact part",deepseek_paxinos_full_list,Imported from ordered DeepSeek/Paxinos acronym list using V33.8 graph_order/label_id order. Non-dash and non-duplicate proposal.,deepseek_paxinos_candidate,approved,SNCP_752,"substantia nigra, compact part",kept_for_review_or_manual_approval,23,0,255,unique_imported,,
753,"substantia nigra, compact part, dorsal tier",SNCD,"substantia nigra, compact part, dorsal tier",deepseek_paxinos_full_list,Imported from ordered DeepSeek/Paxinos acronym list using V33.8 graph_order/label_id order. Non-dash and non-duplicate proposal.,deepseek_paxinos_candidate,approved,SNCPDT_753,"substantia nigra, compact part, dorsal tier",kept_for_review_or_manual_approval,184,178,255,unique_imported,,
754,"substantia nigra, compact part, medial tier",SNCM,"substantia nigra, compact part, medial tier",deepseek_paxinos_full_list,Imported from ordered DeepSeek/Paxinos acronym list using V33.8 graph_order/label_id order. Non-dash and non-duplicate proposal.,deepseek_paxinos_candidate,approved,SNCPMT_754,"substantia nigra, compact part, medial tier",kept_for_review_or_manual_approval,187,178,255,unique_imported,,
755,"substantia nigra, compacta part, ventral tier",SNCV,"substantia nigra, compacta part, ventral tier",deepseek_paxinos_full_list,Imported from ordered DeepSeek/Paxinos acronym list using V33.8 graph_order/label_id order. Non-dash and non-duplicate proposal.,deepseek_paxinos_candidate,approved,SNCPVT_755,"substantia nigra, compacta part, ventral tier",kept_for_review_or_manual_approval,24,0,255,unique_imported,,
756,"substantia nigra, lateral part",SNL,"substantia nigra, lateral part",deepseek_paxinos_full_list,Imported from ordered DeepSeek/Paxinos acronym list using V33.8 graph_order/label_id order. Non-dash and non-duplicate proposal.,deepseek_paxinos_candidate,approved,SNLP_756,"substantia nigra, lateral part",kept_for_review_or_manual_approval,31,0,255,unique_imported,,
758,"substantia nigra, reticular part",SNR,"substantia nigra, reticular part",deepseek_paxinos_full_list,Imported from ordered DeepSeek/Paxinos acronym list using V33.8 graph_order/label_id order. Non-dash and non-duplicate proposal.,deepseek_paxinos_candidate,approved,SNRP_758,"substantia nigra, reticular part",kept_for_review_or_manual_approval,112,89,255,unique_imported,,
761,supraoptic nucleus,SO,supraoptic nucleus,deepseek_paxinos_full_list,Imported from ordered DeepSeek/Paxinos acronym list using V33.8 graph_order/label_id order. Non-dash and non-duplicate proposal.,deepseek_paxinos_candidate,approved,SN_761,supraoptic nucleus,kept_for_review_or_manual_approval,255,100,0,unique_imported,,
762,"supraoptic nucleus, retrochiasmatic part",SOR,"supraoptic nucleus, retrochiasmatic part",deepseek_paxinos_full_list,Imported from ordered DeepSeek/Paxinos acronym list using V33.8 graph_order/label_id order. Non-dash and non-duplicate proposal.,deepseek_paxinos_candidate,approved,SNRP_762,"supraoptic nucleus, retrochiasmatic part",kept_for_review_or_manual_approval,143,107,208,unique_imported,,
763,subparafascicular thalamic nucleus,SPF,subparafascicular thalamic nucleus,deepseek_paxinos_full_list,Imported from ordered DeepSeek/Paxinos acronym list using V33.8 graph_order/label_id order. Non-dash and non-duplicate proposal.,deepseek_paxinos_candidate,approved,STN_763,subparafascicular thalamic nucleus,kept_for_review_or_manual_approval,255,174,0,unique_imported,,
764,"subparafascicular thalamic nucleus, parvicellular part",SPFPC,"subparafascicular thalamic nucleus, parvicellular part",deepseek_paxinos_full_list,Imported from ordered DeepSeek/Paxinos acronym list using V33.8 graph_order/label_id order. Non-dash and non-duplicate proposal.,deepseek_paxinos_candidate,approved,STNPP_764,"subparafascicular thalamic nucleus, parvicellular part",kept_for_review_or_manual_approval,255,174,0,unique_imported,,
765,superior paraolivary nucleus,SPO,superior paraolivary nucleus,deepseek_paxinos_full_list,Imported from ordered DeepSeek/Paxinos acronym list using V33.8 graph_order/label_id order. Non-dash and non-duplicate proposal.,deepseek_paxinos_candidate,approved,SPN_765,superior paraolivary nucleus,kept_for_review_or_manual_approval,127,197,223,unique_imported,,
766,subpeduncular tegmental nucleus,SPTg,subpeduncular tegmental nucleus,deepseek_paxinos_full_list,Imported from ordered DeepSeek/Paxinos acronym list using V33.8 graph_order/label_id order. Non-dash and non-duplicate proposal.,deepseek_paxinos_candidate,approved,STN_766,subpeduncular tegmental nucleus,kept_for_review_or_manual_approval,0,209,212,unique_imported,,
767,subparaventricular zone of the hypothalamus,SPa,subparaventricular zone of the hypothalamus,deepseek_paxinos_full_list,Imported from ordered DeepSeek/Paxinos acronym list using V33.8 graph_order/label_id order. Non-dash and non-duplicate proposal.,deepseek_paxinos_candidate,approved,SZOTH_767,subparaventricular zone of the hypothalamus,kept_for_review_or_manual_approval,255,217,178,unique_imported,,
768,bed nucleus of the stria terminalis,BST,bed nucleus of the stria terminalis,deepseek_paxinos_full_list,Imported from ordered DeepSeek/Paxinos acronym list using V33.8 graph_order/label_id order. Non-dash and non-duplicate proposal.,deepseek_paxinos_candidate,approved,BNOTST_768,bed nucleus of the stria terminalis,kept_for_review_or_manual_approval,185,255,59,unique_imported,,
769,"bed nucleus of the stria terminalis, dorsal part",BSTD,"bed nucleus of the stria terminalis, dorsal part",deepseek_paxinos_full_list,Imported from ordered DeepSeek/Paxinos acronym list using V33.8 graph_order/label_id order. Non-dash and non-duplicate proposal.,deepseek_paxinos_candidate,approved,BNOTST_769,"bed nucleus of the stria terminalis, dorsal part",kept_for_review_or_manual_approval,157,255,0,unique_imported,,
771,"bed nucleus of the stria terminalis, intraamygdaloid division",BSTIA,"bed nucleus of the stria terminalis, intraamygdaloid division",deepseek_paxinos_full_list,Imported from ordered DeepSeek/Paxinos acronym list using V33.8 graph_order/label_id order. Non-dash and non-duplicate proposal.,deepseek_paxinos_candidate,approved,BNOTST_771,"bed nucleus of the stria terminalis, intraamygdaloid division",kept_for_review_or_manual_approval,230,255,178,unique_imported,,
772,-------,USOL7B_772,unresolved_small_or_local_772_between_bed nucleus of the stria termi__and__bed nucleus of the stria termi,paxinos_placeholder,"Raw Paxinos label name is placeholder ""-------""; no anatomical acronym assigned. Stable unique placeholder used. | sanitized: placeholder raw label kept non-applying and aligned to current structure metadata",low,do_not_apply,USOL7B_772,unresolved_small_or_local_772_between_bed nucleus of the stria termi__and__bed nucleus of the stria termi,kept_nonapplying_placeholder_aligned_to_current,171,255,0,,,
773,"bed nucleus of the stria terminalis, lateral division",BSTL,"bed nucleus of the stria terminalis, lateral division",deepseek_paxinos_full_list,Imported from ordered DeepSeek/Paxinos acronym list using V33.8 graph_order/label_id order. Non-dash and non-duplicate proposal.,deepseek_paxinos_candidate,approved,BNOTST_773,"bed nucleus of the stria terminalis, lateral division",kept_for_review_or_manual_approval,147,223,0,unique_imported,,
774,"bed nucleus of the stria terminalis, lateral division, dorsal part",BSTLD,"bed nucleus of the stria terminalis, lateral division, dorsal part",deepseek_paxinos_full_list,Imported from ordered DeepSeek/Paxinos acronym list using V33.8 graph_order/label_id order. Non-dash and non-duplicate proposal.,deepseek_paxinos_candidate,approved,BNOTST_774,"bed nucleus of the stria terminalis, lateral division, dorsal part",kept_for_review_or_manual_approval,185,233,89,unique_imported,,
775,"bed nucleus of the stria terminalis, lateral division, intermediate part",BSTLI,"bed nucleus of the stria terminalis, lateral division, intermediate part",deepseek_paxinos_full_list,Imported from ordered DeepSeek/Paxinos acronym list using V33.8 graph_order/label_id order. Non-dash and non-duplicate proposal.,deepseek_paxinos_candidate,approved,BNOTST_775,"bed nucleus of the stria terminalis, lateral division, intermediate part",kept_for_review_or_manual_approval,169,255,0,unique_imported,,
776,"bed nucleus of the stria terminalis, lateral division, juxtacapsular part",BSTLJ,"bed nucleus of the stria terminalis, lateral division, juxtacapsular part",deepseek_paxinos_full_list,Imported from ordered DeepSeek/Paxinos acronym list using V33.8 graph_order/label_id order. Non-dash and non-duplicate proposal.,deepseek_paxinos_candidate,approved,BNOTST_776,"bed nucleus of the stria terminalis, lateral division, juxtacapsular part",kept_for_review_or_manual_approval,229,255,178,unique_imported,,
777,"bed nucleus of the stria terminalis, lateral division, posterior part",BSTLP,"bed nucleus of the stria terminalis, lateral division, posterior part",deepseek_paxinos_full_list,Imported from ordered DeepSeek/Paxinos acronym list using V33.8 graph_order/label_id order. Non-dash and non-duplicate proposal.,deepseek_paxinos_candidate,approved,BNOTST_777,"bed nucleus of the stria terminalis, lateral division, posterior part",kept_for_review_or_manual_approval,154,233,0,unique_imported,,
778,"bed nucleus of the stria terminalis, lateral division, ventral part",BSTLV,"bed nucleus of the stria terminalis, lateral division, ventral part",deepseek_paxinos_full_list,Imported from ordered DeepSeek/Paxinos acronym list using V33.8 graph_order/label_id order. Non-dash and non-duplicate proposal.,deepseek_paxinos_candidate,approved,BNOTST_778,"bed nucleus of the stria terminalis, lateral division, ventral part",kept_for_review_or_manual_approval,198,255,89,unique_imported,,
779,"bed nucleus of the stria terminalis, medial division",BSTM,"bed nucleus of the stria terminalis, medial division",deepseek_paxinos_full_list,Imported from ordered DeepSeek/Paxinos acronym list using V33.8 graph_order/label_id order. Non-dash and non-duplicate proposal.,deepseek_paxinos_candidate,approved,BNOTST_779,"bed nucleus of the stria terminalis, medial division",kept_for_review_or_manual_approval,196,255,89,unique_imported,,
780,"bed nucleus of the stria terminalis, medial division, anterior part",BSTMA,"bed nucleus of the stria terminalis, medial division, anterior part",deepseek_paxinos_full_list,Imported from ordered DeepSeek/Paxinos acronym list using V33.8 graph_order/label_id order. Non-dash and non-duplicate proposal.,deepseek_paxinos_candidate,approved,BNOTST_780,"bed nucleus of the stria terminalis, medial division, anterior part",kept_for_review_or_manual_approval,138,212,0,unique_imported,,
781,"bed nucleus of the stria terminalis, medial division, anterolateral part",BSTMAL,"bed nucleus of the stria terminalis, medial division, anterolateral part",deepseek_paxinos_full_list,Imported from ordered DeepSeek/Paxinos acronym list using V33.8 graph_order/label_id order. Non-dash and non-duplicate proposal.,deepseek_paxinos_candidate,approved,BNOTST_781,"bed nucleus of the stria terminalis, medial division, anterolateral part",kept_for_review_or_manual_approval,172,233,59,unique_imported,,
782,"bed nucleus of the stria terminalis, medial division, anteromedial part",BSTMAM,"bed nucleus of the stria terminalis, medial division, anteromedial part",deepseek_paxinos_full_list,Imported from ordered DeepSeek/Paxinos acronym list using V33.8 graph_order/label_id order. Non-dash and non-duplicate proposal.,deepseek_paxinos_candidate,approved,BNOTST_782,"bed nucleus of the stria terminalis, medial division, anteromedial part",kept_for_review_or_manual_approval,228,255,178,unique_imported,,
783,"bed nucleus of the stria terminalis, medial division, posterior part",BSTMP,"bed nucleus of the stria terminalis, medial division, posterior part",deepseek_paxinos_full_list,Imported from ordered DeepSeek/Paxinos acronym list using V33.8 graph_order/label_id order. Non-dash and non-duplicate proposal.,deepseek_paxinos_candidate,approved,BNOTST_783,"bed nucleus of the stria terminalis, medial division, posterior part",kept_for_review_or_manual_approval,151,233,0,unique_imported,,
784,"bed nucleus of the stria terminalis, medial division, posterointermediate part",BSTMPI,"bed nucleus of the stria terminalis, medial division, posterointermediate part",deepseek_paxinos_full_list,Imported from ordered DeepSeek/Paxinos acronym list using V33.8 graph_order/label_id order. Non-dash and non-duplicate proposal.,deepseek_paxinos_candidate,approved,BNOTST_784,"bed nucleus of the stria terminalis, medial division, posterointermediate part",kept_for_review_or_manual_approval,206,255,118,unique_imported,,
785,"bed nucleus of the stria terminalis, medial division, posterolateral part",BSTMPL,"bed nucleus of the stria terminalis, medial division, posterolateral part",deepseek_paxinos_full_list,Imported from ordered DeepSeek/Paxinos acronym list using V33.8 graph_order/label_id order. Non-dash and non-duplicate proposal.,deepseek_paxinos_candidate,approved,BNOTST_785,"bed nucleus of the stria terminalis, medial division, posterolateral part",kept_for_review_or_manual_approval,164,255,0,unique_imported,,
786,"bed nucleus of the stria terminalis, medial division, posteromedial part",BSTMPM,"bed nucleus of the stria terminalis, medial division, posteromedial part",deepseek_paxinos_full_list,Imported from ordered DeepSeek/Paxinos acronym list using V33.8 graph_order/label_id order. Non-dash and non-duplicate proposal.,deepseek_paxinos_candidate,approved,BNOTST_786,"bed nucleus of the stria terminalis, medial division, posteromedial part",kept_for_review_or_manual_approval,185,255,59,unique_imported,,
787,"bed nucleus of the stria terminalis, medial division, ventral part",BSTMV,"bed nucleus of the stria terminalis, medial division, ventral part",deepseek_paxinos_full_list,Imported from ordered DeepSeek/Paxinos acronym list using V33.8 graph_order/label_id order. Non-dash and non-duplicate proposal.,deepseek_paxinos_candidate,approved,BNOTST_787,"bed nucleus of the stria terminalis, medial division, ventral part",kept_for_review_or_manual_approval,192,233,118,unique_imported,,
788,"bed nucleus of stria terminalis, supracapsular division",BSTS,"bed nucleus of stria terminalis, supracapsular division",deepseek_paxinos_full_list,Imported from ordered DeepSeek/Paxinos acronym list using V33.8 graph_order/label_id order. Non-dash and non-duplicate proposal.,deepseek_paxinos_candidate,approved,BNOSTS_788,"bed nucleus of stria terminalis, supracapsular division",kept_for_review_or_manual_approval,160,255,0,unique_imported,,
789,"bed nucleus of stria terminalis, supracapsular division, medial part",BSTSM,"bed nucleus of stria terminalis, supracapsular division, medial part",deepseek_paxinos_full_list,Imported from ordered DeepSeek/Paxinos acronym list using V33.8 graph_order/label_id order. Non-dash and non-duplicate proposal.,deepseek_paxinos_candidate,approved,BNOSTS_789,"bed nucleus of stria terminalis, supracapsular division, medial part",kept_for_review_or_manual_approval,227,255,178,unique_imported,,
790,"bed nucleus of stria terminalis, supracapsular division, lateralpart",BSTSL,"bed nucleus of stria terminalis, supracapsular division, lateralpart",deepseek_paxinos_full_list,Imported from ordered DeepSeek/Paxinos acronym list using V33.8 graph_order/label_id order. Non-dash and non-duplicate proposal.,deepseek_paxinos_candidate,approved,BNOSTS_790,"bed nucleus of stria terminalis, supracapsular division, lateralpart",kept_for_review_or_manual_approval,160,255,0,unique_imported,,
791,"subiculum, transition area",STr,"subiculum, transition area",deepseek_paxinos_full_list,Imported from ordered DeepSeek/Paxinos acronym list using V33.8 graph_order/label_id order. Non-dash and non-duplicate proposal.,deepseek_paxinos_candidate,approved,STA_791,"subiculum, transition area",kept_for_review_or_manual_approval,240,255,178,unique_imported,,
792,sagulum nucleus,Sag,sagulum nucleus,deepseek_paxinos_full_list,Imported from ordered DeepSeek/Paxinos acronym list using V33.8 graph_order/label_id order. Non-dash and non-duplicate proposal.,deepseek_paxinos_candidate,approved,SN_792,sagulum nucleus,kept_for_review_or_manual_approval,59,209,212,unique_imported,,
793,scaphoid thalamic nucleus,Sch,scaphoid thalamic nucleus,deepseek_paxinos_full_list,Imported from ordered DeepSeek/Paxinos acronym list using V33.8 graph_order/label_id order. Non-dash and non-duplicate proposal.,deepseek_paxinos_candidate,approved,STN_793,scaphoid thalamic nucleus,kept_for_review_or_manual_approval,173,130,246,unique_imported,,
794,Septum,SPT,Septum,rule_generated_from_paxinos_name,Algorithmic acronym generated from Paxinos raw name; requires manual review before use as curated label.,low,approved,S_794,Septum,kept_for_review_or_manual_approval,145,255,0,,manual_chat_curation_2026-06-23,approved_common_region_acronym
795,simple lobule,Sim,simple lobule,deepseek_paxinos_full_list,Imported from ordered DeepSeek/Paxinos acronym list using V33.8 graph_order/label_id order. Non-dash and non-duplicate proposal.,deepseek_paxinos_candidate,approved,SL_795,simple lobule,kept_for_review_or_manual_approval,118,233,149,unique_imported,,
796,simple lobule A,SimA,simple lobule A,deepseek_paxinos_full_list,Imported from ordered DeepSeek/Paxinos acronym list using V33.8 graph_order/label_id order. Non-dash and non-duplicate proposal.,deepseek_paxinos_candidate,approved,SLA_796,simple lobule A,kept_for_review_or_manual_approval,0,255,67,unique_imported,,
797,simple lobule B,SimB,simple lobule B,deepseek_paxinos_full_list,Imported from ordered DeepSeek/Paxinos acronym list using V33.8 graph_order/label_id order. Non-dash and non-duplicate proposal.,deepseek_paxinos_candidate,approved,SLB_797,simple lobule B,kept_for_review_or_manual_approval,178,255,199,unique_imported,,
798,nucleus of the solitary tract,Sol,nucleus of the solitary tract,deepseek_paxinos_full_list,Imported from ordered DeepSeek/Paxinos acronym list using V33.8 graph_order/label_id order. Non-dash and non-duplicate proposal.,deepseek_paxinos_candidate,approved,NOTST_798,nucleus of the solitary tract,kept_for_review_or_manual_approval,133,229,220,unique_imported,,
799,"nucleus of the solitary tract, commissural part",SolC,"nucleus of the solitary tract, commissural part",deepseek_paxinos_full_list,Imported from ordered DeepSeek/Paxinos acronym list using V33.8 graph_order/label_id order. Non-dash and non-duplicate proposal.,deepseek_paxinos_candidate,approved,NOTSTC_799,"nucleus of the solitary tract, commissural part",kept_for_review_or_manual_approval,0,255,227,unique_imported,,
800,"nucleus of the solitary tract, central part",SolCe,"nucleus of the solitary tract, central part",deepseek_paxinos_full_list,Imported from ordered DeepSeek/Paxinos acronym list using V33.8 graph_order/label_id order. Non-dash and non-duplicate proposal.,deepseek_paxinos_candidate,approved,NOTSTC_800,"nucleus of the solitary tract, central part",kept_for_review_or_manual_approval,89,223,208,unique_imported,,
801,"solitary nucleus, dorsolateral part",SolDL,"solitary nucleus, dorsolateral part",deepseek_paxinos_full_list,Imported from ordered DeepSeek/Paxinos acronym list using V33.8 graph_order/label_id order. Non-dash and non-duplicate proposal.,deepseek_paxinos_candidate,approved,SNDP_801,"solitary nucleus, dorsolateral part",kept_for_review_or_manual_approval,0,239,214,unique_imported,,
802,"nucleus of the solitary tract, dorsomedial part",SolDM,"nucleus of the solitary tract, dorsomedial part",deepseek_paxinos_full_list,Imported from ordered DeepSeek/Paxinos acronym list using V33.8 graph_order/label_id order. Non-dash and non-duplicate proposal.,deepseek_paxinos_candidate,approved,NOTSTD_802,"nucleus of the solitary tract, dorsomedial part",kept_for_review_or_manual_approval,0,223,200,unique_imported,,
803,"nucleus of the solitary tract, gelatinous part",SolG,"nucleus of the solitary tract, gelatinous part",deepseek_paxinos_full_list,Imported from ordered DeepSeek/Paxinos acronym list using V33.8 graph_order/label_id order. Non-dash and non-duplicate proposal.,deepseek_paxinos_candidate,approved,NOTSTG_803,"nucleus of the solitary tract, gelatinous part",kept_for_review_or_manual_approval,89,239,224,unique_imported,,
804,"nucleus of the solitary tract, interstitial part",SolI,"nucleus of the solitary tract, interstitial part",deepseek_paxinos_full_list,Imported from ordered DeepSeek/Paxinos acronym list using V33.8 graph_order/label_id order. Non-dash and non-duplicate proposal.,deepseek_paxinos_candidate,approved,NOTSTI_804,"nucleus of the solitary tract, interstitial part",kept_for_review_or_manual_approval,44,255,234,unique_imported,,
805,"nucleus of the solitary tract, intermediate part",SolIM,"nucleus of the solitary tract, intermediate part",deepseek_paxinos_full_list,Imported from ordered DeepSeek/Paxinos acronym list using V33.8 graph_order/label_id order. Non-dash and non-duplicate proposal.,deepseek_paxinos_candidate,approved,NOTSTI_805,"nucleus of the solitary tract, intermediate part",kept_for_review_or_manual_approval,0,207,187,unique_imported,,
806,"nucleus of the solitary tract, lateral part",SolL,"nucleus of the solitary tract, lateral part",deepseek_paxinos_full_list,Imported from ordered DeepSeek/Paxinos acronym list using V33.8 graph_order/label_id order. Non-dash and non-duplicate proposal.,deepseek_paxinos_candidate,approved,NOTSTL_806,"nucleus of the solitary tract, lateral part",kept_for_review_or_manual_approval,44,239,221,unique_imported,,
807,"nucleus of the solitary tract, medial part",SolM,"nucleus of the solitary tract, medial part",deepseek_paxinos_full_list,Imported from ordered DeepSeek/Paxinos acronym list using V33.8 graph_order/label_id order. Non-dash and non-duplicate proposal.,deepseek_paxinos_candidate,approved,NOTSTM_807,"nucleus of the solitary tract, medial part",kept_for_review_or_manual_approval,133,223,215,unique_imported,,
808,"nucleus of the solitary tract, rostrolateral part",SolRL,"nucleus of the solitary tract, rostrolateral part",deepseek_paxinos_full_list,Imported from ordered DeepSeek/Paxinos acronym list using V33.8 graph_order/label_id order. Non-dash and non-duplicate proposal.,deepseek_paxinos_candidate,approved,NOTSTR_808,"nucleus of the solitary tract, rostrolateral part",kept_for_review_or_manual_approval,133,239,230,unique_imported,,
809,"solitary nucleus, ventral part",SolV,"solitary nucleus, ventral part",deepseek_paxinos_full_list,Imported from ordered DeepSeek/Paxinos acronym list using V33.8 graph_order/label_id order. Non-dash and non-duplicate proposal.,deepseek_paxinos_candidate,approved,SNVP_809,"solitary nucleus, ventral part",kept_for_review_or_manual_approval,133,255,245,unique_imported,,
810,"nucleus of the solitary tract, ventrolateral part",SolVL,"nucleus of the solitary tract, ventrolateral part",deepseek_paxinos_full_list,Imported from ordered DeepSeek/Paxinos acronym list using V33.8 graph_order/label_id order. Non-dash and non-duplicate proposal.,deepseek_paxinos_candidate,approved,NOTSTV_810,"nucleus of the solitary tract, ventrolateral part",kept_for_review_or_manual_approval,44,223,208,unique_imported,,
812,spinal trigeminal nucleus,Sp5,spinal trigeminal nucleus,deepseek_paxinos_full_list,Imported from ordered DeepSeek/Paxinos acronym list using V33.8 graph_order/label_id order. Non-dash and non-duplicate proposal.,deepseek_paxinos_candidate,approved,STN_812,spinal trigeminal nucleus,kept_for_review_or_manual_approval,44,203,196,unique_imported,,
813,"spinal trigeminal nucleus, caudal part",Sp5C,"spinal trigeminal nucleus, caudal part",deepseek_paxinos_full_list,Imported from ordered DeepSeek/Paxinos acronym list using V33.8 graph_order/label_id order. Non-dash and non-duplicate proposal.,deepseek_paxinos_candidate,approved,STNCP_813,"spinal trigeminal nucleus, caudal part",kept_for_review_or_manual_approval,178,255,250,unique_imported,,
814,"spinal trigeminal nucleus, interpolar part",Sp5I,"spinal trigeminal nucleus, interpolar part",deepseek_paxinos_full_list,Imported from ordered DeepSeek/Paxinos acronym list using V33.8 graph_order/label_id order. Non-dash and non-duplicate proposal.,deepseek_paxinos_candidate,approved,STNIP_814,"spinal trigeminal nucleus, interpolar part",kept_for_review_or_manual_approval,0,255,243,unique_imported,,
815,"spinal trigeminal nucleus, oral part",Sp5O,"spinal trigeminal nucleus, oral part",deepseek_paxinos_full_list,Imported from ordered DeepSeek/Paxinos acronym list using V33.8 graph_order/label_id order. Non-dash and non-duplicate proposal.,deepseek_paxinos_candidate,approved,STNOP_815,"spinal trigeminal nucleus, oral part",kept_for_review_or_manual_approval,89,255,248,unique_imported,,
817,-------,USOL8B_817,"unresolved_small_or_local_817_between_spinal trigeminal nucleus, ora__and__spinal vestibular nucleus",paxinos_placeholder,"Raw Paxinos label name is placeholder ""-------""; no anatomical acronym assigned. Stable unique placeholder used. | sanitized: placeholder raw label kept non-applying and aligned to current structure metadata",low,do_not_apply,USOL8B_817,"unresolved_small_or_local_817_between_spinal trigeminal nucleus, ora__and__spinal vestibular nucleus",kept_nonapplying_placeholder_aligned_to_current,128,83,208,,,
818,spinal vestibular nucleus,SpVe,spinal vestibular nucleus,deepseek_paxinos_full_list,Imported from ordered DeepSeek/Paxinos acronym list using V33.8 graph_order/label_id order. Non-dash and non-duplicate proposal.,deepseek_paxinos_candidate,approved,SVN_818,spinal vestibular nucleus,kept_for_review_or_manual_approval,153,221,247,unique_imported,,
819,sphenoid nucleus,Sph,sphenoid nucleus,deepseek_paxinos_full_list,Imported from ordered DeepSeek/Paxinos acronym list using V33.8 graph_order/label_id order. Non-dash and non-duplicate proposal.,deepseek_paxinos_candidate,approved,SN_819,sphenoid nucleus,kept_for_review_or_manual_approval,25,175,231,unique_imported,,
820,strial part of the preoptic area,StA,strial part of the preoptic area,deepseek_paxinos_full_list,Imported from ordered DeepSeek/Paxinos acronym list using V33.8 graph_order/label_id order. Non-dash and non-duplicate proposal.,deepseek_paxinos_candidate,approved,SPOTPA_820,strial part of the preoptic area,kept_for_review_or_manual_approval,92,35,191,unique_imported,,
821,striohypothalamic nucleus,StHy,striohypothalamic nucleus,deepseek_paxinos_full_list,Imported from ordered DeepSeek/Paxinos acronym list using V33.8 graph_order/label_id order. Non-dash and non-duplicate proposal.,deepseek_paxinos_candidate,approved,SN_821,striohypothalamic nucleus,kept_for_review_or_manual_approval,91,23,208,unique_imported,,
822,stigmoid hypothalamic nucleus,Stg,stigmoid hypothalamic nucleus,deepseek_paxinos_full_list,Imported from ordered DeepSeek/Paxinos acronym list using V33.8 graph_order/label_id order. Non-dash and non-duplicate proposal.,deepseek_paxinos_candidate,approved,SHN_822,stigmoid hypothalamic nucleus,kept_for_review_or_manual_approval,255,209,178,unique_imported,,
823,striatum,Str,striatum,deepseek_paxinos_full_list_duplicate_conflict,DeepSeek/Paxinos full-list proposal produced a duplicate acronym; left pending for manual disambiguation. | V33.9b: non-approved duplicate proposal sanitized to a unique non-applied placeholder/current acronym so strict resource validator can pass; review_status was preserved.,conflict,approved,S_823,striatum,kept_for_review_or_manual_approval,223,208,0,duplicate_conflict_not_auto_approved; v33_9b_pending_duplicate_sanitized_to_unique_current_acronym,manual_chat_curation_2026-06-23,approved_cleaned_parent_region_acronym
825,ventral striatum,VStr,ventral striatum,deepseek_paxinos_full_list,Imported from ordered DeepSeek/Paxinos acronym list using V33.8 graph_order/label_id order. Non-dash and non-duplicate proposal.,deepseek_paxinos_candidate,approved,VS_825,ventral striatum,kept_for_review_or_manual_approval,255,250,178,unique_imported,,
826,supraoculomotor periaqueductal gray,Su3,supraoculomotor periaqueductal gray,deepseek_paxinos_full_list,Imported from ordered DeepSeek/Paxinos acronym list using V33.8 graph_order/label_id order. Non-dash and non-duplicate proposal.,deepseek_paxinos_candidate,approved,SPG_826,supraoculomotor periaqueductal gray,kept_for_review_or_manual_approval,106,71,255,unique_imported,,
827,supraoculomotor cap,Su3C,supraoculomotor cap,deepseek_paxinos_full_list,Imported from ordered DeepSeek/Paxinos acronym list using V33.8 graph_order/label_id order. Non-dash and non-duplicate proposal.,deepseek_paxinos_candidate,approved,SC_827,supraoculomotor cap,kept_for_review_or_manual_approval,104,71,242,unique_imported,,
828,supratrigeminal nucleus,Su5,supratrigeminal nucleus,deepseek_paxinos_full_list,Imported from ordered DeepSeek/Paxinos acronym list using V33.8 graph_order/label_id order. Non-dash and non-duplicate proposal.,deepseek_paxinos_candidate,approved,SN_828,supratrigeminal nucleus,kept_for_review_or_manual_approval,0,157,215,unique_imported,,
829,superficial gray layer of the superior colliculus,SuG,superficial gray layer of the superior colliculus,deepseek_paxinos_full_list,Imported from ordered DeepSeek/Paxinos acronym list using V33.8 graph_order/label_id order. Non-dash and non-duplicate proposal.,deepseek_paxinos_candidate,approved,SGLOTS_829,superficial gray layer of the superior colliculus,kept_for_review_or_manual_approval,70,59,255,unique_imported,,
830,supramammillary nucleus,SuM,supramammillary nucleus,deepseek_paxinos_full_list,Imported from ordered DeepSeek/Paxinos acronym list using V33.8 graph_order/label_id order. Non-dash and non-duplicate proposal.,deepseek_paxinos_candidate,approved,SN_830,supramammillary nucleus,kept_for_review_or_manual_approval,255,211,178,unique_imported,,
831,"supramammillary nucleus, lateral part",SuML,"supramammillary nucleus, lateral part",deepseek_paxinos_full_list,Imported from ordered DeepSeek/Paxinos acronym list using V33.8 graph_order/label_id order. Non-dash and non-duplicate proposal.,deepseek_paxinos_candidate,approved,SNLP_831,"supramammillary nucleus, lateral part",kept_for_review_or_manual_approval,255,109,0,unique_imported,,
832,"supramammillary nucleus, medial part",SuMM,"supramammillary nucleus, medial part",deepseek_paxinos_full_list,Imported from ordered DeepSeek/Paxinos acronym list using V33.8 graph_order/label_id order. Non-dash and non-duplicate proposal.,deepseek_paxinos_candidate,approved,SNMP_832,"supramammillary nucleus, medial part",kept_for_review_or_manual_approval,255,211,178,unique_imported,,
833,superior salivatory nucleus,SuS,superior salivatory nucleus,deepseek_paxinos_full_list,Imported from ordered DeepSeek/Paxinos acronym list using V33.8 graph_order/label_id order. Non-dash and non-duplicate proposal.,deepseek_paxinos_candidate,approved,SSN_833,superior salivatory nucleus,kept_for_review_or_manual_approval,180,142,246,unique_imported,,
834,superior vestibular nucleus,SVNc,"superior vestibular nucleus, caudal part",deepseek_paxinos_full_list_duplicate_conflict,DeepSeek/Paxinos full-list proposal produced a duplicate acronym; left pending for manual disambiguation. | V33.9b: non-approved duplicate proposal sanitized to a unique non-applied placeholder/current acronym so strict resource validator can pass; review_status was preserved.,conflict,approved,SVN_834,superior vestibular nucleus,kept_for_review_or_manual_approval,167,130,229,duplicate_conflict_not_auto_approved; v33_9b_pending_duplicate_sanitized_to_unique_current_acronym,manual_chat_curation_2026-06-23,approved_duplicate_source_name_resolved_by_geometry_and_abba_visual_inspection_axis0_rostral_to_caudal
835,superior vestibular nucleus,SVNr,"superior vestibular nucleus, rostral part",deepseek_paxinos_full_list_duplicate_conflict,DeepSeek/Paxinos full-list proposal produced a duplicate acronym; left pending for manual disambiguation. | V33.9b: non-approved duplicate proposal sanitized to a unique non-applied placeholder/current acronym so strict resource validator can pass; review_status was preserved.,conflict,approved,SVN_835,superior vestibular nucleus,kept_for_review_or_manual_approval,51,182,231,duplicate_conflict_not_auto_approved; v33_9b_pending_duplicate_sanitized_to_unique_current_acronym,manual_chat_curation_2026-06-23,approved_duplicate_source_name_resolved_by_geometry_and_abba_visual_inspection_axis0_rostral_to_caudal
836,submedius thalamic nucleus,Sub,submedius thalamic nucleus,deepseek_paxinos_full_list,Imported from ordered DeepSeek/Paxinos acronym list using V33.8 graph_order/label_id order. Non-dash and non-duplicate proposal.,deepseek_paxinos_candidate,approved,STN_836,submedius thalamic nucleus,kept_for_review_or_manual_approval,255,204,89,unique_imported,,
837,subbrachial nucleus,SubB,subbrachial nucleus,deepseek_paxinos_full_list,Imported from ordered DeepSeek/Paxinos acronym list using V33.8 graph_order/label_id order. Non-dash and non-duplicate proposal.,deepseek_paxinos_candidate,approved,SN_837,subbrachial nucleus,kept_for_review_or_manual_approval,175,130,250,unique_imported,,
838,"subcoeruleus nucleus, alpha part",SubCA,"subcoeruleus nucleus, alpha part",deepseek_paxinos_full_list,Imported from ordered DeepSeek/Paxinos acronym list using V33.8 graph_order/label_id order. Non-dash and non-duplicate proposal.,deepseek_paxinos_candidate,approved,SNAP_838,"subcoeruleus nucleus, alpha part",kept_for_review_or_manual_approval,50,170,215,unique_imported,,
840,"subcoeruleus nucleus, ventral part",SubCV,"subcoeruleus nucleus, ventral part",deepseek_paxinos_full_list,Imported from ordered DeepSeek/Paxinos acronym list using V33.8 graph_order/label_id order. Non-dash and non-duplicate proposal.,deepseek_paxinos_candidate,approved,SNVP_840,"subcoeruleus nucleus, ventral part",kept_for_review_or_manual_approval,127,208,239,unique_imported,,
841,"submedius thalamic nucleus, dorsal part",SubD,"submedius thalamic nucleus, dorsal part",deepseek_paxinos_full_list,Imported from ordered DeepSeek/Paxinos acronym list using V33.8 graph_order/label_id order. Non-dash and non-duplicate proposal.,deepseek_paxinos_candidate,approved,STNDP_841,"submedius thalamic nucleus, dorsal part",kept_for_review_or_manual_approval,255,231,178,unique_imported,,
842,subgeniculate nucleus,SubG,subgeniculate nucleus,deepseek_paxinos_full_list,Imported from ordered DeepSeek/Paxinos acronym list using V33.8 graph_order/label_id order. Non-dash and non-duplicate proposal.,deepseek_paxinos_candidate,approved,SN_842,subgeniculate nucleus,kept_for_review_or_manual_approval,116,59,212,unique_imported,,
843,subincertal nucleus,SubI,subincertal nucleus,deepseek_paxinos_full_list,Imported from ordered DeepSeek/Paxinos acronym list using V33.8 graph_order/label_id order. Non-dash and non-duplicate proposal.,deepseek_paxinos_candidate,approved,SN_843,subincertal nucleus,kept_for_review_or_manual_approval,81,0,220,unique_imported,,
844,subpostrema area,SubP,subpostrema area,deepseek_paxinos_full_list,Imported from ordered DeepSeek/Paxinos acronym list using V33.8 graph_order/label_id order. Non-dash and non-duplicate proposal.,deepseek_paxinos_candidate,approved,SA_844,subpostrema area,kept_for_review_or_manual_approval,145,95,229,unique_imported,,
845,"submedius thalamic nucleus, ventral part",SubV,"submedius thalamic nucleus, ventral part",deepseek_paxinos_full_list,Imported from ordered DeepSeek/Paxinos acronym list using V33.8 graph_order/label_id order. Non-dash and non-duplicate proposal.,deepseek_paxinos_candidate,approved,STNVP_845,"submedius thalamic nucleus, ventral part",kept_for_review_or_manual_approval,255,178,0,unique_imported,,
848,-------,USOL8B_848,unresolved_small_or_local_848_between_Subth__and__tectal gray,paxinos_placeholder,"Raw Paxinos label name is placeholder ""-------""; no anatomical acronym assigned. Stable unique placeholder used. | sanitized: placeholder raw label kept non-applying and aligned to current structure metadata",low,do_not_apply,USOL8B_848,unresolved_small_or_local_848_between_Subth__and__tectal gray,kept_nonapplying_placeholder_aligned_to_current,100,11,250,,,
849,tectal gray,TG,tectal gray,deepseek_paxinos_full_list,Imported from ordered DeepSeek/Paxinos acronym list using V33.8 graph_order/label_id order. Non-dash and non-duplicate proposal.,deepseek_paxinos_candidate,approved,TG_849,tectal gray,kept_for_review_or_manual_approval,147,83,255,unique_imported,,
850,triangular septal nucleus,TS,triangular septal nucleus,deepseek_paxinos_full_list,Imported from ordered DeepSeek/Paxinos acronym list using V33.8 graph_order/label_id order. Non-dash and non-duplicate proposal.,deepseek_paxinos_candidate,approved,TSN_850,triangular septal nucleus,kept_for_review_or_manual_approval,166,130,225,unique_imported,,
851,tenia tecta,TT,tenia tecta,deepseek_paxinos_full_list,Imported from ordered DeepSeek/Paxinos acronym list using V33.8 graph_order/label_id order. Non-dash and non-duplicate proposal.,deepseek_paxinos_candidate,approved,TT_851,tenia tecta,kept_for_review_or_manual_approval,189,255,0,unique_imported,,
852,terete hypothalamic nucleus,Te,terete hypothalamic nucleus,deepseek_paxinos_full_list,Imported from ordered DeepSeek/Paxinos acronym list using V33.8 graph_order/label_id order. Non-dash and non-duplicate proposal.,deepseek_paxinos_candidate,approved,THN_852,terete hypothalamic nucleus,kept_for_review_or_manual_approval,255,97,0,unique_imported,,
853,temporal association cortex,TeA,temporal association cortex,deepseek_paxinos_full_list,Imported from ordered DeepSeek/Paxinos acronym list using V33.8 graph_order/label_id order. Non-dash and non-duplicate proposal.,deepseek_paxinos_candidate,approved,TeA,temporal associatin cortex,kept_for_review_or_manual_approval,208,212,107,unique_imported,,
854,telencepahlon,Tel,telencepahlon,deepseek_paxinos_full_list,Imported from ordered DeepSeek/Paxinos acronym list using V33.8 graph_order/label_id order. Non-dash and non-duplicate proposal.,deepseek_paxinos_candidate,approved,T_854,telencepahlon,kept_for_review_or_manual_approval,240,255,178,unique_imported,,
855,tegmentum,Tg,tegmentum,deepseek_paxinos_full_list,Imported from ordered DeepSeek/Paxinos acronym list using V33.8 graph_order/label_id order. Non-dash and non-duplicate proposal.,deepseek_paxinos_candidate,approved,T_855,tegmentum,kept_for_review_or_manual_approval,44,242,242,unique_imported,,
856,thalamus,TH,thalamus,deepseek_paxinos_full_list_duplicate_conflict,DeepSeek/Paxinos full-list proposal produced a duplicate acronym; left pending for manual disambiguation. | V33.9b: non-approved duplicate proposal sanitized to a unique non-applied placeholder/current acronym so strict resource validator can pass; review_status was preserved.,conflict,approved,T_856,thalamus,kept_for_review_or_manual_approval,223,146,0,duplicate_conflict_not_auto_approved; v33_9b_pending_duplicate_sanitized_to_unique_current_acronym,manual_chat_curation_2026-06-23,approved_common_parent_region_acronym
858,olfactory tubercle,Tu,olfactory tubercle,deepseek_paxinos_full_list,Imported from ordered DeepSeek/Paxinos acronym list using V33.8 graph_order/label_id order. Non-dash and non-duplicate proposal.,deepseek_paxinos_candidate,approved,OT_858,olfactory tubercle,kept_for_review_or_manual_approval,255,239,0,unique_imported,,
859,-------,PLG8BO_859,"possible_layer_group_859_between_olfactory tubercle__and__olfactory tubercle, layer 1",paxinos_placeholder,"Raw Paxinos label name is placeholder ""-------""; no anatomical acronym assigned. Stable unique placeholder used. | sanitized: placeholder raw label kept non-applying and aligned to current structure metadata",low,do_not_apply,PLG8BO_859,"possible_layer_group_859_between_olfactory tubercle__and__olfactory tubercle, layer 1",kept_nonapplying_placeholder_aligned_to_current,255,239,0,,,
860,-------,PLG8BO_860,"possible_layer_group_860_between_olfactory tubercle__and__olfactory tubercle, layer 1",paxinos_placeholder,"Raw Paxinos label name is placeholder ""-------""; no anatomical acronym assigned. Stable unique placeholder used. | sanitized: placeholder raw label kept non-applying and aligned to current structure metadata",low,do_not_apply,PLG8BO_860,"possible_layer_group_860_between_olfactory tubercle__and__olfactory tubercle, layer 1",kept_nonapplying_placeholder_aligned_to_current,255,250,178,,,
861,-------,PLG8BO_861,"possible_layer_group_861_between_olfactory tubercle__and__olfactory tubercle, layer 1",paxinos_placeholder,"Raw Paxinos label name is placeholder ""-------""; no anatomical acronym assigned. Stable unique placeholder used. | sanitized: placeholder raw label kept non-applying and aligned to current structure metadata",low,do_not_apply,PLG8BO_861,"possible_layer_group_861_between_olfactory tubercle__and__olfactory tubercle, layer 1",kept_nonapplying_placeholder_aligned_to_current,233,225,89,,,
863,tuberal region of lateral hypothalamus,TuLH,tuberal region of lateral hypothalamus,deepseek_paxinos_full_list,Imported from ordered DeepSeek/Paxinos acronym list using V33.8 graph_order/label_id order. Non-dash and non-duplicate proposal.,deepseek_paxinos_candidate,approved,TROLH_863,tuberal region of lateral hypothalamus,kept_for_review_or_manual_approval,84,11,203,unique_imported,,
864,nucleus of the trapezoid body,Tz,nucleus of the trapezoid body,deepseek_paxinos_full_list,Imported from ordered DeepSeek/Paxinos acronym list using V33.8 graph_order/label_id order. Non-dash and non-duplicate proposal.,deepseek_paxinos_candidate,approved,NOTTB_864,nucleus of the trapezoid body,kept_for_review_or_manual_approval,0,144,199,unique_imported,,
865,Not done yet!,Not done yet!,Not done yet!,rule_generated_from_paxinos_name,Algorithmic acronym generated from Paxinos raw name; requires manual review before use as curated label.,low,approved,NDY_865,Not done yet!,kept_for_review_or_manual_approval,92,0,255,,manual_chat_curation_2026-06-23,approved_display_readable_placeholder_label
866,Unlabeled areas,Unlabeled areas,Unlabeled areas,rule_generated_from_paxinos_name,Algorithmic acronym generated from Paxinos raw name; requires manual review before use as curated label.,low,approved,UA_866,Unlabeled areas,kept_for_review_or_manual_approval,255,178,186,,manual_chat_curation_2026-06-23,approved_display_readable_unlabeled_area
869,primary visual cortex,V1,primary visual cortex,deepseek_paxinos_full_list,Imported from ordered DeepSeek/Paxinos acronym list using V33.8 graph_order/label_id order. Non-dash and non-duplicate proposal.,deepseek_paxinos_candidate,approved,V1,primary visual cortex,kept_for_review_or_manual_approval,231,233,89,unique_imported,,
870,"primary visual cortex, binocular area",V1B,"primary visual cortex, binocular area",deepseek_paxinos_full_list,Imported from ordered DeepSeek/Paxinos acronym list using V33.8 graph_order/label_id order. Non-dash and non-duplicate proposal.,deepseek_paxinos_candidate,approved,V1B,"primary visual cortex, binocular area",kept_for_review_or_manual_approval,254,255,178,unique_imported,,
871,"primary visual cortex, monocular area",V1M,"primary visual cortex, monocular area",deepseek_paxinos_full_list,Imported from ordered DeepSeek/Paxinos acronym list using V33.8 graph_order/label_id order. Non-dash and non-duplicate proposal.,deepseek_paxinos_candidate,approved,V1M,"primary visual cortex, monocular area",kept_for_review_or_manual_approval,250,255,0,unique_imported,,
872,visual cortex,V,visual cortex,deepseek_paxinos_full_list,Imported from ordered DeepSeek/Paxinos acronym list using V33.8 graph_order/label_id order. Non-dash and non-duplicate proposal.,deepseek_paxinos_candidate,approved,VC_872,visual cortex,kept_for_review_or_manual_approval,250,255,89,unique_imported,,
873,"secondary visual cortex, lateral area",V2L,"secondary visual cortex, lateral area",deepseek_paxinos_full_list,Imported from ordered DeepSeek/Paxinos acronym list using V33.8 graph_order/label_id order. Non-dash and non-duplicate proposal.,deepseek_paxinos_candidate,approved,V2L,"secondary visual cortex, lateral area",kept_for_review_or_manual_approval,253,255,178,unique_imported,,
874,"secondary visual cortex, mediolateral area",V2ML,"secondary visual cortex, mediolateral area",deepseek_paxinos_full_list,Imported from ordered DeepSeek/Paxinos acronym list using V33.8 graph_order/label_id order. Non-dash and non-duplicate proposal.,deepseek_paxinos_candidate,approved,V2ML,"secondary visual cortex, mediolateral area",kept_for_review_or_manual_approval,248,255,0,unique_imported,,
875,"secondary visual cortex, mediomedial area",V2MM,"secondary visual cortex, mediomedial area",deepseek_paxinos_full_list,Imported from ordered DeepSeek/Paxinos acronym list using V33.8 graph_order/label_id order. Non-dash and non-duplicate proposal.,deepseek_paxinos_candidate,approved,V2MM,"secondary visual cortex, mediomedial area",kept_for_review_or_manual_approval,250,255,89,unique_imported,,
876,ventral anterior thalamic nucleus,VA,ventral anterior thalamic nucleus,deepseek_paxinos_full_list,Imported from ordered DeepSeek/Paxinos acronym list using V33.8 graph_order/label_id order. Non-dash and non-duplicate proposal.,deepseek_paxinos_candidate,approved,VATN_876,ventral anterior thalamic nucleus,kept_for_review_or_manual_approval,255,179,0,unique_imported,,
877,-------,USOL8B_877,unresolved_small_or_local_877_between_ventral anterior thalamic nucl__and__ventral cochlear nucleus,paxinos_placeholder,"Raw Paxinos label name is placeholder ""-------""; no anatomical acronym assigned. Stable unique placeholder used. | sanitized: placeholder raw label kept non-applying and aligned to current structure metadata",low,do_not_apply,USOL8B_877,unresolved_small_or_local_877_between_ventral anterior thalamic nucl__and__ventral cochlear nucleus,kept_nonapplying_placeholder_aligned_to_current,239,208,133,,,
879,"ventral cochlear nucleus, anterior part",VCA,"ventral cochlear nucleus, anterior part",deepseek_paxinos_full_list,Imported from ordered DeepSeek/Paxinos acronym list using V33.8 graph_order/label_id order. Non-dash and non-duplicate proposal.,deepseek_paxinos_candidate,approved,VCNAP_879,"ventral cochlear nucleus, anterior part",kept_for_review_or_manual_approval,0,243,255,unique_imported,,
880,"ventral cochlear nucleus, granule cell layer",VCGr,"ventral cochlear nucleus, granule cell layer",deepseek_paxinos_full_list,Imported from ordered DeepSeek/Paxinos acronym list using V33.8 graph_order/label_id order. Non-dash and non-duplicate proposal.,deepseek_paxinos_candidate,approved,VCNGCL_880,"ventral cochlear nucleus, granule cell layer",kept_for_review_or_manual_approval,0,243,255,unique_imported,,
881,"ventral cochlear nucleus, capsular part",VCC,"ventral cochlear nucleus, capsular part",deepseek_paxinos_full_list,Imported from ordered DeepSeek/Paxinos acronym list using V33.8 graph_order/label_id order. Non-dash and non-duplicate proposal.,deepseek_paxinos_candidate,approved,VCNCP_881,"ventral cochlear nucleus, capsular part",kept_for_review_or_manual_approval,163,119,237,unique_imported,,
882,"ventral cochlear nucleus, posterior part",VCP,"ventral cochlear nucleus, posterior part",deepseek_paxinos_full_list,Imported from ordered DeepSeek/Paxinos acronym list using V33.8 graph_order/label_id order. Non-dash and non-duplicate proposal.,deepseek_paxinos_candidate,approved,VCNPP_882,"ventral cochlear nucleus, posterior part",kept_for_review_or_manual_approval,0,236,255,unique_imported,,
883,"ventral cochlear nucleus, posterior part, octopus cell area",VCPOc,"ventral cochlear nucleus, posterior part, octopus cell area",deepseek_paxinos_full_list,Imported from ordered DeepSeek/Paxinos acronym list using V33.8 graph_order/label_id order. Non-dash and non-duplicate proposal.,deepseek_paxinos_candidate,approved,VCNPPO_883,"ventral cochlear nucleus, posterior part, octopus cell area",kept_for_review_or_manual_approval,108,35,229,unique_imported,,
884,ventral part of claustrum,VCl,ventral part of claustrum,deepseek_paxinos_full_list,Imported from ordered DeepSeek/Paxinos acronym list using V33.8 graph_order/label_id order. Non-dash and non-duplicate proposal.,deepseek_paxinos_candidate,approved,VPOC_884,ventral part of claustrum,kept_for_review_or_manual_approval,136,71,242,unique_imported,,
885,nucleus of the vertical limb of the diagonal band,VDB,nucleus of the vertical limb of the diagonal band,deepseek_paxinos_full_list,Imported from ordered DeepSeek/Paxinos acronym list using V33.8 graph_order/label_id order. Non-dash and non-duplicate proposal.,deepseek_paxinos_candidate,approved,NOTVLO_885,nucleus of the vertical limb of the diagonal band,kept_for_review_or_manual_approval,168,233,89,unique_imported,,
886,ventral endopiriform nucleus,VE,ventral endopiriform nucleus,deepseek_paxinos_full_list,Imported from ordered DeepSeek/Paxinos acronym list using V33.8 graph_order/label_id order. Non-dash and non-duplicate proposal.,deepseek_paxinos_candidate,approved,VEN_886,ventral endopiriform nucleus,kept_for_review_or_manual_approval,131,95,191,unique_imported,,
887,ventral geniculate nucleus,VG,ventral geniculate nucleus,deepseek_paxinos_full_list,Imported from ordered DeepSeek/Paxinos acronym list using V33.8 graph_order/label_id order. Non-dash and non-duplicate proposal.,deepseek_paxinos_candidate,approved,VGN_887,ventral geniculate nucleus,kept_for_review_or_manual_approval,255,233,178,unique_imported,,
888,-------,PCOP8B_888,possible_container_or_parent_888_between_ventral geniculate nucleus__and__ventral intermediate entorhina,paxinos_placeholder,"Raw Paxinos label name is placeholder ""-------""; no anatomical acronym assigned. Stable unique placeholder used. | sanitized: placeholder raw label kept non-applying and aligned to current structure metadata",low,do_not_apply,PCOP8B_888,possible_container_or_parent_888_between_ventral geniculate nucleus__and__ventral intermediate entorhina,kept_nonapplying_placeholder_aligned_to_current,223,160,0,,,
889,-------,PCOP8B_889,possible_container_or_parent_889_between_ventral geniculate nucleus__and__ventral intermediate entorhina,paxinos_placeholder,"Raw Paxinos label name is placeholder ""-------""; no anatomical acronym assigned. Stable unique placeholder used. | sanitized: placeholder raw label kept non-applying and aligned to current structure metadata",low,do_not_apply,PCOP8B_889,possible_container_or_parent_889_between_ventral geniculate nucleus__and__ventral intermediate entorhina,kept_nonapplying_placeholder_aligned_to_current,255,183,0,,,
890,-------,PCOP8B_890,possible_container_or_parent_890_between_ventral geniculate nucleus__and__ventral intermediate entorhina,paxinos_placeholder,"Raw Paxinos label name is placeholder ""-------""; no anatomical acronym assigned. Stable unique placeholder used. | sanitized: placeholder raw label kept non-applying and aligned to current structure metadata",low,do_not_apply,PCOP8B_890,possible_container_or_parent_890_between_ventral geniculate nucleus__and__ventral intermediate entorhina,kept_nonapplying_placeholder_aligned_to_current,255,208,89,,,
891,ventral intermediate entorhinal cortex,VIEnt,ventral intermediate entorhinal cortex,deepseek_paxinos_full_list,Imported from ordered DeepSeek/Paxinos acronym list using V33.8 graph_order/label_id order. Non-dash and non-duplicate proposal.,deepseek_paxinos_candidate,approved,VIEC_891,ventral intermediate entorhinal cortex,kept_for_review_or_manual_approval,242,255,178,unique_imported,,
892,ventrolateral thalamic nucleus,VL,ventrolateral thalamic nucleus,deepseek_paxinos_full_list,Imported from ordered DeepSeek/Paxinos acronym list using V33.8 graph_order/label_id order. Non-dash and non-duplicate proposal.,deepseek_paxinos_candidate,approved,VTN_892,ventrolateral thalamic nucleus,kept_for_review_or_manual_approval,255,232,178,unique_imported,,
893,-------,USOL8B_893,unresolved_small_or_local_893_between_ventrolateral thalamic nucleus__and__ventrolateral hypothalamic nuc,paxinos_placeholder,"Raw Paxinos label name is placeholder ""-------""; no anatomical acronym assigned. Stable unique placeholder used. | sanitized: placeholder raw label kept non-applying and aligned to current structure metadata",low,do_not_apply,USOL8B_893,unresolved_small_or_local_893_between_ventrolateral thalamic nucleus__and__ventrolateral hypothalamic nuc,kept_nonapplying_placeholder_aligned_to_current,239,171,0,,,
894,ventrolateral hypothalamic nucleus,VLH,ventrolateral hypothalamic nucleus,deepseek_paxinos_full_list,Imported from ordered DeepSeek/Paxinos acronym list using V33.8 graph_order/label_id order. Non-dash and non-duplicate proposal.,deepseek_paxinos_candidate,approved,VHN_894,ventrolateral hypothalamic nucleus,kept_for_review_or_manual_approval,87,23,191,unique_imported,,
895,ventral nucleus of the lat lemniscus,VLL,ventral nucleus of the lat lemniscus,deepseek_paxinos_full_list,Imported from ordered DeepSeek/Paxinos acronym list using V33.8 graph_order/label_id order. Non-dash and non-duplicate proposal.,deepseek_paxinos_candidate,approved,VNOTLL_895,ventral nucleus of the lat lemniscus,kept_for_review_or_manual_approval,44,239,141,unique_imported,,
896,ventrolateral periaqueductal gray,VLPAG,ventrolateral periaqueductal gray,deepseek_paxinos_full_list,Imported from ordered DeepSeek/Paxinos acronym list using V33.8 graph_order/label_id order. Non-dash and non-duplicate proposal.,deepseek_paxinos_candidate,approved,VPG_896,ventrolateral periaqueductal gray,kept_for_review_or_manual_approval,118,119,233,unique_imported,,
897,ventrolateral preoptic nucleus,VLPO,ventrolateral preoptic nucleus,deepseek_paxinos_full_list,Imported from ordered DeepSeek/Paxinos acronym list using V33.8 graph_order/label_id order. Non-dash and non-duplicate proposal.,deepseek_paxinos_candidate,approved,VPN_897,ventrolateral preoptic nucleus,kept_for_review_or_manual_approval,212,84,0,unique_imported,,
898,ventral linear nucleus of the thalamus,VLi,ventral linear nucleus of the thalamus,deepseek_paxinos_full_list,Imported from ordered DeepSeek/Paxinos acronym list using V33.8 graph_order/label_id order. Non-dash and non-duplicate proposal.,deepseek_paxinos_candidate,approved,VLNOTT_898,ventral linear nucleus of the thalamus,kept_for_review_or_manual_approval,233,209,142,unique_imported,,
899,ventromedial thalamic nucleus,VM,ventromedial thalamic nucleus,deepseek_paxinos_full_list,Imported from ordered DeepSeek/Paxinos acronym list using V33.8 graph_order/label_id order. Non-dash and non-duplicate proposal.,deepseek_paxinos_candidate,approved,VTN_899,ventromedial thalamic nucleus,kept_for_review_or_manual_approval,223,192,107,unique_imported,,
900,ventromedial hypothalamic nucleus,VMH,ventromedial hypothalamic nucleus,deepseek_paxinos_full_list,Imported from ordered DeepSeek/Paxinos acronym list using V33.8 graph_order/label_id order. Non-dash and non-duplicate proposal.,deepseek_paxinos_candidate,approved,VHN_900,ventromedial hypothalamic nucleus,kept_for_review_or_manual_approval,255,161,89,unique_imported,,
902,"ventromedial hypothalamic nucleus, central part",VMHC,"ventromedial hypothalamic nucleus, central part",deepseek_paxinos_full_list,Imported from ordered DeepSeek/Paxinos acronym list using V33.8 graph_order/label_id order. Non-dash and non-duplicate proposal.,deepseek_paxinos_candidate,approved,VHNCP_902,"ventromedial hypothalamic nucleus, central part",kept_for_review_or_manual_approval,255,111,0,unique_imported,,
903,"ventromedial hypothalamic nucleus, dorsomedial part",VMHDM,"ventromedial hypothalamic nucleus, dorsomedial part",deepseek_paxinos_full_list,Imported from ordered DeepSeek/Paxinos acronym list using V33.8 graph_order/label_id order. Non-dash and non-duplicate proposal.,deepseek_paxinos_candidate,approved,VHNDP_903,"ventromedial hypothalamic nucleus, dorsomedial part",kept_for_review_or_manual_approval,233,102,0,unique_imported,,
904,ventromedial nucleus of the hypothalamus shell,VMHSh,ventromedial nucleus of the hypothalamus shell,deepseek_paxinos_full_list,Imported from ordered DeepSeek/Paxinos acronym list using V33.8 graph_order/label_id order. Non-dash and non-duplicate proposal.,deepseek_paxinos_candidate,approved,VNOTHS_904,ventromedial nucleus of the hypothalamus shell,kept_for_review_or_manual_approval,255,162,89,unique_imported,,
905,"ventromedial hypothalamic nucleus, ventrolateral part",VMHVL,"ventromedial hypothalamic nucleus, ventrolateral part",deepseek_paxinos_full_list,Imported from ordered DeepSeek/Paxinos acronym list using V33.8 graph_order/label_id order. Non-dash and non-duplicate proposal.,deepseek_paxinos_candidate,approved,VHNVP_905,"ventromedial hypothalamic nucleus, ventrolateral part",kept_for_review_or_manual_approval,233,152,89,unique_imported,,
906,ventromedial preoptic nucleus,VMPO,ventromedial preoptic nucleus,deepseek_paxinos_full_list,Imported from ordered DeepSeek/Paxinos acronym list using V33.8 graph_order/label_id order. Non-dash and non-duplicate proposal.,deepseek_paxinos_candidate,approved,VPN_906,ventromedial preoptic nucleus,kept_for_review_or_manual_approval,223,109,0,unique_imported,,
907,ventral orbital cortex,VO,ventral orbital cortex,deepseek_paxinos_full_list,Imported from ordered DeepSeek/Paxinos acronym list using V33.8 graph_order/label_id order. Non-dash and non-duplicate proposal.,deepseek_paxinos_candidate,approved,VO,ventral orbital cortex,kept_for_review_or_manual_approval,249,255,107,unique_imported,,
908,vascular organ of the lamina terminalis,OVLT,vascular organ of the lamina terminalis,deepseek_paxinos_full_list,Imported from ordered DeepSeek/Paxinos acronym list using V33.8 graph_order/label_id order. Non-dash and non-duplicate proposal.,deepseek_paxinos_candidate,approved,VOOTLT_908,vascular organ of the lamina terminalis,kept_for_review_or_manual_approval,97,23,216,unique_imported,,
909,ventral pallidum,VP,ventral pallidum,deepseek_paxinos_full_list,Imported from ordered DeepSeek/Paxinos acronym list using V33.8 graph_order/label_id order. Non-dash and non-duplicate proposal.,deepseek_paxinos_candidate,approved,VP_909,ventral pallidum,kept_for_review_or_manual_approval,255,233,0,unique_imported,,
910,ventral posterolateral thalamic nucleus,VPL,ventral posterolateral thalamic nucleus,deepseek_paxinos_full_list,Imported from ordered DeepSeek/Paxinos acronym list using V33.8 graph_order/label_id order. Non-dash and non-duplicate proposal.,deepseek_paxinos_candidate,approved,VPTN_910,ventral posterolateral thalamic nucleus,kept_for_review_or_manual_approval,212,165,35,unique_imported,,
911,ventral posteromedial thalamic nucleus,VPM,ventral posteromedial thalamic nucleus,deepseek_paxinos_full_list,Imported from ordered DeepSeek/Paxinos acronym list using V33.8 graph_order/label_id order. Non-dash and non-duplicate proposal.,deepseek_paxinos_candidate,approved,VPTN_911,ventral posteromedial thalamic nucleus,kept_for_review_or_manual_approval,255,196,35,unique_imported,,
912,"ventral posterior nucleus of the thalamus, parvicellular part",VPPC,"ventral posterior nucleus of the thalamus, parvicellular part",deepseek_paxinos_full_list,Imported from ordered DeepSeek/Paxinos acronym list using V33.8 graph_order/label_id order. Non-dash and non-duplicate proposal.,deepseek_paxinos_candidate,approved,VPNOTT_912,"ventral posterior nucleus of the thalamus, parvicellular part",kept_for_review_or_manual_approval,233,171,0,unique_imported,,
914,ventral reuniens thalamic nucleus,VRe,ventral reuniens thalamic nucleus,deepseek_paxinos_full_list,Imported from ordered DeepSeek/Paxinos acronym list using V33.8 graph_order/label_id order. Non-dash and non-duplicate proposal.,deepseek_paxinos_candidate,approved,VRTN_914,ventral reuniens thalamic nucleus,kept_for_review_or_manual_approval,255,171,0,unique_imported,,
915,ventral subiculum,VS,ventral subiculum,deepseek_paxinos_full_list,Imported from ordered DeepSeek/Paxinos acronym list using V33.8 graph_order/label_id order. Non-dash and non-duplicate proposal.,deepseek_paxinos_candidate,approved,VS_915,ventral subiculum,kept_for_review_or_manual_approval,241,255,178,unique_imported,,
916,ventral tegmental area,VTA,ventral tegmental area,deepseek_paxinos_full_list,Imported from ordered DeepSeek/Paxinos acronym list using V33.8 graph_order/label_id order. Non-dash and non-duplicate proposal.,deepseek_paxinos_candidate,approved,VTA_916,ventral tegmental area,kept_for_review_or_manual_approval,68,35,203,unique_imported,,
917,"ventral tegmental area, rostral part",VTAR,"ventral tegmental area, rostral part",deepseek_paxinos_full_list,Imported from ordered DeepSeek/Paxinos acronym list using V33.8 graph_order/label_id order. Non-dash and non-duplicate proposal.,deepseek_paxinos_candidate,approved,VTARP_917,"ventral tegmental area, rostral part",kept_for_review_or_manual_approval,118,231,233,unique_imported,,
918,ventral tuberomammillary nucleus,VTM,ventral tuberomammillary nucleus,deepseek_paxinos_full_list,Imported from ordered DeepSeek/Paxinos acronym list using V33.8 graph_order/label_id order. Non-dash and non-duplicate proposal.,deepseek_paxinos_candidate,approved,VTN_918,ventral tuberomammillary nucleus,kept_for_review_or_manual_approval,255,208,178,unique_imported,,
919,ventral tenia tecta,VTT,ventral tenia tecta,deepseek_paxinos_full_list,Imported from ordered DeepSeek/Paxinos acronym list using V33.8 graph_order/label_id order. Non-dash and non-duplicate proposal.,deepseek_paxinos_candidate,approved,VTT_919,ventral tenia tecta,kept_for_review_or_manual_approval,187,255,0,unique_imported,,
920,-------,USOL9B_920,unresolved_small_or_local_920_between_ventral tenia tecta__and__ventral tegmental nucleus,paxinos_placeholder,"Raw Paxinos label name is placeholder ""-------""; no anatomical acronym assigned. Stable unique placeholder used. | sanitized: placeholder raw label kept non-applying and aligned to current structure metadata",low,do_not_apply,USOL9B_920,unresolved_small_or_local_920_between_ventral tenia tecta__and__ventral tegmental nucleus,kept_nonapplying_placeholder_aligned_to_current,188,255,0,,,
921,-------,USOL9B_921,unresolved_small_or_local_921_between_ventral tenia tecta__and__ventral tegmental nucleus,paxinos_placeholder,"Raw Paxinos label name is placeholder ""-------""; no anatomical acronym assigned. Stable unique placeholder used. | sanitized: placeholder raw label kept non-applying and aligned to current structure metadata",low,do_not_apply,USOL9B_921,unresolved_small_or_local_921_between_ventral tenia tecta__and__ventral tegmental nucleus,kept_nonapplying_placeholder_aligned_to_current,211,255,89,,,
922,-------,USOL9B_922,unresolved_small_or_local_922_between_ventral tenia tecta__and__ventral tegmental nucleus,paxinos_placeholder,"Raw Paxinos label name is placeholder ""-------""; no anatomical acronym assigned. Stable unique placeholder used. | sanitized: placeholder raw label kept non-applying and aligned to current structure metadata",low,do_not_apply,USOL9B_922,unresolved_small_or_local_922_between_ventral tenia tecta__and__ventral tegmental nucleus,kept_nonapplying_placeholder_aligned_to_current,234,255,178,,,
923,ventral tegmental nucleus,VTg,ventral tegmental nucleus,deepseek_paxinos_full_list,Imported from ordered DeepSeek/Paxinos acronym list using V33.8 graph_order/label_id order. Non-dash and non-duplicate proposal.,deepseek_paxinos_candidate,approved,VTN_923,ventral tegmental nucleus,kept_for_review_or_manual_approval,160,107,246,unique_imported,,
926,nucleus X,X,nucleus X,deepseek_paxinos_full_list,Imported from ordered DeepSeek/Paxinos acronym list using V33.8 graph_order/label_id order. Non-dash and non-duplicate proposal.,deepseek_paxinos_candidate,approved,NX_926,nucleus X,kept_for_review_or_manual_approval,0,179,247,unique_imported,,
927,xiphoid thalamic nucleus,Xi,xiphoid thalamic nucleus,deepseek_paxinos_full_list,Imported from ordered DeepSeek/Paxinos acronym list using V33.8 graph_order/label_id order. Non-dash and non-duplicate proposal.,deepseek_paxinos_candidate,approved,XTN_927,xiphoid thalamic nucleus,kept_for_review_or_manual_approval,244,198,71,unique_imported,,
928,nucleus Y,Y,nucleus Y,deepseek_paxinos_full_list,Imported from ordered DeepSeek/Paxinos acronym list using V33.8 graph_order/label_id order. Non-dash and non-duplicate proposal.,deepseek_paxinos_candidate,approved,NY_928,nucleus Y,kept_for_review_or_manual_approval,76,182,223,unique_imported,,
929,nucleus Z,Z,nucleus Z,deepseek_paxinos_full_list,Imported from ordered DeepSeek/Paxinos acronym list using V33.8 graph_order/label_id order. Non-dash and non-duplicate proposal.,deepseek_paxinos_candidate,approved,NZ_929,nucleus Z,kept_for_review_or_manual_approval,83,11,199,unique_imported,,
930,zona incerta,ZI,zona incerta,deepseek_paxinos_full_list,Imported from ordered DeepSeek/Paxinos acronym list using V33.8 graph_order/label_id order. Non-dash and non-duplicate proposal.,deepseek_paxinos_candidate,approved,ZI_930,zona incerta,kept_for_review_or_manual_approval,255,140,0,unique_imported,,
931,"zona incerta, caudal part",ZIC,"zona incerta, caudal part",deepseek_paxinos_full_list,Imported from ordered DeepSeek/Paxinos acronym list using V33.8 graph_order/label_id order. Non-dash and non-duplicate proposal.,deepseek_paxinos_candidate,approved,ZICP_931,"zona incerta, caudal part",kept_for_review_or_manual_approval,223,120,0,unique_imported,,
932,"zona incerta, dorsal part",ZID,"zona incerta, dorsal part",deepseek_paxinos_full_list,Imported from ordered DeepSeek/Paxinos acronym list using V33.8 graph_order/label_id order. Non-dash and non-duplicate proposal.,deepseek_paxinos_candidate,approved,ZIDP_932,"zona incerta, dorsal part",kept_for_review_or_manual_approval,255,139,0,unique_imported,,
933,"zona incerta, rostral part",ZIR,"zona incerta, rostral part",deepseek_paxinos_full_list,Imported from ordered DeepSeek/Paxinos acronym list using V33.8 graph_order/label_id order. Non-dash and non-duplicate proposal.,deepseek_paxinos_candidate,approved,ZIRP_933,"zona incerta, rostral part",kept_for_review_or_manual_approval,255,181,89,unique_imported,,
934,"zona incerta, ventral part",ZIV,"zona incerta, ventral part",deepseek_paxinos_full_list,Imported from ordered DeepSeek/Paxinos acronym list using V33.8 graph_order/label_id order. Non-dash and non-duplicate proposal.,deepseek_paxinos_candidate,approved,ZIVP_934,"zona incerta, ventral part",kept_for_review_or_manual_approval,255,221,178,unique_imported,,
935,zona layer of the superior colliculus,Zo,zona layer of the superior colliculus,deepseek_paxinos_full_list,Imported from ordered DeepSeek/Paxinos acronym list using V33.8 graph_order/label_id order. Non-dash and non-duplicate proposal.,deepseek_paxinos_candidate,approved,ZLOTSC_935,zona layer of the superior colliculus,kept_for_review_or_manual_approval,127,118,255,unique_imported,,
936,artery,artery,artery,deepseek_paxinos_full_list_duplicate_conflict,DeepSeek/Paxinos full-list proposal produced a duplicate acronym; left pending for manual disambiguation. | V33.9b: non-approved duplicate proposal sanitized to a unique non-applied placeholder/current acronym so strict resource validator can pass; review_status was preserved.,conflict,approved,A_936,artery,kept_for_review_or_manual_approval,229,71,216,duplicate_conflict_not_auto_approved; v33_9b_pending_duplicate_sanitized_to_unique_current_acronym,manual_chat_curation_2026-06-23,approved_display_readable_vascular_label
937,-------,PFOWM9_937,possible_fiber_or_white_matter_937_between_artery__and__anterior commissure,paxinos_placeholder,"Raw Paxinos label name is placeholder ""-------""; no anatomical acronym assigned. Stable unique placeholder used. | sanitized: placeholder raw label kept non-applying and aligned to current structure metadata",low,do_not_apply,PFOWM9_937,possible_fiber_or_white_matter_937_between_artery__and__anterior commissure,kept_nonapplying_placeholder_aligned_to_current,76,0,199,,,
938,anterior commissure,ac,anterior commissure,deepseek_paxinos_full_list,Imported from ordered DeepSeek/Paxinos acronym list using V33.8 graph_order/label_id order. Non-dash and non-duplicate proposal.,deepseek_paxinos_candidate,approved,AC_938,anterior commissure,kept_for_review_or_manual_approval,149,233,59,unique_imported,,
939,"anterior commissure, anterior part",acap,"anterior commissure, anterior part",deepseek_paxinos_full_list_duplicate_conflict,DeepSeek/Paxinos full-list proposal produced a duplicate acronym; left pending for manual disambiguation. | V33.9b: non-approved duplicate proposal sanitized to a unique non-applied placeholder/current acronym so strict resource validator can pass; review_status was preserved.,conflict,approved,ACAP_939,"anterior commissure, anterior part",kept_for_review_or_manual_approval,219,255,178,duplicate_conflict_not_auto_approved; v33_9b_pending_duplicate_sanitized_to_unique_current_acronym,manual_chat_curation_2026-06-23,approved_readable_fiber_or_commissure_label
940,anterior cerebral artery,anterior_cerebral_artery,anterior cerebral artery,deepseek_paxinos_full_list_duplicate_conflict,DeepSeek/Paxinos full-list proposal produced a duplicate acronym; left pending for manual disambiguation. | V33.9b: non-approved duplicate proposal sanitized to a unique non-applied placeholder/current acronym so strict resource validator can pass; review_status was preserved.,conflict,approved,ACA_940,anterior cerebral artery,kept_for_review_or_manual_approval,242,0,221,duplicate_conflict_not_auto_approved; v33_9b_pending_duplicate_sanitized_to_unique_current_acronym,manual_chat_curation_2026-06-23,approved_display_readable_vascular_label
941,"anterior commissure, intrabulbar part",aci,"anterior commissure, intrabulbar part",deepseek_paxinos_full_list,Imported from ordered DeepSeek/Paxinos acronym list using V33.8 graph_order/label_id order. Non-dash and non-duplicate proposal.,deepseek_paxinos_candidate,approved,ACIP_941,"anterior commissure, intrabulbar part",kept_for_review_or_manual_approval,175,255,89,unique_imported,,
942,"anterior commissure, posterior part",acp,"anterior commissure, posterior part",deepseek_paxinos_full_list,Imported from ordered DeepSeek/Paxinos acronym list using V33.8 graph_order/label_id order. Non-dash and non-duplicate proposal.,deepseek_paxinos_candidate,approved,ACPP_942,"anterior commissure, posterior part",kept_for_review_or_manual_approval,130,255,0,unique_imported,,
943,alveus of the hippocampus,alv,alveus of the hippocampus,deepseek_paxinos_full_list,Imported from ordered DeepSeek/Paxinos acronym list using V33.8 graph_order/label_id order. Non-dash and non-duplicate proposal.,deepseek_paxinos_candidate,approved,AOTH_943,alveus of the hippocampus,kept_for_review_or_manual_approval,140,255,89,unique_imported,,
945,accessory olfactory tract,aot,accessory olfactory tract,deepseek_paxinos_full_list,Imported from ordered DeepSeek/Paxinos acronym list using V33.8 graph_order/label_id order. Non-dash and non-duplicate proposal.,deepseek_paxinos_candidate,approved,AOT_945,accessory olfactory tract,kept_for_review_or_manual_approval,182,255,0,unique_imported,,
946,ansoparamedian fissure,apf,ansoparamedian fissure,deepseek_paxinos_full_list,Imported from ordered DeepSeek/Paxinos acronym list using V33.8 graph_order/label_id order. Non-dash and non-duplicate proposal.,deepseek_paxinos_candidate,approved,AF_946,ansoparamedian fissure,kept_for_review_or_manual_approval,89,11,212,unique_imported,,
947,arteries,arteries,arteries,deepseek_paxinos_full_list_duplicate_conflict,DeepSeek/Paxinos full-list proposal produced a duplicate acronym; left pending for manual disambiguation. | V33.9b: non-approved duplicate proposal sanitized to a unique non-applied placeholder/current acronym so strict resource validator can pass; review_status was preserved.,conflict,approved,A_947,arteries,kept_for_review_or_manual_approval,255,0,222,duplicate_conflict_not_auto_approved; v33_9b_pending_duplicate_sanitized_to_unique_current_acronym,manual_chat_curation_2026-06-23,approved_display_readable_vascular_label
948,ascending fibers of the facial nerve,asc7,ascending fibers of the facial nerve,deepseek_paxinos_full_list,Imported from ordered DeepSeek/Paxinos acronym list using V33.8 graph_order/label_id order. Non-dash and non-duplicate proposal.,deepseek_paxinos_candidate,approved,AFOTFN_948,ascending fibers of the facial nerve,kept_for_review_or_manual_approval,141,83,233,unique_imported,,
949,anterior spinal artery,asa,anterior spinal artery,deepseek_paxinos_full_list,Imported from ordered DeepSeek/Paxinos acronym list using V33.8 graph_order/label_id order. Non-dash and non-duplicate proposal.,deepseek_paxinos_candidate,approved,ASA_949,anterior spinal artery,kept_for_review_or_manual_approval,229,0,208,unique_imported,,
950,azygous anterior cerebral artery,azaca,azygous anterior cerebral artery,deepseek_paxinos_full_list,Imported from ordered DeepSeek/Paxinos acronym list using V33.8 graph_order/label_id order. Non-dash and non-duplicate proposal.,deepseek_paxinos_candidate,approved,AACA_950,azygous anterior cerebral artery,kept_for_review_or_manual_approval,216,0,196,unique_imported,,
951,azygous pericallosal artery,azpa,azygous pericallosal artery,deepseek_paxinos_full_list,Imported from ordered DeepSeek/Paxinos acronym list using V33.8 graph_order/label_id order. Non-dash and non-duplicate proposal.,deepseek_paxinos_candidate,approved,APA_951,azygous pericallosal artery,kept_for_review_or_manual_approval,255,35,233,unique_imported,,
953,basilar artery,ba,basilar artery,deepseek_paxinos_full_list,Imported from ordered DeepSeek/Paxinos acronym list using V33.8 graph_order/label_id order. Non-dash and non-duplicate proposal.,deepseek_paxinos_candidate,approved,BA_953,basilar artery,kept_for_review_or_manual_approval,216,71,202,unique_imported,,
954,brachium of the inferior colliculus,bic,brachium of the inferior colliculus,deepseek_paxinos_full_list,Imported from ordered DeepSeek/Paxinos acronym list using V33.8 graph_order/label_id order. Non-dash and non-duplicate proposal.,deepseek_paxinos_candidate,approved,BOTIC_954,brachium of the inferior colliculus,kept_for_review_or_manual_approval,148,119,195,unique_imported,,
955,brachium of the superior colliculus,bsc,brachium of the superior colliculus,deepseek_paxinos_full_list,Imported from ordered DeepSeek/Paxinos acronym list using V33.8 graph_order/label_id order. Non-dash and non-duplicate proposal.,deepseek_paxinos_candidate,approved,BOTSC_955,brachium of the superior colliculus,kept_for_review_or_manual_approval,255,99,89,unique_imported,,
956,-------,PFOWM9_956,possible_fiber_or_white_matter_956_between_brachium of the superior colli__and__cerebellar white matter,paxinos_placeholder,"Raw Paxinos label name is placeholder ""-------""; no anatomical acronym assigned. Stable unique placeholder used. | sanitized: placeholder raw label kept non-applying and aligned to current structure metadata",low,do_not_apply,PFOWM9_956,possible_fiber_or_white_matter_956_between_brachium of the superior colli__and__cerebellar white matter,kept_nonapplying_placeholder_aligned_to_current,142,255,175,,,
957,cerebellar white matter,cbw,cerebellar white matter,deepseek_paxinos_full_list,Imported from ordered DeepSeek/Paxinos acronym list using V33.8 graph_order/label_id order. Non-dash and non-duplicate proposal.,deepseek_paxinos_candidate,approved,CWM_957,cerebellar white matter,kept_for_review_or_manual_approval,0,244,72,unique_imported,,
958,corpus callosum,cc,corpus callosum,deepseek_paxinos_full_list,Imported from ordered DeepSeek/Paxinos acronym list using V33.8 graph_order/label_id order. Non-dash and non-duplicate proposal.,deepseek_paxinos_candidate,approved,CC_958,corpus callosum,kept_for_review_or_manual_approval,105,255,0,unique_imported,,
960,cingulum,cg,cingulum,deepseek_paxinos_full_list,Imported from ordered DeepSeek/Paxinos acronym list using V33.8 graph_order/label_id order. Non-dash and non-duplicate proposal.,deepseek_paxinos_candidate,approved,C_960,cingulum,kept_for_review_or_manual_approval,63,255,0,unique_imported,,
961,choroid plexus,ChP,choroid plexus,deepseek_paxinos_full_list,Imported from ordered DeepSeek/Paxinos acronym list using V33.8 graph_order/label_id order. Non-dash and non-duplicate proposal.,deepseek_paxinos_candidate,approved,CP_961,choroid plexus,kept_for_review_or_manual_approval,255,89,130,unique_imported,,
962,commissure of the inferior colliculus,cic,commissure of the inferior colliculus,deepseek_paxinos_full_list,Imported from ordered DeepSeek/Paxinos acronym list using V33.8 graph_order/label_id order. Non-dash and non-duplicate proposal.,deepseek_paxinos_candidate,approved,COTIC_962,commissure of the inferior colliculus,kept_for_review_or_manual_approval,157,142,216,unique_imported,,
963,commissure of the lateral lemniscus,cll,commissure of the lateral lemniscus,deepseek_paxinos_full_list,Imported from ordered DeepSeek/Paxinos acronym list using V33.8 graph_order/label_id order. Non-dash and non-duplicate proposal.,deepseek_paxinos_candidate,approved,COTLL_963,commissure of the lateral lemniscus,kept_for_review_or_manual_approval,131,107,229,unique_imported,,
964,-------,PFOWM9_964,possible_fiber_or_white_matter_964_between_commissure of the lateral lemn__and__cerebral peduncle,paxinos_placeholder,"Raw Paxinos label name is placeholder ""-------""; no anatomical acronym assigned. Stable unique placeholder used. | sanitized: placeholder raw label kept non-applying and aligned to current structure metadata",low,do_not_apply,PFOWM9_964,possible_fiber_or_white_matter_964_between_commissure of the lateral lemn__and__cerebral peduncle,kept_nonapplying_placeholder_aligned_to_current,124,71,208,,,
965,cerebral peduncle,cp,cerebral peduncle,deepseek_paxinos_full_list,Imported from ordered DeepSeek/Paxinos acronym list using V33.8 graph_order/label_id order. Non-dash and non-duplicate proposal.,deepseek_paxinos_candidate,approved,CP_965,cerebral peduncle,kept_for_review_or_manual_approval,225,178,255,unique_imported,,
966,Corticospinal tract,corticospinal_tract,Corticospinal tract,deepseek_paxinos_full_list_duplicate_conflict,DeepSeek/Paxinos full-list proposal produced a duplicate acronym; left pending for manual disambiguation. | V33.9b: non-approved duplicate proposal sanitized to a unique non-applied placeholder/current acronym so strict resource validator can pass; review_status was preserved.,conflict,approved,CT_966,Corticospinal tract,kept_for_review_or_manual_approval,175,59,255,duplicate_conflict_not_auto_approved; v33_9b_pending_duplicate_sanitized_to_unique_current_acronym,manual_chat_curation_2026-06-23,approved_display_readable_fiber_tract_label
967,commissure of the superior colliculus,csc,commissure of the superior colliculus,deepseek_paxinos_full_list,Imported from ordered DeepSeek/Paxinos acronym list using V33.8 graph_order/label_id order. Non-dash and non-duplicate proposal.,deepseek_paxinos_candidate,approved,COTSC_967,commissure of the superior colliculus,kept_for_review_or_manual_approval,255,186,178,unique_imported,,
968,commissural stria terminalis,cst,commissural stria terminalis,deepseek_paxinos_full_list_duplicate_conflict,DeepSeek/Paxinos full-list proposal produced a duplicate acronym; left pending for manual disambiguation. | V33.9b: non-approved duplicate proposal sanitized to a unique non-applied placeholder/current acronym so strict resource validator can pass; review_status was preserved.,conflict,approved,CST_968,commissural stria terminalis,kept_for_review_or_manual_approval,188,255,178,duplicate_conflict_not_auto_approved; v33_9b_pending_duplicate_sanitized_to_unique_current_acronym,manual_chat_curation_2026-06-23,approved_readable_fiber_or_commissure_label
970,cuneate fasciculus,cu,cuneate fasciculus,deepseek_paxinos_full_list,Imported from ordered DeepSeek/Paxinos acronym list using V33.8 graph_order/label_id order. Non-dash and non-duplicate proposal.,deepseek_paxinos_candidate,approved,CF_970,cuneate fasciculus,kept_for_review_or_manual_approval,97,0,250,unique_imported,,
971,dorsal acoustic stria,das,dorsal acoustic stria,deepseek_paxinos_full_list,Imported from ordered DeepSeek/Paxinos acronym list using V33.8 graph_order/label_id order. Non-dash and non-duplicate proposal.,deepseek_paxinos_candidate,approved,DAS_971,dorsal acoustic stria,kept_for_review_or_manual_approval,0,199,255,unique_imported,,
972,dorsal corticospinal tract,dcs,dorsal corticospinal tract,deepseek_paxinos_full_list,Imported from ordered DeepSeek/Paxinos acronym list using V33.8 graph_order/label_id order. Non-dash and non-duplicate proposal.,deepseek_paxinos_candidate,approved,DCT_972,dorsal corticospinal tract,kept_for_review_or_manual_approval,89,239,164,unique_imported,,
973,deep cerebral white matter,dcw,deep cerebral white matter,deepseek_paxinos_full_list,Imported from ordered DeepSeek/Paxinos acronym list using V33.8 graph_order/label_id order. Non-dash and non-duplicate proposal.,deepseek_paxinos_candidate,approved,DCWM_973,deep cerebral white matter,kept_for_review_or_manual_approval,208,255,178,unique_imported,,
974,-------,PFOWM9_974,possible_fiber_or_white_matter_974_between_deep cerebral white matter__and__dorsal fornix,paxinos_placeholder,"Raw Paxinos label name is placeholder ""-------""; no anatomical acronym assigned. Stable unique placeholder used. | sanitized: placeholder raw label kept non-applying and aligned to current structure metadata",low,do_not_apply,PFOWM9_974,possible_fiber_or_white_matter_974_between_deep cerebral white matter__and__dorsal fornix,kept_nonapplying_placeholder_aligned_to_current,208,255,178,,,
975,dorsal fornix,df,dorsal fornix,deepseek_paxinos_full_list,Imported from ordered DeepSeek/Paxinos acronym list using V33.8 graph_order/label_id order. Non-dash and non-duplicate proposal.,deepseek_paxinos_candidate,approved,DF_975,dorsal fornix,kept_for_review_or_manual_approval,204,255,178,unique_imported,,
976,dorsal hippocampal commissure,dhc,dorsal hippocampal commissure,deepseek_paxinos_full_list,Imported from ordered DeepSeek/Paxinos acronym list using V33.8 graph_order/label_id order. Non-dash and non-duplicate proposal.,deepseek_paxinos_candidate,approved,DHC_976,dorsal hippocampal commissure,kept_for_review_or_manual_approval,201,255,178,unique_imported,,
978,dorsal lateral olfactory tract,DLOT,dorsal lateral olfactory tract,deepseek_paxinos_full_list,Imported from ordered DeepSeek/Paxinos acronym list using V33.8 graph_order/label_id order. Non-dash and non-duplicate proposal.,deepseek_paxinos_candidate,approved,DLOT_978,dorsal lateral olfactory tract,kept_for_review_or_manual_approval,184,255,0,unique_imported,,
981,dorsal spinocerebellar tract,dsc,dorsal spinocerebellar tract,deepseek_paxinos_full_list,Imported from ordered DeepSeek/Paxinos acronym list using V33.8 graph_order/label_id order. Non-dash and non-duplicate proposal.,deepseek_paxinos_candidate,approved,DST_981,dorsal spinocerebellar tract,kept_for_review_or_manual_approval,135,59,255,unique_imported,,
983,-------,PFOWM9_983,possible_fiber_or_white_matter_983_between_dorsal spinocerebellar tract a__and__external capsule,paxinos_placeholder,"Raw Paxinos label name is placeholder ""-------""; no anatomical acronym assigned. Stable unique placeholder used. | sanitized: placeholder raw label kept non-applying and aligned to current structure metadata",low,do_not_apply,PFOWM9_983,possible_fiber_or_white_matter_983_between_dorsal spinocerebellar tract a__and__external capsule,kept_nonapplying_placeholder_aligned_to_current,183,154,229,,,
984,-------,PFOWM9_984,possible_fiber_or_white_matter_984_between_dorsal spinocerebellar tract a__and__external capsule,paxinos_placeholder,"Raw Paxinos label name is placeholder ""-------""; no anatomical acronym assigned. Stable unique placeholder used. | sanitized: placeholder raw label kept non-applying and aligned to current structure metadata",low,do_not_apply,PFOWM9_984,possible_fiber_or_white_matter_984_between_dorsal spinocerebellar tract a__and__external capsule,kept_nonapplying_placeholder_aligned_to_current,137,83,220,,,
985,-------,PFOWM9_985,possible_fiber_or_white_matter_985_between_dorsal spinocerebellar tract a__and__external capsule,paxinos_placeholder,"Raw Paxinos label name is placeholder ""-------""; no anatomical acronym assigned. Stable unique placeholder used. | sanitized: placeholder raw label kept non-applying and aligned to current structure metadata",low,do_not_apply,PFOWM9_985,possible_fiber_or_white_matter_985_between_dorsal spinocerebellar tract a__and__external capsule,kept_nonapplying_placeholder_aligned_to_current,103,35,208,,,
986,external capsule,ec,external capsule,deepseek_paxinos_full_list,Imported from ordered DeepSeek/Paxinos acronym list using V33.8 graph_order/label_id order. Non-dash and non-duplicate proposal.,deepseek_paxinos_candidate,approved,EC_986,external capsule,kept_for_review_or_manual_approval,151,255,89,unique_imported,,
988,external medullary lamina,eml,external medullary lamina,deepseek_paxinos_full_list,Imported from ordered DeepSeek/Paxinos acronym list using V33.8 graph_order/label_id order. Non-dash and non-duplicate proposal.,deepseek_paxinos_candidate,approved,EML_988,external medullary lamina,kept_for_review_or_manual_approval,156,107,233,unique_imported,,
989,fornix,f,fornix,deepseek_paxinos_full_list,Imported from ordered DeepSeek/Paxinos acronym list using V33.8 graph_order/label_id order. Non-dash and non-duplicate proposal.,deepseek_paxinos_candidate,approved,F_989,fornix,kept_for_review_or_manual_approval,84,255,0,unique_imported,,
990,fimbria of the hippocampus,fi,fimbria of the hippocampus,deepseek_paxinos_full_list,Imported from ordered DeepSeek/Paxinos acronym list using V33.8 graph_order/label_id order. Non-dash and non-duplicate proposal.,deepseek_paxinos_candidate,approved,FOTH_990,fimbria of the hippocampus,kept_for_review_or_manual_approval,97,11,229,unique_imported,,
991,forceps minor of the corpus callosum,fmi,forceps minor of the corpus callosum,deepseek_paxinos_full_list,Imported from ordered DeepSeek/Paxinos acronym list using V33.8 graph_order/label_id order. Non-dash and non-duplicate proposal.,deepseek_paxinos_candidate,approved,FMOTCC_991,forceps minor of the corpus callosum,kept_for_review_or_manual_approval,159,255,89,unique_imported,,
992,forceps major of the corpus callosum,fmj,forceps major of the corpus callosum,deepseek_paxinos_full_list,Imported from ordered DeepSeek/Paxinos acronym list using V33.8 graph_order/label_id order. Non-dash and non-duplicate proposal.,deepseek_paxinos_candidate,approved,FMOTCC_992,forceps major of the corpus callosum,kept_for_review_or_manual_approval,210,255,178,unique_imported,,
994,fasciculus retroflexus,fr,fasciculus retroflexus,deepseek_paxinos_full_list,Imported from ordered DeepSeek/Paxinos acronym list using V33.8 graph_order/label_id order. Non-dash and non-duplicate proposal.,deepseek_paxinos_candidate,approved,FR_994,fasciculus retroflexus,kept_for_review_or_manual_approval,166,130,220,unique_imported,,
995,genu of the facial nerve,g7,genu of the facial nerve,deepseek_paxinos_full_list,Imported from ordered DeepSeek/Paxinos acronym list using V33.8 graph_order/label_id order. Non-dash and non-duplicate proposal.,deepseek_paxinos_candidate,approved,GOTFN_995,genu of the facial nerve,kept_for_review_or_manual_approval,82,11,191,unique_imported,,
997,root,root,root,builder_root_lock,Root is hard-locked to acronym root regardless of external acronym suggestions.,locked,approved,root,root,kept_for_review_or_manual_approval,203,71,188,root_locked,,
998,gracile fasciculus,gr,gracile fasciculus,deepseek_paxinos_full_list,Imported from ordered DeepSeek/Paxinos acronym list using V33.8 graph_order/label_id order. Non-dash and non-duplicate proposal.,deepseek_paxinos_candidate,approved,GF_998,gracile fasciculus,kept_for_review_or_manual_approval,89,255,172,unique_imported,,
1000,hippocampal white matter,hw,hippocampal white matter,deepseek_paxinos_full_list,Imported from ordered DeepSeek/Paxinos acronym list using V33.8 graph_order/label_id order. Non-dash and non-duplicate proposal.,deepseek_paxinos_candidate,approved,HWM_1000,hippocampal white matter,kept_for_review_or_manual_approval,80,255,0,unique_imported,,
1001,internal arcuate fibers,iaf,internal arcuate fibers,deepseek_paxinos_full_list,Imported from ordered DeepSeek/Paxinos acronym list using V33.8 graph_order/label_id order. Non-dash and non-duplicate proposal.,deepseek_paxinos_candidate,approved,IAF_1001,internal arcuate fibers,kept_for_review_or_manual_approval,91,23,195,unique_imported,,
1003,internal capsule,ic,internal capsule,deepseek_paxinos_full_list,Imported from ordered DeepSeek/Paxinos acronym list using V33.8 graph_order/label_id order. Non-dash and non-duplicate proposal.,deepseek_paxinos_candidate,approved,IC_1003,internal capsule,kept_for_review_or_manual_approval,165,0,255,unique_imported,,
1005,inferior cerebellar peduncle (restiform body),icp,inferior cerebellar peduncle (restiform body),deepseek_paxinos_full_list,Imported from ordered DeepSeek/Paxinos acronym list using V33.8 graph_order/label_id order. Non-dash and non-duplicate proposal.,deepseek_paxinos_candidate,approved,ICPRB_1005,inferior cerebellar peduncle (restiform body),kept_for_review_or_manual_approval,186,154,233,unique_imported,,
1006,inferior cerebellar peduncle decussation,icpx,inferior cerebellar peduncle decussation,deepseek_paxinos_full_list,Imported from ordered DeepSeek/Paxinos acronym list using V33.8 graph_order/label_id order. Non-dash and non-duplicate proposal.,deepseek_paxinos_candidate,approved,ICPD_1006,inferior cerebellar peduncle decussation,kept_for_review_or_manual_approval,152,95,237,unique_imported,,
1007,internal carotid artery,ica,internal carotid artery,deepseek_paxinos_full_list,Imported from ordered DeepSeek/Paxinos acronym list using V33.8 graph_order/label_id order. Non-dash and non-duplicate proposal.,deepseek_paxinos_candidate,approved,ICA_1007,internal carotid artery,kept_for_review_or_manual_approval,242,71,221,unique_imported,,
1014,longitudinal fasciculus of the pons,lfp,longitudinal fasciculus of the pons,deepseek_paxinos_full_list,Imported from ordered DeepSeek/Paxinos acronym list using V33.8 graph_order/label_id order. Non-dash and non-duplicate proposal.,deepseek_paxinos_candidate,approved,LFOTP_1014,longitudinal fasciculus of the pons,kept_for_review_or_manual_approval,203,89,255,unique_imported,,
1016,lateral lemniscus,ll,lateral lemniscus,deepseek_paxinos_full_list,Imported from ordered DeepSeek/Paxinos acronym list using V33.8 graph_order/label_id order. Non-dash and non-duplicate proposal.,deepseek_paxinos_candidate,approved,LL_1016,lateral lemniscus,kept_for_review_or_manual_approval,89,223,157,unique_imported,,
1017,lateral olfactory tract,lo,lateral olfactory tract,deepseek_paxinos_full_list,Imported from ordered DeepSeek/Paxinos acronym list using V33.8 graph_order/label_id order. Non-dash and non-duplicate proposal.,deepseek_paxinos_candidate,approved,LOT_1017,lateral olfactory tract,kept_for_review_or_manual_approval,184,255,0,unique_imported,,
1018,lateral orbitofrontal artery,lofa,lateral orbitofrontal artery,deepseek_paxinos_full_list,Imported from ordered DeepSeek/Paxinos acronym list using V33.8 graph_order/label_id order. Non-dash and non-duplicate proposal.,deepseek_paxinos_candidate,approved,LOA_1018,lateral orbitofrontal artery,kept_for_review_or_manual_approval,229,142,217,unique_imported,,
1020,motor root of the trigeminal nerve,m5,motor root of the trigeminal nerve,deepseek_paxinos_full_list,Imported from ordered DeepSeek/Paxinos acronym list using V33.8 graph_order/label_id order. Non-dash and non-duplicate proposal.,deepseek_paxinos_candidate,approved,MROTTN_1020,motor root of the trigeminal nerve,kept_for_review_or_manual_approval,137,95,199,unique_imported,,
1022,middle cerebral artery,mca,middle cerebral artery,deepseek_paxinos_full_list,Imported from ordered DeepSeek/Paxinos acronym list using V33.8 graph_order/label_id order. Non-dash and non-duplicate proposal.,deepseek_paxinos_candidate,approved,MCA_1022,middle cerebral artery,kept_for_review_or_manual_approval,216,107,200,unique_imported,,
1023,medial corticohypothalamic tract,mch,medial corticohypothalamic tract,deepseek_paxinos_full_list,Imported from ordered DeepSeek/Paxinos acronym list using V33.8 graph_order/label_id order. Non-dash and non-duplicate proposal.,deepseek_paxinos_candidate,approved,MCT_1023,medial corticohypothalamic tract,kept_for_review_or_manual_approval,92,0,229,unique_imported,,
1024,middle cerebellar peduncle,mcp,middle cerebellar peduncle,deepseek_paxinos_full_list,Imported from ordered DeepSeek/Paxinos acronym list using V33.8 graph_order/label_id order. Non-dash and non-duplicate proposal.,deepseek_paxinos_candidate,approved,MCP_1024,middle cerebellar peduncle,kept_for_review_or_manual_approval,0,233,69,unique_imported,,
1025,mesencephalic trigeminal tract,me5,mesencephalic trigeminal tract,deepseek_paxinos_full_list,Imported from ordered DeepSeek/Paxinos acronym list using V33.8 graph_order/label_id order. Non-dash and non-duplicate proposal.,deepseek_paxinos_candidate,approved,MTT_1025,mesencephalic trigeminal tract,kept_for_review_or_manual_approval,186,142,250,unique_imported,,
1026,medial forebrain bundle,mfb,medial forebrain bundle,deepseek_paxinos_full_list,Imported from ordered DeepSeek/Paxinos acronym list using V33.8 graph_order/label_id order. Non-dash and non-duplicate proposal.,deepseek_paxinos_candidate,approved,MFB_1026,medial forebrain bundle,kept_for_review_or_manual_approval,146,95,220,unique_imported,,
1029,medial lemniscus,ml,medial lemniscus,deepseek_paxinos_full_list,Imported from ordered DeepSeek/Paxinos acronym list using V33.8 graph_order/label_id order. Non-dash and non-duplicate proposal.,deepseek_paxinos_candidate,approved,ML_1029,medial lemniscus,kept_for_review_or_manual_approval,0,215,242,unique_imported,,
1030,medial longitudinal fasciculus,mlf,medial longitudinal fasciculus,deepseek_paxinos_full_list,Imported from ordered DeepSeek/Paxinos acronym list using V33.8 graph_order/label_id order. Non-dash and non-duplicate proposal.,deepseek_paxinos_candidate,approved,MLF_1030,medial longitudinal fasciculus,kept_for_review_or_manual_approval,0,207,105,unique_imported,,
1031,medial lemniscus decussation,mlx,medial lemniscus decussation,deepseek_paxinos_full_list,Imported from ordered DeepSeek/Paxinos acronym list using V33.8 graph_order/label_id order. Non-dash and non-duplicate proposal.,deepseek_paxinos_candidate,approved,MLD_1031,medial lemniscus decussation,kept_for_review_or_manual_approval,0,226,255,unique_imported,,
1033,medial orbitofrontal artery,mofa,medial orbitofrontal artery,deepseek_paxinos_full_list,Imported from ordered DeepSeek/Paxinos acronym list using V33.8 graph_order/label_id order. Non-dash and non-duplicate proposal.,deepseek_paxinos_candidate,approved,MOA_1033,medial orbitofrontal artery,kept_for_review_or_manual_approval,242,142,226,unique_imported,,
1034,mammillary peduncle,mp,mammillary peduncle,deepseek_paxinos_full_list,Imported from ordered DeepSeek/Paxinos acronym list using V33.8 graph_order/label_id order. Non-dash and non-duplicate proposal.,deepseek_paxinos_candidate,approved,MP_1034,mammillary peduncle,kept_for_review_or_manual_approval,255,174,89,unique_imported,,
1035,mammillothalamic tract,mt,mammillothalamic tract,deepseek_paxinos_full_list,Imported from ordered DeepSeek/Paxinos acronym list using V33.8 graph_order/label_id order. Non-dash and non-duplicate proposal.,deepseek_paxinos_candidate,approved,MT_1035,mammillothalamic tract,kept_for_review_or_manual_approval,144,95,216,unique_imported,,
1036,mammillotegmental tract,mtg,mammillotegmental tract,deepseek_paxinos_full_list,Imported from ordered DeepSeek/Paxinos acronym list using V33.8 graph_order/label_id order. Non-dash and non-duplicate proposal.,deepseek_paxinos_candidate,approved,MT_1036,mammillotegmental tract,kept_for_review_or_manual_approval,86,0,212,unique_imported,,
1040,nigrostriatal bundle,ns,nigrostriatal bundle,deepseek_paxinos_full_list,Imported from ordered DeepSeek/Paxinos acronym list using V33.8 graph_order/label_id order. Non-dash and non-duplicate proposal.,deepseek_paxinos_candidate,approved,NB_1040,nigrostriatal bundle,kept_for_review_or_manual_approval,107,47,195,unique_imported,,
1042,olivocochlear bundle,ocb,olivocochlear bundle,deepseek_paxinos_full_list,Imported from ordered DeepSeek/Paxinos acronym list using V33.8 graph_order/label_id order. Non-dash and non-duplicate proposal.,deepseek_paxinos_candidate,approved,OB_1042,olivocochlear bundle,kept_for_review_or_manual_approval,111,35,220,unique_imported,,
1043,optic chiasm,ox,optic chiasm,deepseek_paxinos_full_list,Imported from ordered DeepSeek/Paxinos acronym list using V33.8 graph_order/label_id order. Non-dash and non-duplicate proposal.,deepseek_paxinos_candidate,approved,OC_1043,optic chiasm,kept_for_review_or_manual_approval,101,35,195,unique_imported,,
1044,-------,PFOWM1_1044,possible_fiber_or_white_matter_1044_between_optic chiasm__and__optic tract,paxinos_placeholder,"Raw Paxinos label name is placeholder ""-------""; no anatomical acronym assigned. Stable unique placeholder used. | sanitized: placeholder raw label kept non-applying and aligned to current structure metadata",low,do_not_apply,PFOWM1_1044,possible_fiber_or_white_matter_1044_between_optic chiasm__and__optic tract,kept_nonapplying_placeholder_aligned_to_current,162,130,208,,,
1045,optic tract,opt,optic tract,deepseek_paxinos_full_list,Imported from ordered DeepSeek/Paxinos acronym list using V33.8 graph_order/label_id order. Non-dash and non-duplicate proposal.,deepseek_paxinos_candidate,approved,OT_1045,optic tract,kept_for_review_or_manual_approval,150,83,246,unique_imported,,
1049,p1 periaqueductal gray,P1PAG,p1 periaqueductal gray,deepseek_paxinos_full_list,Imported from ordered DeepSeek/Paxinos acronym list using V33.8 graph_order/label_id order. Non-dash and non-duplicate proposal.,deepseek_paxinos_candidate,approved,PPG_1049,p1 periaqueductal gray,kept_for_review_or_manual_approval,60,59,233,unique_imported,,
1050,p1 reticular formation,P1Rt,p1 reticular formation,deepseek_paxinos_full_list,Imported from ordered DeepSeek/Paxinos acronym list using V33.8 graph_order/label_id order. Non-dash and non-duplicate proposal.,deepseek_paxinos_candidate,approved,PRF_1050,p1 reticular formation,kept_for_review_or_manual_approval,80,0,195,unique_imported,,
1051,posterior commissure,pc,posterior commissure,deepseek_paxinos_full_list,Imported from ordered DeepSeek/Paxinos acronym list using V33.8 graph_order/label_id order. Non-dash and non-duplicate proposal.,deepseek_paxinos_candidate,approved,PC_1051,posterior commissure,kept_for_review_or_manual_approval,80,35,255,unique_imported,,
1052,posterior cerebral artery,pca,posterior cerebral artery,deepseek_paxinos_full_list,Imported from ordered DeepSeek/Paxinos acronym list using V33.8 graph_order/label_id order. Non-dash and non-duplicate proposal.,deepseek_paxinos_candidate,approved,PCA_1052,posterior cerebral artery,kept_for_review_or_manual_approval,255,71,225,unique_imported,,
1053,preculminate fissure,pcf,preculminate fissure,deepseek_paxinos_full_list,Imported from ordered DeepSeek/Paxinos acronym list using V33.8 graph_order/label_id order. Non-dash and non-duplicate proposal.,deepseek_paxinos_candidate,approved,PF_1053,preculminate fissure,kept_for_review_or_manual_approval,110,23,233,unique_imported,,
1054,parafloccular sulcus,pfs,parafloccular sulcus,deepseek_paxinos_full_list,Imported from ordered DeepSeek/Paxinos acronym list using V33.8 graph_order/label_id order. Non-dash and non-duplicate proposal.,deepseek_paxinos_candidate,approved,PS_1054,parafloccular sulcus,kept_for_review_or_manual_approval,0,201,59,unique_imported,,
1055,posterolateral fissure,plf,posterolateral fissure,deepseek_paxinos_full_list,Imported from ordered DeepSeek/Paxinos acronym list using V33.8 graph_order/label_id order. Non-dash and non-duplicate proposal.,deepseek_paxinos_candidate,approved,PF_1055,posterolateral fissure,kept_for_review_or_manual_approval,173,142,216,unique_imported,,
1056,principal mammillary tract,pmt,principal mammillary tract,deepseek_paxinos_full_list,Imported from ordered DeepSeek/Paxinos acronym list using V33.8 graph_order/label_id order. Non-dash and non-duplicate proposal.,deepseek_paxinos_candidate,approved,PMT_1056,principal mammillary tract,kept_for_review_or_manual_approval,96,23,199,unique_imported,,
1057,paramedian sulcus,pms,paramedian sulcus,deepseek_paxinos_full_list,Imported from ordered DeepSeek/Paxinos acronym list using V33.8 graph_order/label_id order. Non-dash and non-duplicate proposal.,deepseek_paxinos_candidate,approved,PS_1057,paramedian sulcus,kept_for_review_or_manual_approval,136,95,195,unique_imported,,
1058,Pons,P,Pons,deepseek_paxinos_full_list_duplicate_conflict,DeepSeek/Paxinos full-list proposal produced a duplicate acronym; left pending for manual disambiguation. | V33.9b: non-approved duplicate proposal sanitized to a unique non-applied placeholder/current acronym so strict resource validator can pass; review_status was preserved.,conflict,approved,P_1058,Pons,kept_for_review_or_manual_approval,44,196,229,duplicate_conflict_not_auto_approved; v33_9b_pending_duplicate_sanitized_to_unique_current_acronym,manual_chat_curation_2026-06-23,approved_common_region_acronym
1059,prepyramidal fissure,ppf,prepyramidal fissure,deepseek_paxinos_full_list,Imported from ordered DeepSeek/Paxinos acronym list using V33.8 graph_order/label_id order. Non-dash and non-duplicate proposal.,deepseek_paxinos_candidate,approved,PF_1059,prepyramidal fissure,kept_for_review_or_manual_approval,149,95,225,unique_imported,,
1060,primary fissure,prf,primary fissure,deepseek_paxinos_full_list,Imported from ordered DeepSeek/Paxinos acronym list using V33.8 graph_order/label_id order. Non-dash and non-duplicate proposal.,deepseek_paxinos_candidate,approved,PF_1060,primary fissure,kept_for_review_or_manual_approval,107,233,144,unique_imported,,
1061,posterior superior fissure,psf,posterior superior fissure,deepseek_paxinos_full_list,Imported from ordered DeepSeek/Paxinos acronym list using V33.8 graph_order/label_id order. Non-dash and non-duplicate proposal.,deepseek_paxinos_candidate,approved,PSF_1061,posterior superior fissure,kept_for_review_or_manual_approval,157,130,195,unique_imported,,
1062,pyramidal tract,py,pyramidal tract,deepseek_paxinos_full_list,Imported from ordered DeepSeek/Paxinos acronym list using V33.8 graph_order/label_id order. Non-dash and non-duplicate proposal.,deepseek_paxinos_candidate,approved,PT_1062,pyramidal tract,kept_for_review_or_manual_approval,134,0,255,unique_imported,,
1063,pyramidal decussation,pyx,pyramidal decussation,deepseek_paxinos_full_list,Imported from ordered DeepSeek/Paxinos acronym list using V33.8 graph_order/label_id order. Non-dash and non-duplicate proposal.,deepseek_paxinos_candidate,approved,PD_1063,pyramidal decussation,kept_for_review_or_manual_approval,132,0,255,unique_imported,,
1065,-------,PFOWM1_1065,possible_fiber_or_white_matter_1065_between_pyramidal decussation__and__rubrospinal tract,paxinos_placeholder,"Raw Paxinos label name is placeholder ""-------""; no anatomical acronym assigned. Stable unique placeholder used. | sanitized: placeholder raw label kept non-applying and aligned to current structure metadata",low,do_not_apply,PFOWM1_1065,possible_fiber_or_white_matter_1065_between_pyramidal decussation__and__rubrospinal tract,kept_nonapplying_placeholder_aligned_to_current,123,35,246,,,
1066,rubrospinal tract,rs,rubrospinal tract,deepseek_paxinos_full_list,Imported from ordered DeepSeek/Paxinos acronym list using V33.8 graph_order/label_id order. Non-dash and non-duplicate proposal.,deepseek_paxinos_candidate,approved,RT_1066,rubrospinal tract,kept_for_review_or_manual_approval,101,11,225,unique_imported,,
1067,sensory root of the trigeminal nerve,s5,sensory root of the trigeminal nerve,deepseek_paxinos_full_list,Imported from ordered DeepSeek/Paxinos acronym list using V33.8 graph_order/label_id order. Non-dash and non-duplicate proposal.,deepseek_paxinos_candidate,approved,SROTTN_1067,sensory root of the trigeminal nerve,kept_for_review_or_manual_approval,175,142,220,unique_imported,,
1068,splenium of the corpus callosum,scc,splenium of the corpus callosum,deepseek_paxinos_full_list,Imported from ordered DeepSeek/Paxinos acronym list using V33.8 graph_order/label_id order. Non-dash and non-duplicate proposal.,deepseek_paxinos_candidate,approved,SOTCC_1068,splenium of the corpus callosum,kept_for_review_or_manual_approval,103,255,0,unique_imported,,
1069,superior cerebellar peduncle (brachium conjunctivum),scp,superior cerebellar peduncle (brachium conjunctivum),deepseek_paxinos_full_list,Imported from ordered DeepSeek/Paxinos acronym list using V33.8 graph_order/label_id order. Non-dash and non-duplicate proposal.,deepseek_paxinos_candidate,approved,SCPBC_1069,superior cerebellar peduncle (brachium conjunctivum),kept_for_review_or_manual_approval,0,212,59,unique_imported,,
1070,"superior cerebellar peduncle, descending limb",scpd,"superior cerebellar peduncle, descending limb",deepseek_paxinos_full_list,Imported from ordered DeepSeek/Paxinos acronym list using V33.8 graph_order/label_id order. Non-dash and non-duplicate proposal.,deepseek_paxinos_candidate,approved,SCPDL_1070,"superior cerebellar peduncle, descending limb",kept_for_review_or_manual_approval,178,255,199,unique_imported,,
1071,secondary fissure,sec,secondary fissure,deepseek_paxinos_full_list,Imported from ordered DeepSeek/Paxinos acronym list using V33.8 graph_order/label_id order. Non-dash and non-duplicate proposal.,deepseek_paxinos_candidate,approved,SF_1071,secondary fissure,kept_for_review_or_manual_approval,108,11,242,unique_imported,,
1072,stria medullaris of the thalamus,sm,stria medullaris of the thalamus,deepseek_paxinos_full_list,Imported from ordered DeepSeek/Paxinos acronym list using V33.8 graph_order/label_id order. Non-dash and non-duplicate proposal.,deepseek_paxinos_candidate,approved,SMOTT_1072,stria medullaris of the thalamus,kept_for_review_or_manual_approval,193,154,246,unique_imported,,
1073,solitary tract,sol,solitary tract,deepseek_paxinos_full_list,Imported from ordered DeepSeek/Paxinos acronym list using V33.8 graph_order/label_id order. Non-dash and non-duplicate proposal.,deepseek_paxinos_candidate,approved,ST_1073,solitary tract,kept_for_review_or_manual_approval,89,255,242,unique_imported,,
1074,supraoptic decussation,sox,supraoptic decussation,deepseek_paxinos_full_list,Imported from ordered DeepSeek/Paxinos acronym list using V33.8 graph_order/label_id order. Non-dash and non-duplicate proposal.,deepseek_paxinos_candidate,approved,SD_1074,supraoptic decussation,kept_for_review_or_manual_approval,181,142,233,unique_imported,,
1075,spinal trigeminal tract,sp5,spinal trigeminal tract,deepseek_paxinos_full_list,Imported from ordered DeepSeek/Paxinos acronym list using V33.8 graph_order/label_id order. Non-dash and non-duplicate proposal.,deepseek_paxinos_candidate,approved,STT_1075,spinal trigeminal tract,kept_for_review_or_manual_approval,184,142,242,unique_imported,,
1076,stria terminalis,st,stria terminalis,deepseek_paxinos_full_list,Imported from ordered DeepSeek/Paxinos acronym list using V33.8 graph_order/label_id order. Non-dash and non-duplicate proposal.,deepseek_paxinos_candidate,approved,ST_1076,stria terminalis,kept_for_review_or_manual_approval,177,142,225,unique_imported,,
1077,superior thalamic radiation,str,superior thalamic radiation,deepseek_paxinos_full_list,Imported from ordered DeepSeek/Paxinos acronym list using V33.8 graph_order/label_id order. Non-dash and non-duplicate proposal.,deepseek_paxinos_candidate,approved,STR_1077,superior thalamic radiation,kept_for_review_or_manual_approval,135,47,255,unique_imported,,
1078,subcortical white matter,scw,subcortical white matter,deepseek_paxinos_full_list,Imported from ordered DeepSeek/Paxinos acronym list using V33.8 graph_order/label_id order. Non-dash and non-duplicate proposal.,deepseek_paxinos_candidate,approved,SWM_1078,subcortical white matter,kept_for_review_or_manual_approval,142,255,89,unique_imported,,
1079,supramammillary decussation,smx,supramammillary decussation,deepseek_paxinos_full_list,Imported from ordered DeepSeek/Paxinos acronym list using V33.8 graph_order/label_id order. Non-dash and non-duplicate proposal.,deepseek_paxinos_candidate,approved,SD_1079,supramammillary decussation,kept_for_review_or_manual_approval,155,118,203,unique_imported,,
1080,transverse fibers of the pons,tfp,transverse fibers of the pons,deepseek_paxinos_full_list,Imported from ordered DeepSeek/Paxinos acronym list using V33.8 graph_order/label_id order. Non-dash and non-duplicate proposal.,deepseek_paxinos_candidate,approved,TFOTP_1080,transverse fibers of the pons,kept_for_review_or_manual_approval,121,47,220,unique_imported,,
1081,tectospinal tract,ts,tectospinal tract,deepseek_paxinos_full_list,Imported from ordered DeepSeek/Paxinos acronym list using V33.8 graph_order/label_id order. Non-dash and non-duplicate proposal.,deepseek_paxinos_candidate,approved,TT_1081,tectospinal tract,kept_for_review_or_manual_approval,0,239,122,unique_imported,,
1082,trigeminothalamic tract,tth,trigeminothalamic tract,deepseek_paxinos_full_list,Imported from ordered DeepSeek/Paxinos acronym list using V33.8 graph_order/label_id order. Non-dash and non-duplicate proposal.,deepseek_paxinos_candidate,approved,TT_1082,trigeminothalamic tract,kept_for_review_or_manual_approval,161,95,250,unique_imported,,
1083,trapezoid body,tz,trapezoid body,deepseek_paxinos_full_list,Imported from ordered DeepSeek/Paxinos acronym list using V33.8 graph_order/label_id order. Non-dash and non-duplicate proposal.,deepseek_paxinos_candidate,approved,TB_1083,trapezoid body,kept_for_review_or_manual_approval,137,59,242,unique_imported,,
1084,uncinate fasciculus of the cerebellum,uf,uncinate fasciculus of the cerebellum,deepseek_paxinos_full_list,Imported from ordered DeepSeek/Paxinos acronym list using V33.8 graph_order/label_id order. Non-dash and non-duplicate proposal.,deepseek_paxinos_candidate,approved,UFOTC_1084,uncinate fasciculus of the cerebellum,kept_for_review_or_manual_approval,96,0,225,unique_imported,,
1085,uncinate fasciculus decussation,ufx,uncinate fasciculus decussation,deepseek_paxinos_full_list,Imported from ordered DeepSeek/Paxinos acronym list using V33.8 graph_order/label_id order. Non-dash and non-duplicate proposal.,deepseek_paxinos_candidate,approved,UFD_1085,uncinate fasciculus decussation,kept_for_review_or_manual_approval,165,130,212,unique_imported,,
1086,vein,v,vein,deepseek_paxinos_full_list,Imported from ordered DeepSeek/Paxinos acronym list using V33.8 graph_order/label_id order. Non-dash and non-duplicate proposal.,deepseek_paxinos_candidate,approved,V_1086,vein,kept_for_review_or_manual_approval,134,59,233,unique_imported,,
1087,vBrain,vBrain,vBrain,rule_generated_from_paxinos_name,Algorithmic acronym generated from Paxinos raw name; requires manual review before use as curated label.,low,approved,V_1087,vBrain,kept_for_review_or_manual_approval,255,0,12,,manual_chat_curation_2026-06-23,approved_display_readable_container_label
1088,vestibulomesencephalic tract,vmt,vestibulomesencephalic tract,deepseek_paxinos_full_list,Imported from ordered DeepSeek/Paxinos acronym list using V33.8 graph_order/label_id order. Non-dash and non-duplicate proposal.,deepseek_paxinos_candidate,approved,VT_1088,vestibulomesencephalic tract,kept_for_review_or_manual_approval,112,11,246,unique_imported,,
1089,ventricles,Ven,ventricles,rule_generated_from_paxinos_name,Algorithmic acronym generated from Paxinos raw name; requires manual review before use as curated label.,low,approved,V_1089,ventricles,kept_for_review_or_manual_approval,223,59,126,,manual_chat_curation_2026-06-23,approved_readable_region_or_container_label
1090,vertebral artery,va,vertebral artery,deepseek_paxinos_full_list,Imported from ordered DeepSeek/Paxinos acronym list using V33.8 graph_order/label_id order. Non-dash and non-duplicate proposal.,deepseek_paxinos_candidate,approved,VA_1090,vertebral artery,kept_for_review_or_manual_approval,196,154,250,unique_imported,,
1091,vestibulospinal tract,vs,vestibulospinal tract,deepseek_paxinos_full_list,Imported from ordered DeepSeek/Paxinos acronym list using V33.8 graph_order/label_id order. Non-dash and non-duplicate proposal.,deepseek_paxinos_candidate,approved,VT_1091,vestibulospinal tract,kept_for_review_or_manual_approval,169,107,250,unique_imported,,
1092,ventral hippocampal commissure,vhc,ventral hippocampal commissure,deepseek_paxinos_full_list,Imported from ordered DeepSeek/Paxinos acronym list using V33.8 graph_order/label_id order. Non-dash and non-duplicate proposal.,deepseek_paxinos_candidate,approved,VHC_1092,ventral hippocampal commissure,kept_for_review_or_manual_approval,74,255,0,unique_imported,,
1093,ventrolateral hypothalamic tract,vlht,ventrolateral hypothalamic tract,deepseek_paxinos_full_list,Imported from ordered DeepSeek/Paxinos acronym list using V33.8 graph_order/label_id order. Non-dash and non-duplicate proposal.,deepseek_paxinos_candidate,approved,VHT_1093,ventrolateral hypothalamic tract,kept_for_review_or_manual_approval,135,47,250,unique_imported,,
1095,ventral spinocerebellar tract,vsc,ventral spinocerebellar tract,deepseek_paxinos_full_list,Imported from ordered DeepSeek/Paxinos acronym list using V33.8 graph_order/label_id order. Non-dash and non-duplicate proposal.,deepseek_paxinos_candidate,approved,VST_1095,ventral spinocerebellar tract,kept_for_review_or_manual_approval,133,83,199,unique_imported,,
1096,ventral tegmental decussation,vtd,ventral tegmental decussation,deepseek_paxinos_full_list,Imported from ordered DeepSeek/Paxinos acronym list using V33.8 graph_order/label_id order. Non-dash and non-duplicate proposal.,deepseek_paxinos_candidate,approved,VTD_1096,ventral tegmental decussation,kept_for_review_or_manual_approval,59,250,255,unique_imported,,
1097,-------,USOL1B_1097,unresolved_small_or_local_1097_between_ventral tegmental decussation__and__decussation of the superior ce,paxinos_placeholder,"Raw Paxinos label name is placeholder ""-------""; no anatomical acronym assigned. Stable unique placeholder used. | sanitized: placeholder raw label kept non-applying and aligned to current structure metadata",low,do_not_apply,USOL1B_1097,unresolved_small_or_local_1097_between_ventral tegmental decussation__and__decussation of the superior ce,kept_nonapplying_placeholder_aligned_to_current,162,130,203,,,
1098,decussation of the superior cerebellar peduncle,xscp,decussation of the superior cerebellar peduncle,deepseek_paxinos_full_list,Imported from ordered DeepSeek/Paxinos acronym list using V33.8 graph_order/label_id order. Non-dash and non-duplicate proposal.,deepseek_paxinos_candidate,approved,DOTSCP_1098,decussation of the superior cerebellar peduncle,kept_for_review_or_manual_approval,0,255,71,unique_imported,,
998000,Brain major divisions,major_divisions,Brain major divisions,builder_generated_internal_structure,Structure exists in current structures.json but not in raw Paxinos label file; retained as non-applying current metadata for complete resource coverage.,low,do_not_apply,major_divisions,Brain major divisions,added_current_structure_nonapplying,,,,,,
998100,Forebrain,forebrain,Forebrain,builder_generated_internal_structure,Structure exists in current structures.json but not in raw Paxinos label file; retained as non-applying current metadata for complete resource coverage.,low,do_not_apply,forebrain,Forebrain,added_current_structure_nonapplying,,,,,,
998110,Cerebral cortex,cortex,Cerebral cortex,builder_generated_internal_structure,Structure exists in current structures.json but not in raw Paxinos label file; retained as non-applying current metadata for complete resource coverage.,low,do_not_apply,cortex,Cerebral cortex,added_current_structure_nonapplying,,,,,,
998120,Olfactory system,olfactory_system,Olfactory system,builder_generated_internal_structure,Structure exists in current structures.json but not in raw Paxinos label file; retained as non-applying current metadata for complete resource coverage.,low,do_not_apply,olfactory_system,Olfactory system,added_current_structure_nonapplying,,,,,,
998130,Hippocampal formation,hippocampal_formation,Hippocampal formation,builder_generated_internal_structure,Structure exists in current structures.json but not in raw Paxinos label file; retained as non-applying current metadata for complete resource coverage.,low,do_not_apply,hippocampal_formation,Hippocampal formation,added_current_structure_nonapplying,,,,,,
998140,Amygdaloid complex,amygdaloid_complex,Amygdaloid complex,builder_generated_internal_structure,Structure exists in current structures.json but not in raw Paxinos label file; retained as non-applying current metadata for complete resource coverage.,low,do_not_apply,amygdaloid_complex,Amygdaloid complex,added_current_structure_nonapplying,,,,,,
998150,Basal ganglia,basal_ganglia,Basal ganglia,builder_generated_internal_structure,Structure exists in current structures.json but not in raw Paxinos label file; retained as non-applying current metadata for complete resource coverage.,low,do_not_apply,basal_ganglia,Basal ganglia,added_current_structure_nonapplying,,,,,,
998160,Septal region,septal_region,Septal region,builder_generated_internal_structure,Structure exists in current structures.json but not in raw Paxinos label file; retained as non-applying current metadata for complete resource coverage.,low,do_not_apply,septal_region,Septal region,added_current_structure_nonapplying,,,,,,
998170,Thalamus,thalamus,Thalamus,deepseek_paxinos_full_list_duplicate_conflict,DeepSeek/Paxinos full-list proposal produced a duplicate acronym; left pending for manual disambiguation. | V33.9b: non-approved duplicate proposal sanitized to a unique non-applied placeholder/current acronym so strict resource validator can pass; review_status was preserved.,conflict,approved,thalamus,Thalamus,added_current_structure_nonapplying,,,,duplicate_conflict_not_auto_approved; v33_9b_pending_duplicate_sanitized_to_unique_current_acronym,manual_chat_curation_2026-06-23,approved_parent_group_for_qupath_exports
998180,Hypothalamus,hypothalamus,Hypothalamus,deepseek_paxinos_full_list_duplicate_conflict,DeepSeek/Paxinos full-list proposal produced a duplicate acronym; left pending for manual disambiguation. | V33.9b: non-approved duplicate proposal sanitized to a unique non-applied placeholder/current acronym so strict resource validator can pass; review_status was preserved.,conflict,approved,hypothalamus,Hypothalamus,added_current_structure_nonapplying,,,,duplicate_conflict_not_auto_approved; v33_9b_pending_duplicate_sanitized_to_unique_current_acronym,manual_chat_curation_2026-06-23,approved_parent_group_for_qupath_exports
998190,Pallium / subpallium unsorted,pallium_subpallium_unsorted,Pallium / subpallium unsorted,builder_generated_internal_structure,Structure exists in current structures.json but not in raw Paxinos label file; retained as non-applying current metadata for complete resource coverage.,low,do_not_apply,pallium_subpallium_unsorted,Pallium / subpallium unsorted,added_current_structure_nonapplying,,,,,,
998200,Midbrain,midbrain,Midbrain,builder_generated_internal_structure,Structure exists in current structures.json but not in raw Paxinos label file; retained as non-applying current metadata for complete resource coverage.,low,do_not_apply,midbrain,Midbrain,added_current_structure_nonapplying,,,,,,
998210,Superior / inferior colliculus,collicular_complex,Superior / inferior colliculus,builder_generated_internal_structure,Structure exists in current structures.json but not in raw Paxinos label file; retained as non-applying current metadata for complete resource coverage.,low,do_not_apply,collicular_complex,Superior / inferior colliculus,added_current_structure_nonapplying,,,,,,
998220,Periaqueductal gray / tectum / tegmentum,midbrain_tegmentum,Periaqueductal gray / tectum / tegmentum,builder_generated_internal_structure,Structure exists in current structures.json but not in raw Paxinos label file; retained as non-applying current metadata for complete resource coverage.,low,do_not_apply,midbrain_tegmentum,Periaqueductal gray / tectum / tegmentum,added_current_structure_nonapplying,,,,,,
998300,Hindbrain,hindbrain,Hindbrain,builder_generated_internal_structure,Structure exists in current structures.json but not in raw Paxinos label file; retained as non-applying current metadata for complete resource coverage.,low,do_not_apply,hindbrain,Hindbrain,added_current_structure_nonapplying,,,,,,
998310,Pons,pons,Pons,deepseek_paxinos_full_list_duplicate_conflict,DeepSeek/Paxinos full-list proposal produced a duplicate acronym; left pending for manual disambiguation. | V33.9b: non-approved duplicate proposal sanitized to a unique non-applied placeholder/current acronym so strict resource validator can pass; review_status was preserved.,conflict,approved,pons,Pons,added_current_structure_nonapplying,,,,duplicate_conflict_not_auto_approved; v33_9b_pending_duplicate_sanitized_to_unique_current_acronym,manual_chat_curation_2026-06-23,approved_parent_group_for_qupath_exports
998320,Medulla,medulla,Medulla,deepseek_paxinos_full_list_duplicate_conflict,DeepSeek/Paxinos full-list proposal produced a duplicate acronym; left pending for manual disambiguation. | V33.9b: non-approved duplicate proposal sanitized to a unique non-applied placeholder/current acronym so strict resource validator can pass; review_status was preserved.,conflict,approved,medulla,Medulla,added_current_structure_nonapplying,,,,duplicate_conflict_not_auto_approved; v33_9b_pending_duplicate_sanitized_to_unique_current_acronym,manual_chat_curation_2026-06-23,approved_parent_group_for_qupath_exports
998400,Cerebellum,cerebellum,Cerebellum,deepseek_paxinos_full_list_duplicate_conflict,DeepSeek/Paxinos full-list proposal produced a duplicate acronym; left pending for manual disambiguation. | V33.9b: non-approved duplicate proposal sanitized to a unique non-applied placeholder/current acronym so strict resource validator can pass; review_status was preserved.,conflict,approved,cerebellum,Cerebellum,added_current_structure_nonapplying,,,,duplicate_conflict_not_auto_approved; v33_9b_pending_duplicate_sanitized_to_unique_current_acronym,manual_chat_curation_2026-06-23,approved_parent_group_for_qupath_exports
998500,Ventricular system,ventricular_system,Ventricular system,builder_generated_internal_structure,Structure exists in current structures.json but not in raw Paxinos label file; retained as non-applying current metadata for complete resource coverage.,low,do_not_apply,ventricular_system,Ventricular system,added_current_structure_nonapplying,,,,,,
998600,White matter / fiber tracts,white_matter_fiber_tracts,White matter / fiber tracts,builder_generated_internal_structure,Structure exists in current structures.json but not in raw Paxinos label file; retained as non-applying current metadata for complete resource coverage.,low,do_not_apply,white_matter_fiber_tracts,White matter / fiber tracts,added_current_structure_nonapplying,,,,,,
998700,Cranial nerves / peripheral roots,cranial_nerves_roots,Cranial nerves / peripheral roots,builder_generated_internal_structure,Structure exists in current structures.json but not in raw Paxinos label file; retained as non-applying current metadata for complete resource coverage.,low,do_not_apply,cranial_nerves_roots,Cranial nerves / peripheral roots,added_current_structure_nonapplying,,,,,,
998800,Unclassified / review needed,review_needed,Unclassified / review needed,builder_generated_internal_structure,Structure exists in current structures.json but not in raw Paxinos label file; retained as non-applying current metadata for complete resource coverage.,low,do_not_apply,review_needed,Unclassified / review needed,added_current_structure_nonapplying,,,,,,
