label_id,paxinos_name,proposed_acronym,proposed_name,acronym_basis,basis_detail,confidence,review_status,current_structure_acronym,current_structure_name,resource_action,r,g,b,duplicate_resolution
1,10th cerebellar lobule (nodule),CbL10,10th cerebellar lobule (nodule),rule_generated_from_paxinos_name,Algorithmic acronym generated from Paxinos raw name; requires manual review before use as curated label.,low,pending_review,1CLN_1,10th cerebellar lobule (nodule),kept_for_review_or_manual_approval,142,223,165,
2,dorsal motor nucleus of vagus,DMX,dorsal motor nucleus of vagus,manual_common_neuroanatomy,standard abbreviation,high,pending_review,DMNOV_2,dorsal motor nucleus of vagus,kept_for_review_or_manual_approval,102,176,199,
3,vagus nerve,X,vagus nerve,manual_common_neuroanatomy,cranial nerve X,high,pending_review,VN_3,vagus nerve,kept_for_review_or_manual_approval,227,89,233,
4,accessory nerve nucleus,Acs,accessory nerve nucleus,manual_common_neuroanatomy,standard-derived abbreviation,high,pending_review,ANN_4,accessory nerve nucleus,kept_for_review_or_manual_approval,133,223,176,
5,"hypoglossal nucleus, geniohyoid part",XIIg,"hypoglossal nucleus, geniohyoid part",manual_common_neuroanatomy,hypoglossal geniohyoid part,high,pending_review,HNGP_5,"hypoglossal nucleus, geniohyoid part",kept_for_review_or_manual_approval,0,255,123,
6,hypoglossal nucleus,XII,hypoglossal nucleus,manual_common_neuroanatomy,cranial nerve XII nucleus,high,pending_review,HN_6,hypoglossal nucleus,kept_for_review_or_manual_approval,0,194,255,
7,root of hypoglossal nerve,RtXII,root of hypoglossal nerve,manual_common_neuroanatomy,root of cranial nerve XII,high,pending_review,ROHN_7,root of hypoglossal nerve,kept_for_review_or_manual_approval,206,0,212,
8,1st cerebellar lobule (lingula),CbL1,1st cerebellar lobule (lingula),rule_generated_from_paxinos_name,Algorithmic acronym generated from Paxinos raw name; requires manual review before use as curated label.,low,pending_review,1CLL_8,1st cerebellar lobule (lingula),kept_for_review_or_manual_approval,0,255,56,
9,2nd and 3rd cerebellar lobules,CbL2_3,2nd and 3rd cerebellar lobules,rule_generated_from_paxinos_name,Algorithmic acronym generated from Paxinos raw name; requires manual review before use as curated label.,low,pending_review,2A3CL_9,2nd and 3rd cerebellar lobules,kept_for_review_or_manual_approval,35,255,98,
10,2nd cerebellar lobule,CbL2,2nd cerebellar lobule,rule_generated_from_paxinos_name,Algorithmic acronym generated from Paxinos raw name; requires manual review before use as curated label.,low,pending_review,2CL_10,2nd cerebellar lobule,kept_for_review_or_manual_approval,59,233,91,
11,2b cerebellar lobule,2BCbLob,2b cerebellar lobule,rule_generated_from_paxinos_name,Algorithmic acronym generated from Paxinos raw name; requires manual review before use as curated label.,low,pending_review,2CL_11,2b cerebellar lobule,kept_for_review_or_manual_approval,0,255,46,
13,3rd and 4th cerebellar lobules,CbL3_4,3rd and 4th cerebellar lobules,rule_generated_from_paxinos_name,Algorithmic acronym generated from Paxinos raw name; requires manual review before use as curated label.,low,pending_review,3A4CL_13,3rd and 4th cerebellar lobules,kept_for_review_or_manual_approval,107,255,149,
14,3rd cerebellar lobule,CbL3,3rd cerebellar lobule,rule_generated_from_paxinos_name,Algorithmic acronym generated from Paxinos raw name; requires manual review before use as curated label.,low,pending_review,3CL_14,3rd cerebellar lobule,kept_for_review_or_manual_approval,0,255,73,
15,oculomotor nucleus,III,oculomotor nucleus,manual_common_neuroanatomy,cranial nerve III nucleus,high,pending_review,ON_15,oculomotor nucleus,kept_for_review_or_manual_approval,118,161,233,
16,"oculomotor nucleus, parvicellular part",IIIpc,"oculomotor nucleus, parvicellular part",manual_common_neuroanatomy,oculomotor parvicellular part,high,pending_review,ONPP_16,"oculomotor nucleus, parvicellular part",kept_for_review_or_manual_approval,0,94,255,
17,3rd ventricle,3V,3rd ventricle,manual_common_neuroanatomy,standard abbreviation,high,pending_review,3V_17,3rd ventricle,kept_for_review_or_manual_approval,255,178,220,
18,oculomotor nerve,3n,oculomotor nerve,manual_common_neuroanatomy,cranial nerve III,high,pending_review,ON_18,oculomotor nerve,kept_for_review_or_manual_approval,253,178,255,
19,4th and 5th cerebellar lobules,CbL4_5,4th and 5th cerebellar lobules,rule_generated_from_paxinos_name,Algorithmic acronym generated from Paxinos raw name; requires manual review before use as curated label.,low,pending_review,4A5CL_19,4th and 5th cerebellar lobules,kept_for_review_or_manual_approval,142,212,162,
21,4th cerebellar lobule,CbL4,4th cerebellar lobule,rule_generated_from_paxinos_name,Algorithmic acronym generated from Paxinos raw name; requires manual review before use as curated label.,low,pending_review,4CL_21,4th cerebellar lobule,kept_for_review_or_manual_approval,71,223,115,
22,trochlear nucleus,IV,trochlear nucleus,manual_common_neuroanatomy,cranial nerve IV nucleus,high,pending_review,TN_22,trochlear nucleus,kept_for_review_or_manual_approval,0,66,212,
23,trochlear nucleus shell region,4She,trochlear nucleus shell region,rule_generated_from_paxinos_name,Algorithmic acronym generated from Paxinos raw name; requires manual review before use as curated label.,low,pending_review,TNSR_23,trochlear nucleus shell region,kept_for_review_or_manual_approval,0,80,255,
24,4th ventricle,4V,4th ventricle,manual_common_neuroanatomy,standard abbreviation,high,pending_review,4V_24,4th ventricle,kept_for_review_or_manual_approval,255,89,164,
25,trochlear nerve,4n,trochlear nerve,manual_common_neuroanatomy,cranial nerve IV,high,pending_review,TN_25,trochlear nerve,kept_for_review_or_manual_approval,255,0,254,
26,"motor trigeminal nucleus, anterior digastric part",Mo5ADig,"motor trigeminal nucleus, anterior digastric part",rule_generated_from_paxinos_name,Algorithmic acronym generated from Paxinos raw name; requires manual review before use as curated label.,low,pending_review,MTNADP_26,"motor trigeminal nucleus, anterior digastric part",kept_for_review_or_manual_approval,0,220,255,
27,5th cerebellar lobule,CbL5,5th cerebellar lobule,rule_generated_from_paxinos_name,Algorithmic acronym generated from Paxinos raw name; requires manual review before use as curated label.,low,pending_review,5CL_27,5th cerebellar lobule,kept_for_review_or_manual_approval,35,233,92,
29,"motor trigeminal nucleus, mylohyoid part",Mo5Myl,"motor trigeminal nucleus, mylohyoid part",rule_generated_from_paxinos_name,Algorithmic acronym generated from Paxinos raw name; requires manual review before use as curated label.,low,pending_review,MTNMP_29,"motor trigeminal nucleus, mylohyoid part",kept_for_review_or_manual_approval,118,217,233,
30,"motor trigeminal nucleus, masseter part",Mo5Mas,"motor trigeminal nucleus, masseter part",rule_generated_from_paxinos_name,Algorithmic acronym generated from Paxinos raw name; requires manual review before use as curated label.,low,pending_review,MTNMP_30,"motor trigeminal nucleus, masseter part",kept_for_review_or_manual_approval,59,209,233,
31,motor trigeminal nucleus,Mo5,motor trigeminal nucleus,manual_common_neuroanatomy,common abbreviation,high,pending_review,MTN_31,motor trigeminal nucleus,kept_for_review_or_manual_approval,178,244,255,
34,"motor trigeminal nucleus, tensor tympani part",Mo5TenTym,"motor trigeminal nucleus, tensor tympani part",rule_generated_from_paxinos_name,Algorithmic acronym generated from Paxinos raw name; requires manual review before use as curated label.,low,pending_review,MTNTTP_34,"motor trigeminal nucleus, tensor tympani part",kept_for_review_or_manual_approval,0,200,233,
35,"motor trigeminal nucleus, temporalis part",Mo5Tem,"motor trigeminal nucleus, temporalis part",rule_generated_from_paxinos_name,Algorithmic acronym generated from Paxinos raw name; requires manual review before use as curated label.,low,pending_review,MTNTP_35,"motor trigeminal nucleus, temporalis part",kept_for_review_or_manual_approval,59,226,255,
36,trigeminal transition zone,5Tra,trigeminal transition zone,rule_generated_from_paxinos_name,Algorithmic acronym generated from Paxinos raw name; requires manual review before use as curated label.,low,pending_review,TTZ_36,trigeminal transition zone,kept_for_review_or_manual_approval,76,23,212,
37,6th cerebellar lobule,CbL6,6th cerebellar lobule,rule_generated_from_paxinos_name,Algorithmic acronym generated from Paxinos raw name; requires manual review before use as curated label.,low,pending_review,6CL_37,6th cerebellar lobule,kept_for_review_or_manual_approval,0,233,46,
38,abducens nucleus,VI,abducens nucleus,manual_common_neuroanatomy,cranial nerve VI nucleus,high,pending_review,AN_38,abducens nucleus,kept_for_review_or_manual_approval,89,228,255,
39,"abducens nucleus, retractor bulbi part",6RetBul,"abducens nucleus, retractor bulbi part",rule_generated_from_paxinos_name,Algorithmic acronym generated from Paxinos raw name; requires manual review before use as curated label.,low,pending_review,ANRBP_39,"abducens nucleus, retractor bulbi part",kept_for_review_or_manual_approval,0,215,255,
41,6a cerebellar lobule,6ACbLob,6a cerebellar lobule,rule_generated_from_paxinos_name,Algorithmic acronym generated from Paxinos raw name; requires manual review before use as curated label.,low,pending_review,6CL_41,6a cerebellar lobule,kept_for_review_or_manual_approval,89,233,117,
43,6b cerebellar lobule,6BCbLob,6b cerebellar lobule,rule_generated_from_paxinos_name,Algorithmic acronym generated from Paxinos raw name; requires manual review before use as curated label.,low,pending_review,6CL_43,6b cerebellar lobule,kept_for_review_or_manual_approval,0,255,50,
44,6c cerebellar lobule,6CCbLob,6c cerebellar lobule,rule_generated_from_paxinos_name,Algorithmic acronym generated from Paxinos raw name; requires manual review before use as curated label.,low,pending_review,6CL_44,6c cerebellar lobule,kept_for_review_or_manual_approval,178,255,193,
46,7th cerebellar lobule,CbL7,7th cerebellar lobule,rule_generated_from_paxinos_name,Algorithmic acronym generated from Paxinos raw name; requires manual review before use as curated label.,low,pending_review,7CL_46,7th cerebellar lobule,kept_for_review_or_manual_approval,35,244,96,
47,"facial nucleus, dorsal intermediate subnucleus",7DI,"facial nucleus, dorsal intermediate subnucleus",rule_generated_from_paxinos_name,Algorithmic acronym generated from Paxinos raw name; requires manual review before use as curated label.,low,pending_review,FNDIS_47,"facial nucleus, dorsal intermediate subnucleus",kept_for_review_or_manual_approval,59,204,233,
48,"facial nucleus, dorsolateral subnucleus",7Dor,"facial nucleus, dorsolateral subnucleus",rule_generated_from_paxinos_name,Algorithmic acronym generated from Paxinos raw name; requires manual review before use as curated label.,low,pending_review,FNDS_48,"facial nucleus, dorsolateral subnucleus",kept_for_review_or_manual_approval,118,232,255,
49,"facial nucleus, dorsomedial subnucleus",7Dor_49,"facial nucleus, dorsomedial subnucleus",rule_generated_from_paxinos_name,Algorithmic acronym generated from Paxinos raw name; requires manual review before use as curated label.,low,pending_review,FNDS_49,"facial nucleus, dorsomedial subnucleus",kept_for_review_or_manual_approval,0,211,255,Acronym 7Dor duplicated with label_id 48; suffixed with label_id for uniqueness.
50,"facial nucleus, lateral subnucleus",7L,"facial nucleus, lateral subnucleus",rule_generated_from_paxinos_name,Algorithmic acronym generated from Paxinos raw name; requires manual review before use as curated label.,low,pending_review,FNLS_50,"facial nucleus, lateral subnucleus",kept_for_review_or_manual_approval,0,193,233,
51,facial nucleus,VII,facial nucleus,manual_common_neuroanatomy,cranial nerve VII nucleus,high,pending_review,FN_51,facial nucleus,kept_for_review_or_manual_approval,0,193,233,
52,"facial motor nucleus, stylohyoid part",7MoSty,"facial motor nucleus, stylohyoid part",rule_generated_from_paxinos_name,Algorithmic acronym generated from Paxinos raw name; requires manual review before use as curated label.,low,pending_review,FMNSP_52,"facial motor nucleus, stylohyoid part",kept_for_review_or_manual_approval,59,221,255,
53,"facial nucleus, ventral intermediate subnucleus",7VI,"facial nucleus, ventral intermediate subnucleus",rule_generated_from_paxinos_name,Algorithmic acronym generated from Paxinos raw name; requires manual review before use as curated label.,low,pending_review,FNVIS_53,"facial nucleus, ventral intermediate subnucleus",kept_for_review_or_manual_approval,118,213,233,
54,"facial nucleus, ventromedial subnucleus",7Ven,"facial nucleus, ventromedial subnucleus",rule_generated_from_paxinos_name,Algorithmic acronym generated from Paxinos raw name; requires manual review before use as curated label.,low,pending_review,FNVS_54,"facial nucleus, ventromedial subnucleus",kept_for_review_or_manual_approval,178,241,255,
55,facial nerve,7n,facial nerve,manual_common_neuroanatomy,cranial nerve VII,high,pending_review,FN_55,facial nerve,kept_for_review_or_manual_approval,201,0,255,
56,nervus intermedius component of the facial nerve,NerIntCom7,nervus intermedius component of the facial nerve,rule_generated_from_paxinos_name,Algorithmic acronym generated from Paxinos raw name; requires manual review before use as curated label.,low,pending_review,NICOTF_56,nervus intermedius component of the facial nerve,kept_for_review_or_manual_approval,200,0,255,
57,8th cerebellar lobule,CbL8,8th cerebellar lobule,rule_generated_from_paxinos_name,Algorithmic acronym generated from Paxinos raw name; requires manual review before use as curated label.,low,pending_review,8CL_57,8th cerebellar lobule,kept_for_review_or_manual_approval,142,233,169,
59,cochlear root of the vestibulocochlear nerve,CochRooVes,cochlear root of the vestibulocochlear nerve,rule_generated_from_paxinos_name,Algorithmic acronym generated from Paxinos raw name; requires manual review before use as curated label.,low,pending_review,CROTVN_59,cochlear root of the vestibulocochlear nerve,kept_for_review_or_manual_approval,221,0,255,
60,vestibulocochlear nerve,8n,vestibulocochlear nerve,manual_common_neuroanatomy,cranial nerve VIII,high,pending_review,VN_60,vestibulocochlear nerve,kept_for_review_or_manual_approval,246,178,255,
61,vestibular root of the vestibulocochlear nerve,VeRooVes,vestibular root of the vestibulocochlear nerve,rule_generated_from_paxinos_name,Algorithmic acronym generated from Paxinos raw name; requires manual review before use as curated label.,low,pending_review,VROTVN_61,vestibular root of the vestibulocochlear nerve,kept_for_review_or_manual_approval,247,178,255,
62,9th cerebellar lobule,CbL9,9th cerebellar lobule,rule_generated_from_paxinos_name,Algorithmic acronym generated from Paxinos raw name; requires manual review before use as curated label.,low,pending_review,9CL_62,9th cerebellar lobule,kept_for_review_or_manual_approval,59,255,100,
63,"9th cerebellar lobule, a and b",CbL9_63,"9th cerebellar lobule, a and b",rule_generated_from_paxinos_name,Algorithmic acronym generated from Paxinos raw name; requires manual review before use as curated label.,low,pending_review,9CLAAB_63,"9th cerebellar lobule, a and b",kept_for_review_or_manual_approval,0,255,52,Acronym CbL9 duplicated with label_id 62; suffixed with label_id for uniqueness.
64,"9th cerebellar lobule, c",CbL9_64,"9th cerebellar lobule, c",rule_generated_from_paxinos_name,Algorithmic acronym generated from Paxinos raw name; requires manual review before use as curated label.,low,pending_review,9CLC_64,"9th cerebellar lobule, c",kept_for_review_or_manual_approval,178,255,194,Acronym CbL9 duplicated with label_id 62; suffixed with label_id for uniqueness.
67,A1 noradrenaline cells,A1,A1 noradrenaline cells,rule_generated_from_paxinos_name,Algorithmic acronym generated from Paxinos raw name; requires manual review before use as curated label.,low,pending_review,ANC_67,A1 noradrenaline cells,kept_for_review_or_manual_approval,233,89,191,
68,A1 noradrenaline cells/C1 adrenaline cells,A1_68,A1 noradrenaline cells/C1 adrenaline cells,rule_generated_from_paxinos_name,Algorithmic acronym generated from Paxinos raw name; requires manual review before use as curated label.,low,pending_review,ANCCAC_68,A1 noradrenaline cells/C1 adrenaline cells,kept_for_review_or_manual_approval,233,0,161,Acronym A1 duplicated with label_id 67; suffixed with label_id for uniqueness.
69,A11dopamine cells,A11,A11dopamine cells,rule_generated_from_paxinos_name,Algorithmic acronym generated from Paxinos raw name; requires manual review before use as curated label.,low,pending_review,AC_69,A11dopamine cells,kept_for_review_or_manual_approval,223,0,180,
70,A13 dopamine cells,A13,A13 dopamine cells,rule_generated_from_paxinos_name,Algorithmic acronym generated from Paxinos raw name; requires manual review before use as curated label.,low,pending_review,ADC_70,A13 dopamine cells,kept_for_review_or_manual_approval,255,178,238,
72,A2 noradrenaline cells,A2,A2 noradrenaline cells,rule_generated_from_paxinos_name,Algorithmic acronym generated from Paxinos raw name; requires manual review before use as curated label.,low,pending_review,ANC_72,A2 noradrenaline cells,kept_for_review_or_manual_approval,255,178,230,
73,A5 noradrenaline cells,A5,A5 noradrenaline cells,rule_generated_from_paxinos_name,Algorithmic acronym generated from Paxinos raw name; requires manual review before use as curated label.,low,pending_review,ANC_73,A5 noradrenaline cells,kept_for_review_or_manual_approval,255,0,168,
74,A7 noradrenaline cells,A7,A7 noradrenaline cells,rule_generated_from_paxinos_name,Algorithmic acronym generated from Paxinos raw name; requires manual review before use as curated label.,low,pending_review,ANC_74,A7 noradrenaline cells,kept_for_review_or_manual_approval,255,89,195,
76,anterior amygdaloid area,AA,anterior amygdaloid area,manual_common_neuroanatomy,standard abbreviation for anterior amygdaloid area,high,pending_review,AAA_76,anterior amygdaloid area,kept_for_review_or_manual_approval,255,81,0,
79,anterior cortical amygdaloid nucleus,ACo,anterior cortical amygdaloid nucleus,manual_common_neuroanatomy,standard abbreviation for anterior cortical amygdaloid nucleus,high,pending_review,ACAN_79,anterior cortical amygdaloid nucleus,kept_for_review_or_manual_approval,248,255,178,
80,anterodorsal thalamic nucleus,AD,anterodorsal thalamic nucleus,manual_common_neuroanatomy,standard thalamic abbreviation,high,pending_review,ATN_80,anterodorsal thalamic nucleus,kept_for_review_or_manual_approval,233,199,107,
82,anterior hypothalamic area,AHA,anterior hypothalamic area,manual_common_neuroanatomy,standard abbreviation,high,pending_review,AHA_82,anterior hypothalamic area,kept_for_review_or_manual_approval,255,103,0,
83,"anterior hypothalamic area, anterior part",AHAa,"anterior hypothalamic area, anterior part",manual_common_neuroanatomy,AHA anterior,high,pending_review,AHAAP_83,"anterior hypothalamic area, anterior part",kept_for_review_or_manual_approval,223,89,0,
84,"anterior hypothalamic area, central part",AHAc,"anterior hypothalamic area, central part",manual_common_neuroanatomy,AHA central,high,pending_review,AHACP_84,"anterior hypothalamic area, central part",kept_for_review_or_manual_approval,255,103,0,
85,"anterior hypothalamic area, posterior part",AHAp,"anterior hypothalamic area, posterior part",manual_common_neuroanatomy,AHA posterior,high,pending_review,AHAPP_85,"anterior hypothalamic area, posterior part",kept_for_review_or_manual_approval,255,156,89,
86,amygdalohippocampal area,AHi,amygdalohippocampal area,manual_common_neuroanatomy,standard abbreviation for amygdalohippocampal area,high,pending_review,AA_86,amygdalohippocampal area,kept_for_review_or_manual_approval,233,46,0,
87,"amygdalohippocampal area, anterolateral part",AHiAL,"amygdalohippocampal area, anterolateral part",manual_common_neuroanatomy,standard derived abbreviation: AHi + anterolateral,high,pending_review,AAAP_87,"amygdalohippocampal area, anterolateral part",kept_for_review_or_manual_approval,255,49,0,
89,"amygdalohippocampal area, posterolateral",AHiPL,"amygdalohippocampal area, posterolateral",manual_common_neuroanatomy,standard derived abbreviation: AHi + posterolateral,high,pending_review,AAP_89,"amygdalohippocampal area, posterolateral",kept_for_review_or_manual_approval,255,194,178,
90,"agranular insular cortex, dorsal part",AID,"agranular insular cortex, dorsal part",paxinos_cortex_file_exact_id,Exact ID match in Paxinos_Watson_Labels_Cortex.txt: AID,official_local,pending_review,AID,"agranular insular cortex, dorsal part",kept_for_review_or_manual_approval,208,212,71,
91,"agranular insular cortex, posterior part",AIP,"agranular insular cortex, posterior part",paxinos_cortex_file_exact_id,Exact ID match in Paxinos_Watson_Labels_Cortex.txt: AIP,official_local,pending_review,AIP,"agranular insular cortex, posterior part",kept_for_review_or_manual_approval,216,223,0,
92,"agranular insular cortex, ventral part",AIV,"agranular insular cortex, ventral part",paxinos_cortex_file_exact_id,Exact ID match in Paxinos_Watson_Labels_Cortex.txt: AIV,official_local,pending_review,AIV,"agranular insular cortex, ventral part",kept_for_review_or_manual_approval,238,244,35,
93,nucleus of the ansa lenticularis,AnsLen,nucleus of the ansa lenticularis,rule_generated_from_paxinos_name,Algorithmic acronym generated from Paxinos raw name; requires manual review before use as curated label.,low,pending_review,NOTAL_93,nucleus of the ansa lenticularis,kept_for_review_or_manual_approval,141,107,229,
94,anteromedial thalamic nucleus,AM,anteromedial thalamic nucleus,manual_common_neuroanatomy,standard thalamic abbreviation,high,pending_review,ATN_94,anteromedial thalamic nucleus,kept_for_review_or_manual_approval,207,121,0,
95,"anteromedial thalamic nucleus, ventral part",AMv,"anteromedial thalamic nucleus, ventral part",manual_common_neuroanatomy,AM ventral,high,pending_review,ATNVP_95,"anteromedial thalamic nucleus, ventral part",kept_for_review_or_manual_approval,255,149,0,
96,accessory neurosecretory nuclei,AccNeu,accessory neurosecretory nuclei,rule_generated_from_paxinos_name,Algorithmic acronym generated from Paxinos raw name; requires manual review before use as curated label.,low,pending_review,ANN_96,accessory neurosecretory nuclei,kept_for_review_or_manual_approval,116,71,233,
97,anterior olfactory nucleus,AON,anterior olfactory nucleus,manual_common_neuroanatomy,standard abbreviation,high,pending_review,AON_97,anterior olfactory nucleus,kept_for_review_or_manual_approval,184,233,0,
100,"anterior olfactory nucleus, external part",AOE,"anterior olfactory nucleus, external part",manual_common_neuroanatomy,AON external,high,pending_review,AONEP_100,"anterior olfactory nucleus, external part",kept_for_review_or_manual_approval,209,233,118,
101,"anterior olfactory nucleus, lateral part",AOL,"anterior olfactory nucleus, lateral part",manual_common_neuroanatomy,AON lateral,high,pending_review,AONLP_101,"anterior olfactory nucleus, lateral part",kept_for_review_or_manual_approval,226,255,118,
103,"anterior olfactory nucleus, posterior part",AOP,"anterior olfactory nucleus, posterior part",manual_common_neuroanatomy,AON posterior,high,pending_review,AONPP_103,"anterior olfactory nucleus, posterior part",kept_for_review_or_manual_approval,196,233,59,
105,"anterior olfactory nucleus, ventroposterior part",AOVP,"anterior olfactory nucleus, ventroposterior part",manual_common_neuroanatomy,AON ventroposterior,high,pending_review,AONVP_105,"anterior olfactory nucleus, ventroposterior part",kept_for_review_or_manual_approval,199,255,0,
106,area postrema,AP,area postrema,manual_common_neuroanatomy,standard abbreviation,high,pending_review,AP_106,area postrema,kept_for_review_or_manual_approval,0,169,223,
107,anterior pretectal nucleus,APre,anterior pretectal nucleus,rule_generated_from_paxinos_name,Algorithmic acronym generated from Paxinos raw name; requires manual review before use as curated label.,low,pending_review,APN_107,anterior pretectal nucleus,kept_for_review_or_manual_approval,59,104,233,
108,"anterior pretectal nucleus, dorsal part",APreD,"anterior pretectal nucleus, dorsal part",rule_generated_from_paxinos_name,Algorithmic acronym generated from Paxinos raw name; requires manual review before use as curated label.,low,pending_review,APNDP_108,"anterior pretectal nucleus, dorsal part",kept_for_review_or_manual_approval,0,69,255,
109,"anterior pretectal nucleus, ventral part",APreV,"anterior pretectal nucleus, ventral part",rule_generated_from_paxinos_name,Algorithmic acronym generated from Paxinos raw name; requires manual review before use as curated label.,low,pending_review,APNVP_109,"anterior pretectal nucleus, ventral part",kept_for_review_or_manual_approval,178,197,255,
110,amygdalopiriform transition area,APir,amygdalopiriform transition area,manual_common_neuroanatomy,standard abbreviation for amygdalopiriform transition area,high,pending_review,ATA_110,amygdalopiriform transition area,kept_for_review_or_manual_approval,240,255,89,
112,anterior tegmental nucleus,ATg,anterior tegmental nucleus,rule_generated_from_paxinos_name,Algorithmic acronym generated from Paxinos raw name; requires manual review before use as curated label.,low,pending_review,ATN_112,anterior tegmental nucleus,kept_for_review_or_manual_approval,118,254,255,
114,anteroventral thalamic nucleus,AV,anteroventral thalamic nucleus,manual_common_neuroanatomy,standard thalamic abbreviation,high,pending_review,ATN_114,anteroventral thalamic nucleus,kept_for_review_or_manual_approval,223,133,0,
115,"anterovent thalamic nucleus, dorsomedial part",AVDM,"anteroventral thalamic nucleus, dorsomedial part",manual_common_neuroanatomy,AV dorsomedial; source name abbreviated,high,pending_review,ATNDP_115,"anterovent thalamic nucleus, dorsomedial part",kept_for_review_or_manual_approval,255,223,178,
117,anteroventral periventricular nucleus,AVPV,anteroventral periventricular nucleus,manual_common_neuroanatomy,standard abbreviation,high,pending_review,APN_117,anteroventral periventricular nucleus,kept_for_review_or_manual_approval,255,123,0,
118,"anteroventral thalamic nucleus, ventrolateral part",AVVL,"anteroventral thalamic nucleus, ventrolateral part",manual_common_neuroanatomy,AV ventrolateral,high,pending_review,ATNVP_118,"anteroventral thalamic nucleus, ventrolateral part",kept_for_review_or_manual_approval,255,152,0,
119,accumbens nucleus,Acb,accumbens nucleus,manual_common_neuroanatomy,common Paxinos-style abbreviation for nucleus accumbens,high,pending_review,AN_119,accumbens nucleus,kept_for_review_or_manual_approval,255,249,178,
120,"accumbens nucleus, core",AcbC,"accumbens nucleus, core",manual_common_neuroanatomy,Acb core,high,pending_review,ANC_120,"accumbens nucleus, core",kept_for_review_or_manual_approval,255,243,89,
122,"accumbens nucleus, shell",AcbSh,"accumbens nucleus, shell",manual_common_neuroanatomy,Acb shell,high,pending_review,ANS_122,"accumbens nucleus, shell",kept_for_review_or_manual_approval,233,218,0,
128,alar nucleus,Ala,alar nucleus,rule_generated_from_paxinos_name,Algorithmic acronym generated from Paxinos raw name; requires manual review before use as curated label.,low,pending_review,AN_128,alar nucleus,kept_for_review_or_manual_approval,128,95,212,
130,"ambiguus nucleus, compact part",Ambc,"ambiguus nucleus, compact part",rule_generated_from_paxinos_name,Algorithmic acronym generated from Paxinos raw name; requires manual review before use as curated label.,low,pending_review,ANCP_130,"ambiguus nucleus, compact part",kept_for_review_or_manual_approval,89,255,105,
131,"ambiguus nucleus, loose part",AmbLoo,"ambiguus nucleus, loose part",rule_generated_from_paxinos_name,Algorithmic acronym generated from Paxinos raw name; requires manual review before use as curated label.,low,pending_review,ANLP_131,"ambiguus nucleus, loose part",kept_for_review_or_manual_approval,0,255,28,
132,"ambiguus nucleus, subcompact part",AmbSub,"ambiguus nucleus, subcompact part",rule_generated_from_paxinos_name,Algorithmic acronym generated from Paxinos raw name; requires manual review before use as curated label.,low,pending_review,ANSP_132,"ambiguus nucleus, subcompact part",kept_for_review_or_manual_approval,178,255,187,
134,angular thalamic nucleus,Ang,angular thalamic nucleus,manual_common_neuroanatomy,common abbreviation,high,pending_review,ATN_134,angular thalamic nucleus,kept_for_review_or_manual_approval,212,183,107,
137,aqueduct,Aq,aqueduct,manual_common_neuroanatomy,standard abbreviation,high,pending_review,A_137,aqueduct,kept_for_review_or_manual_approval,223,0,69,
138,arcuate hypothalamic nucleus,Arc,arcuate hypothalamic nucleus,manual_common_neuroanatomy,common Paxinos-style abbreviation,high,pending_review,AHN_138,arcuate hypothalamic nucleus,kept_for_review_or_manual_approval,255,117,0,
139,"arcuate hypothalamic nucleus, dorsal part",ArcD,"arcuate hypothalamic nucleus, dorsal part",manual_common_neuroanatomy,Arc dorsal,high,pending_review,AHNDP_139,"arcuate hypothalamic nucleus, dorsal part",kept_for_review_or_manual_approval,255,213,178,
140,"arcuate hypothalamic nucleus, lateral part",ArcL,"arcuate hypothalamic nucleus, lateral part",manual_common_neuroanatomy,Arc lateral,high,pending_review,AHNLP_140,"arcuate hypothalamic nucleus, lateral part",kept_for_review_or_manual_approval,233,106,0,
141,"arcuate hypothalamic nucleus, lateroposterior part",ArcLP,"arcuate hypothalamic nucleus, lateroposterior part",manual_common_neuroanatomy,Arc lateroposterior,high,pending_review,AHNLP_141,"arcuate hypothalamic nucleus, lateroposterior part",kept_for_review_or_manual_approval,255,165,89,
142,"arcuate hypothalamic nucleus, medial part",ArcM,"arcuate hypothalamic nucleus, medial part",manual_common_neuroanatomy,Arc medial,high,pending_review,AHNMP_142,"arcuate hypothalamic nucleus, medial part",kept_for_review_or_manual_approval,233,155,89,
143,"arcuate hypothalamic nucleus, medial posterior part",ArcMP,"arcuate hypothalamic nucleus, medial posterior part",manual_common_neuroanatomy,Arc medial posterior,high,pending_review,AHNMPP_143,"arcuate hypothalamic nucleus, medial posterior part",kept_for_review_or_manual_approval,255,117,0,
145,auditory cortex,CTX145,auditory cortex,paxinos_cortex_file_container,"Cortex file gives acronym ""---"" for broad container; unique CTX+ID placeholder assigned.",medium,pending_review,AC_145,auditory cortex,kept_for_review_or_manual_approval,255,251,0,
146,primary auditory cortex,Au1,primary auditory cortex,paxinos_cortex_file_exact_id,Exact ID match in Paxinos_Watson_Labels_Cortex.txt: Au1,official_local,pending_review,Au1,primary auditory cortex,kept_for_review_or_manual_approval,255,251,0,
148,"secondary auditory cortex, dorsal area",AuD,"secondary auditory cortex, dorsal area",paxinos_cortex_file_exact_id,Exact ID match in Paxinos_Watson_Labels_Cortex.txt: AuD,official_local,pending_review,AuD,"secondary auditory cortex, dorsal area",kept_for_review_or_manual_approval,255,250,0,
149,"secondary auditory cortex, ventral area",AuV,"secondary auditory cortex, ventral area",paxinos_cortex_file_exact_id,Exact ID match in Paxinos_Watson_Labels_Cortex.txt: AuV,official_local,pending_review,AuV,"secondary auditory cortex, ventral area",kept_for_review_or_manual_approval,255,253,178,
150,basal nucleus (Meynert),B,basal nucleus (Meynert),manual_common_neuroanatomy,common Paxinos-style abbreviation,high,pending_review,BNM_150,basal nucleus (Meynert),kept_for_review_or_manual_approval,255,251,178,
152,B9 serotonin cells,B9,B9 serotonin cells,rule_generated_from_paxinos_name,Algorithmic acronym generated from Paxinos raw name; requires manual review before use as curated label.,low,pending_review,BSC_152,B9 serotonin cells,kept_for_review_or_manual_approval,118,239,217,
153,bed nucleus of the anterior commissure,BAC,bed nucleus of the anterior commissure,manual_common_neuroanatomy,descriptive common abbreviation,high,pending_review,BNOTAC_153,bed nucleus of the anterior commissure,kept_for_review_or_manual_approval,212,69,0,
154,bed nucleus of the accessory olfactory tract,BAOT,bed nucleus of the accessory olfactory tract,manual_common_neuroanatomy,descriptive common abbreviation,high,pending_review,BNOTAO_154,bed nucleus of the accessory olfactory tract,kept_for_review_or_manual_approval,255,245,0,
155,basal ganglia,BasGan,basal ganglia,rule_generated_from_paxinos_name,Algorithmic acronym generated from Paxinos raw name; requires manual review before use as curated label.,low,pending_review,BG_155,basal ganglia,kept_for_review_or_manual_approval,233,214,0,
156,nucleus of the brachium of the inferior colliculus,BraICol,nucleus of the brachium of the inferior colliculus,rule_generated_from_paxinos_name,Algorithmic acronym generated from Paxinos raw name; requires manual review before use as curated label.,low,pending_review,NOTBOT_156,nucleus of the brachium of the inferior colliculus,kept_for_review_or_manual_approval,0,47,255,
157,basolateral amygdaloid nucleus,BLA,basolateral amygdaloid nucleus,manual_common_neuroanatomy,common abbreviation for basolateral amygdala/amygdaloid nucleus,high,pending_review,BAN_157,basolateral amygdaloid nucleus,kept_for_review_or_manual_approval,212,92,59,
158,"basolateral amygdaloid nucleus, anterior part",BLAa,"basolateral amygdaloid nucleus, anterior part",manual_common_neuroanatomy,BLA + anterior part,high,pending_review,BANAP_158,"basolateral amygdaloid nucleus, anterior part",kept_for_review_or_manual_approval,255,123,89,
159,"basolateral amygdaloid nucleus, posterior part",BLAp,"basolateral amygdaloid nucleus, posterior part",manual_common_neuroanatomy,BLA + posterior part,high,pending_review,BANPP_159,"basolateral amygdaloid nucleus, posterior part",kept_for_review_or_manual_approval,255,54,0,
160,"basolateral amygdaloid nucleus, ventral part",BLAv,"basolateral amygdaloid nucleus, ventral part",manual_common_neuroanatomy,BLA + ventral part,high,pending_review,BANVP_160,"basolateral amygdaloid nucleus, ventral part",kept_for_review_or_manual_approval,255,195,178,
162,"basomedial amygdaloid nucleus, anterior part",BMAa,"basomedial amygdaloid nucleus, anterior part",manual_common_neuroanatomy,BMA + anterior part,high,pending_review,BANAP_162,"basomedial amygdaloid nucleus, anterior part",kept_for_review_or_manual_approval,255,56,0,
163,"basomedial amygdaloid nucleus, posterior part",BMAp,"basomedial amygdaloid nucleus, posterior part",manual_common_neuroanatomy,BMA + posterior part,high,pending_review,BANPP_163,"basomedial amygdaloid nucleus, posterior part",kept_for_review_or_manual_approval,255,195,178,
164,Barrington's nucleus,Bar,Barrington's nucleus,manual_common_neuroanatomy,standard abbreviation,high,pending_review,BSN_164,Barrington's nucleus,kept_for_review_or_manual_approval,25,174,223,
165,Botzinger complex,Bot,Botzinger complex,rule_generated_from_paxinos_name,Algorithmic acronym generated from Paxinos raw name; requires manual review before use as curated label.,low,pending_review,BC_165,Botzinger complex,kept_for_review_or_manual_approval,25,192,247,
166,whole brain,root,whole brain,paxinos_raw_broad_structure,root/whole-brain label,high,pending_review,WB_166,whole brain,kept_for_review_or_manual_approval,102,102,102,
168,C1 adrenaline cells,C1,C1 adrenaline cells,rule_generated_from_paxinos_name,Algorithmic acronym generated from Paxinos raw name; requires manual review before use as curated label.,low,pending_review,CAC_168,C1 adrenaline cells,kept_for_review_or_manual_approval,76,199,239,
170,C3 adrenaline cells,C3,C3 adrenaline cells,rule_generated_from_paxinos_name,Algorithmic acronym generated from Paxinos raw name; requires manual review before use as curated label.,low,pending_review,CAC_170,C3 adrenaline cells,kept_for_review_or_manual_approval,0,173,231,
171,hippocampus proper,CA,hippocampus proper,manual_common_neuroanatomy,common abbreviation for Ammon horn/CA fields,high,pending_review,HP_171,hippocampus proper,kept_for_review_or_manual_approval,245,255,178,
172,field CA1 of the hippocampus,CA1,field CA1 of the hippocampus,manual_common_neuroanatomy,standard CA field,high,pending_review,FCOTH_172,field CA1 of the hippocampus,kept_for_review_or_manual_approval,188,212,0,
174,field CA3 of the hippocampus,CA3,field CA3 of the hippocampus,manual_common_neuroanatomy,standard CA field,high,pending_review,FCOTH_174,field CA3 of the hippocampus,kept_for_review_or_manual_approval,213,233,59,
175,nucleus of the central acoustic tract,CAco,nucleus of the central acoustic tract,rule_generated_from_paxinos_name,Algorithmic acronym generated from Paxinos raw name; requires manual review before use as curated label.,low,pending_review,NOTCAT_175,nucleus of the central acoustic tract,kept_for_review_or_manual_approval,74,23,203,
176,cell bridges of the ventral striatum,CB,cell bridges of the ventral striatum,manual_common_neuroanatomy,descriptive abbreviation,high,pending_review,CBOTVS_176,cell bridges of the ventral striatum,kept_for_review_or_manual_approval,255,240,0,
177,central canal,cc,central canal,manual_common_neuroanatomy,"standard abbreviation, review case",high,pending_review,CC_177,central canal,kept_for_review_or_manual_approval,255,178,200,
178,caudomedial entorhinal cortex,CauEnt,caudomedial entorhinal cortex,rule_generated_from_paxinos_name,Algorithmic acronym generated from Paxinos raw name; requires manual review before use as curated label.,low,pending_review,CEC_178,caudomedial entorhinal cortex,kept_for_review_or_manual_approval,197,233,0,
179,central gray,CGra,central gray,rule_generated_from_paxinos_name,Algorithmic acronym generated from Paxinos raw name; requires manual review before use as curated label.,low,pending_review,CG_179,central gray,kept_for_review_or_manual_approval,133,242,150,
180,"central gray, alpha part",CGraAlp,"central gray, alpha part",rule_generated_from_paxinos_name,Algorithmic acronym generated from Paxinos raw name; requires manual review before use as curated label.,low,pending_review,CGAP_180,"central gray, alpha part",kept_for_review_or_manual_approval,89,255,112,
181,"central gray, beta part",CGraBet,"central gray, beta part",rule_generated_from_paxinos_name,Algorithmic acronym generated from Paxinos raw name; requires manual review before use as curated label.,low,pending_review,CGBP_181,"central gray, beta part",kept_for_review_or_manual_approval,89,233,110,
182,"central gray, gamma part",CGraGam,"central gray, gamma part",rule_generated_from_paxinos_name,Algorithmic acronym generated from Paxinos raw name; requires manual review before use as curated label.,low,pending_review,CGGP_182,"central gray, gamma part",kept_for_review_or_manual_approval,0,255,39,
183,"central gray, nucleus O",CGraO,"central gray, nucleus O",rule_generated_from_paxinos_name,Algorithmic acronym generated from Paxinos raw name; requires manual review before use as curated label.,low,pending_review,CGNO_183,"central gray, nucleus O",kept_for_review_or_manual_approval,0,233,37,
184,central gray of the pons,CGraPon,central gray of the pons,rule_generated_from_paxinos_name,Algorithmic acronym generated from Paxinos raw name; requires manual review before use as curated label.,low,pending_review,CGOTP_184,central gray of the pons,kept_for_review_or_manual_approval,178,255,191,
185,caudal interstitial nucleus of the medial longitudinal fasciculus,CIntMLonFas,caudal interstitial nucleus of the medial longitudinal fasciculus,rule_generated_from_paxinos_name,Algorithmic acronym generated from Paxinos raw name; requires manual review before use as curated label.,low,pending_review,CINOTM_185,caudal interstitial nucleus of the medial longitudinal fasciculus,kept_for_review_or_manual_approval,0,223,108,
186,central nucleus of the inferior colliculus,CIC,central nucleus of the inferior colliculus,manual_common_neuroanatomy,standard abbreviation,high,pending_review,CNOTIC_186,central nucleus of the inferior colliculus,kept_for_review_or_manual_approval,178,191,255,
187,centrolateral thalamic nucleus,CL,centrolateral thalamic nucleus,manual_common_neuroanatomy,standard thalamic abbreviation,high,pending_review,CTN_187,centrolateral thalamic nucleus,kept_for_review_or_manual_approval,255,189,89,
188,caudal linear nucleus of the raphe,CLi,caudal linear nucleus of the raphe,manual_common_neuroanatomy,standard abbreviation,high,pending_review,CLNOTR_188,caudal linear nucleus of the raphe,kept_for_review_or_manual_approval,118,223,204,
189,central medial thalamic nucleus,CM,central medial thalamic nucleus,manual_common_neuroanatomy,standard thalamic abbreviation,high,pending_review,CMTN_189,central medial thalamic nucleus,kept_for_review_or_manual_approval,255,154,0,
190,caudal periolivary nucleus,CPer,caudal periolivary nucleus,rule_generated_from_paxinos_name,Algorithmic acronym generated from Paxinos raw name; requires manual review before use as curated label.,low,pending_review,CPN_190,caudal periolivary nucleus,kept_for_review_or_manual_approval,102,205,239,
191,caudate putamen (striatum),CPu,caudate putamen (striatum),manual_common_neuroanatomy,common Paxinos-style abbreviation for caudate putamen,high,pending_review,CPS_191,caudate putamen (striatum),kept_for_review_or_manual_approval,255,236,0,
192,nucleus of the commissural stria terminalis,CST,nucleus of the commissural stria terminalis,manual_common_neuroanatomy,common abbreviation for commissural stria terminalis nucleus,high,pending_review,NOTCST_192,nucleus of the commissural stria terminalis,kept_for_review_or_manual_approval,44,255,0,
193,caudoventrolateral reticular nucleus,CauR,caudoventrolateral reticular nucleus,rule_generated_from_paxinos_name,Algorithmic acronym generated from Paxinos raw name; requires manual review before use as curated label.,low,pending_review,CRN_193,caudoventrolateral reticular nucleus,kept_for_review_or_manual_approval,76,174,207,
194,cerebellum,CB_194,cerebellum,manual_common_neuroanatomy,standard broad abbreviation,high,pending_review,C_194,cerebellum,kept_for_review_or_manual_approval,0,203,48,Acronym CB duplicated with label_id 176; suffixed with label_id for uniqueness.
195,central amygdaloid nucleus,CeA,central amygdaloid nucleus,manual_common_neuroanatomy,common abbreviation for central amygdala/amygdaloid nucleus,high,pending_review,CAN_195,central amygdaloid nucleus,kept_for_review_or_manual_approval,255,106,59,
196,"central amygdaloid nucleus, capsular part",CeC,"central amygdaloid nucleus, capsular part",manual_common_neuroanatomy,common abbreviation for central amygdala capsular part,high,pending_review,CANCP_196,"central amygdaloid nucleus, capsular part",kept_for_review_or_manual_approval,255,60,0,
197,central cervical nucleus of the spinal cord,CCerSpiCor,central cervical nucleus of the spinal cord,rule_generated_from_paxinos_name,Algorithmic acronym generated from Paxinos raw name; requires manual review before use as curated label.,low,pending_review,CCNOTS_197,central cervical nucleus of the spinal cord,kept_for_review_or_manual_approval,134,107,203,
198,"central amygdaloid nucleus, lateral division",CeL,"central amygdaloid nucleus, lateral division",manual_common_neuroanatomy,common abbreviation for central amygdala lateral division,high,pending_review,CANLD_198,"central amygdaloid nucleus, lateral division",kept_for_review_or_manual_approval,255,196,178,
199,"central amygdaloid nucleus, medial division",CeM,"central amygdaloid nucleus, medial division",manual_common_neuroanatomy,common abbreviation for central amygdala medial division,high,pending_review,CANMD_199,"central amygdaloid nucleus, medial division",kept_for_review_or_manual_approval,255,129,89,
200,"cingulate cortex, area 1",Cg1,"cingulate cortex, area 1",paxinos_cortex_file_exact_id,Exact ID match in Paxinos_Watson_Labels_Cortex.txt: Cg1,official_local,pending_review,Cg1,"cingulate cortex, area 1",kept_for_review_or_manual_approval,241,244,142,
201,"cingulate cortex, area 2",Cg2,"cingulate cortex, area 2",paxinos_cortex_file_exact_id,Exact ID match in Paxinos_Watson_Labels_Cortex.txt: Cg2,official_local,pending_review,Cg2,"cingulate cortex, area 2",kept_for_review_or_manual_approval,219,223,107,
202,circular nucleus,Cir,circular nucleus,rule_generated_from_paxinos_name,Algorithmic acronym generated from Paxinos raw name; requires manual review before use as curated label.,low,pending_review,CN_202,circular nucleus,kept_for_review_or_manual_approval,233,116,0,
203,claustrum,Cl,claustrum,manual_common_neuroanatomy,common abbreviation,high,pending_review,C_203,claustrum,kept_for_review_or_manual_approval,255,234,89,
204,cuneiform nucleus,CnF,cuneiform nucleus,manual_common_neuroanatomy,standard abbreviation,high,pending_review,CN_204,cuneiform nucleus,kept_for_review_or_manual_approval,0,207,255,
205,"cuneiform nucleus, dorsal part",CnFD,"cuneiform nucleus, dorsal part",manual_common_neuroanatomy,CnF dorsal,high,pending_review,CNDP_205,"cuneiform nucleus, dorsal part",kept_for_review_or_manual_approval,0,208,255,
206,"cuneiform nucleus, intermediate part",CnFI,"cuneiform nucleus, intermediate part",manual_common_neuroanatomy,CnF intermediate,high,pending_review,CNIP_206,"cuneiform nucleus, intermediate part",kept_for_review_or_manual_approval,178,240,255,
207,"cuneiform nucleus, ventral part",CnFV,"cuneiform nucleus, ventral part",manual_common_neuroanatomy,CnF ventral,high,pending_review,CNVP_207,"cuneiform nucleus, ventral part",kept_for_review_or_manual_approval,89,223,255,
209,copula of the pyramis,CopPyr,copula of the pyramis,rule_generated_from_paxinos_name,Algorithmic acronym generated from Paxinos raw name; requires manual review before use as curated label.,low,pending_review,COTP_209,copula of the pyramis,kept_for_review_or_manual_approval,71,255,124,
210,crus 1 of the ansiform lobule,Cru1AnsLob,crus 1 of the ansiform lobule,rule_generated_from_paxinos_name,Algorithmic acronym generated from Paxinos raw name; requires manual review before use as curated label.,low,pending_review,C1OTAL_210,crus 1 of the ansiform lobule,kept_for_review_or_manual_approval,71,233,118,
211,crus 2 of the ansiform lobule,Cru2AnsLob,crus 2 of the ansiform lobule,rule_generated_from_paxinos_name,Algorithmic acronym generated from Paxinos raw name; requires manual review before use as curated label.,low,pending_review,C2OTAL_211,crus 2 of the ansiform lobule,kept_for_review_or_manual_approval,35,223,90,
212,conterminal nucleus,Con,conterminal nucleus,rule_generated_from_paxinos_name,Algorithmic acronym generated from Paxinos raw name; requires manual review before use as curated label.,low,pending_review,CN_212,conterminal nucleus,kept_for_review_or_manual_approval,44,255,147,
213,cuneate nucleus,Cu,cuneate nucleus,manual_common_neuroanatomy,standard abbreviation,high,pending_review,CN_213,cuneate nucleus,kept_for_review_or_manual_approval,89,255,144,
214,"cuneate nucleus, rotundus part",CunRot,"cuneate nucleus, rotundus part",rule_generated_from_paxinos_name,Algorithmic acronym generated from Paxinos raw name; requires manual review before use as curated label.,low,pending_review,CNRP_214,"cuneate nucleus, rotundus part",kept_for_review_or_manual_approval,0,255,81,
215,cerebral cortex,CTX,cerebral cortex,manual_common_neuroanatomy,Allen-style broad abbreviation,high,pending_review,CC_215,cerebral cortex,kept_for_review_or_manual_approval,251,255,178,
216,cortex-amygdala transition zone,CxA,cortex-amygdala transition zone,manual_common_neuroanatomy,standard abbreviation for cortex-amygdala transition zone,high,pending_review,CATZ_216,cortex-amygdala transition zone,kept_for_review_or_manual_approval,212,223,0,
221,dorsal 3rd ventricle,D3V,dorsal 3rd ventricle,manual_common_neuroanatomy,standard derived abbreviation,high,pending_review,D3V_221,dorsal 3rd ventricle,kept_for_review_or_manual_approval,255,89,184,
222,dorsal hypothalamic area,DHA,dorsal hypothalamic area,manual_common_neuroanatomy,standard abbreviation,high,pending_review,DHA_222,dorsal hypothalamic area,kept_for_review_or_manual_approval,255,127,0,
223,dorsal cochlear nucleus,DCoch,dorsal cochlear nucleus,rule_generated_from_paxinos_name,Algorithmic acronym generated from Paxinos raw name; requires manual review before use as curated label.,low,pending_review,DCN_223,dorsal cochlear nucleus,kept_for_review_or_manual_approval,89,204,233,
224,"dorsal cochlear nucleus, deep core",DCochDeeCor,"dorsal cochlear nucleus, deep core",rule_generated_from_paxinos_name,Algorithmic acronym generated from Paxinos raw name; requires manual review before use as curated label.,low,pending_review,DCNDC_224,"dorsal cochlear nucleus, deep core",kept_for_review_or_manual_approval,0,204,255,
225,"dorsal cochlear nucleus, fusiform layer",DCochFus,"dorsal cochlear nucleus, fusiform layer",rule_generated_from_paxinos_name,Algorithmic acronym generated from Paxinos raw name; requires manual review before use as curated label.,low,pending_review,DCNFL_225,"dorsal cochlear nucleus, fusiform layer",kept_for_review_or_manual_approval,0,178,223,
226,"dorsal cochlear nucleus, granular layer",DCochGra,"dorsal cochlear nucleus, granular layer",rule_generated_from_paxinos_name,Algorithmic acronym generated from Paxinos raw name; requires manual review before use as curated label.,low,pending_review,DCNGL_226,"dorsal cochlear nucleus, granular layer",kept_for_review_or_manual_approval,178,239,255,
227,dorsal cortex of the inferior colliculus,DCIC,dorsal cortex of the inferior colliculus,manual_common_neuroanatomy,standard abbreviation,high,pending_review,DCOTIC_227,dorsal cortex of the inferior colliculus,kept_for_review_or_manual_approval,89,116,255,
228,"dorsal cochlear nucleus, molecular layer",DCochMol,"dorsal cochlear nucleus, molecular layer",rule_generated_from_paxinos_name,Algorithmic acronym generated from Paxinos raw name; requires manual review before use as curated label.,low,pending_review,DCNML_228,"dorsal cochlear nucleus, molecular layer",kept_for_review_or_manual_approval,89,220,255,
229,dorsal part of claustrum,DCl,dorsal part of claustrum,manual_common_neuroanatomy,dorsal claustrum,high,pending_review,DPOC_229,dorsal part of claustrum,kept_for_review_or_manual_approval,255,222,0,
230,dorsal endopiriform nucleus,DEn,dorsal endopiriform nucleus,manual_common_neuroanatomy,common abbreviation,high,pending_review,DEN_230,dorsal endopiriform nucleus,kept_for_review_or_manual_approval,224,233,89,
231,dentate gyrus,DG,dentate gyrus,manual_common_neuroanatomy,standard abbreviation,high,pending_review,DG_231,dentate gyrus,kept_for_review_or_manual_approval,221,255,0,
232,dysgranular insular cortex,DI,dysgranular insular cortex,paxinos_cortex_file_exact_id,Exact ID match in Paxinos_Watson_Labels_Cortex.txt: DI,official_local,pending_review,DI,dysgranular insular cortex,kept_for_review_or_manual_approval,196,201,35,
233,dorsal intermediate entorhinal cortex,DIEnt,dorsal intermediate entorhinal cortex,rule_generated_from_paxinos_name,Algorithmic acronym generated from Paxinos raw name; requires manual review before use as curated label.,low,pending_review,DIEC_233,dorsal intermediate entorhinal cortex,kept_for_review_or_manual_approval,210,233,89,
234,dorsolateral entorhinal cortex,DorEnt,dorsolateral entorhinal cortex,rule_generated_from_paxinos_name,Algorithmic acronym generated from Paxinos raw name; requires manual review before use as curated label.,low,pending_review,DEC_234,dorsolateral entorhinal cortex,kept_for_review_or_manual_approval,214,255,0,
235,dorsal lateral geniculate nucleus,DLG,dorsal lateral geniculate nucleus,manual_common_neuroanatomy,common Paxinos-style abbreviation,high,pending_review,DLGN_235,dorsal lateral geniculate nucleus,kept_for_review_or_manual_approval,255,204,71,
236,dorsal nucleus of the lateral lemniscus,DLLem,dorsal nucleus of the lateral lemniscus,rule_generated_from_paxinos_name,Algorithmic acronym generated from Paxinos raw name; requires manual review before use as curated label.,low,pending_review,DNOTLL_236,dorsal nucleus of the lateral lemniscus,kept_for_review_or_manual_approval,96,71,229,
237,dorsolateral orbital cortex,DLO,dorsolateral orbital cortex,paxinos_cortex_file_exact_id,Exact ID match in Paxinos_Watson_Labels_Cortex.txt: DLO,official_local,pending_review,DLO,dorsolateral orbital cortex,kept_for_review_or_manual_approval,217,223,35,
238,dorsolateral periaqueductal gray,DLPAG,dorsolateral periaqueductal gray,manual_common_neuroanatomy,standard subdivision abbreviation,high,pending_review,DPG_238,dorsolateral periaqueductal gray,kept_for_review_or_manual_approval,178,181,255,
240,dorsomedial hypothalamic nucleus,DMH,dorsomedial hypothalamic nucleus,manual_common_neuroanatomy,common abbreviation,high,pending_review,DHN_240,dorsomedial hypothalamic nucleus,kept_for_review_or_manual_approval,255,148,89,
241,"dorsomedial hypothalamic nucleus, compact part",DMHc,"dorsomedial hypothalamic nucleus, compact part",manual_common_neuroanatomy,DMH compact,high,pending_review,DHNCP_241,"dorsomedial hypothalamic nucleus, compact part",kept_for_review_or_manual_approval,255,89,0,
242,"dorsomedial hypothalamic nucleus, dorsal part",DMHd,"dorsomedial hypothalamic nucleus, dorsal part",manual_common_neuroanatomy,DMH dorsal,high,pending_review,DHNDP_242,"dorsomedial hypothalamic nucleus, dorsal part",kept_for_review_or_manual_approval,255,206,178,
244,dorsomedial periaqueductal gray,DMPAG,dorsomedial periaqueductal gray,manual_common_neuroanatomy,standard subdivision abbreviation,high,pending_review,DPG_244,dorsomedial periaqueductal gray,kept_for_review_or_manual_approval,59,64,255,
246,dorsomedial spinal trigeminal nucleus,DorSpi5,dorsomedial spinal trigeminal nucleus,rule_generated_from_paxinos_name,Algorithmic acronym generated from Paxinos raw name; requires manual review before use as curated label.,low,pending_review,DSTN_246,dorsomedial spinal trigeminal nucleus,kept_for_review_or_manual_approval,0,223,208,
248,dorsomedial tegmental area,DorTg,dorsomedial tegmental area,rule_generated_from_paxinos_name,Algorithmic acronym generated from Paxinos raw name; requires manual review before use as curated label.,low,pending_review,DTA_248,dorsomedial tegmental area,kept_for_review_or_manual_approval,0,232,233,
249,"dorsomedial hypothalamic nucleus, ventral part",DMHv,"dorsomedial hypothalamic nucleus, ventral part",manual_common_neuroanatomy,DMH ventral,high,pending_review,DHNVP_249,"dorsomedial hypothalamic nucleus, ventral part",kept_for_review_or_manual_approval,255,105,0,
250,dorsal peduncular cortex,DPed,dorsal peduncular cortex,rule_generated_from_paxinos_name,Algorithmic acronym generated from Paxinos raw name; requires manual review before use as curated label.,low,pending_review,DPC_250,dorsal peduncular cortex,kept_for_review_or_manual_approval,246,255,0,
251,dorsal paragigantocellular nucleus,DPar,dorsal paragigantocellular nucleus,rule_generated_from_paxinos_name,Algorithmic acronym generated from Paxinos raw name; requires manual review before use as curated label.,low,pending_review,DPN_251,dorsal paragigantocellular nucleus,kept_for_review_or_manual_approval,76,210,255,
252,dorsal periolivary region,DPer,dorsal periolivary region,rule_generated_from_paxinos_name,Algorithmic acronym generated from Paxinos raw name; requires manual review before use as curated label.,low,pending_review,DPR_252,dorsal periolivary region,kept_for_review_or_manual_approval,153,205,223,
253,dorsal peduncular pontine nucleus,DPedPon,dorsal peduncular pontine nucleus,rule_generated_from_paxinos_name,Algorithmic acronym generated from Paxinos raw name; requires manual review before use as curated label.,low,pending_review,DPPN_253,dorsal peduncular pontine nucleus,kept_for_review_or_manual_approval,59,255,200,
254,dorsal raphe nucleus,DR,dorsal raphe nucleus,manual_common_neuroanatomy,standard abbreviation,high,pending_review,DRN_254,dorsal raphe nucleus,kept_for_review_or_manual_approval,0,255,204,
256,"dorsal raphe nucleus, caudal part",DRC,"dorsal raphe nucleus, caudal part",manual_common_neuroanatomy,DR caudal,high,pending_review,DRNCP_256,"dorsal raphe nucleus, caudal part",kept_for_review_or_manual_approval,178,255,239,
257,"dorsal raphe nucleus, dorsal part",DRD,"dorsal raphe nucleus, dorsal part",manual_common_neuroanatomy,DR dorsal,high,pending_review,DRNDP_257,"dorsal raphe nucleus, dorsal part",kept_for_review_or_manual_approval,89,233,204,
258,"dorsal raphe, interfascicular part",DRI,"dorsal raphe, interfascicular part",manual_common_neuroanatomy,DR interfascicular,high,pending_review,DRIP_258,"dorsal raphe, interfascicular part",kept_for_review_or_manual_approval,0,233,186,
259,"dorsal raphe nucleus, lateral part",DRL,"dorsal raphe nucleus, lateral part",manual_common_neuroanatomy,DR lateral,high,pending_review,DRNLP_259,"dorsal raphe nucleus, lateral part",kept_for_review_or_manual_approval,89,255,222,
260,"dorsal raphe nucleus, ventral part",DRV,"dorsal raphe nucleus, ventral part",manual_common_neuroanatomy,DR ventral,high,pending_review,DRNVP_260,"dorsal raphe nucleus, ventral part",kept_for_review_or_manual_approval,0,255,206,
261,dorsal subiculum,DS,dorsal subiculum,manual_common_neuroanatomy,dorsal subiculum,high,pending_review,DS_261,dorsal subiculum,kept_for_review_or_manual_approval,211,255,0,
262,dorsal terminal nucleus of the accessory optic tract,DTerAccOpt,dorsal terminal nucleus of the accessory optic tract,rule_generated_from_paxinos_name,Algorithmic acronym generated from Paxinos raw name; requires manual review before use as curated label.,low,pending_review,DTNOTA_262,dorsal terminal nucleus of the accessory optic tract,kept_for_review_or_manual_approval,89,35,225,
263,dorsal tuberomammillary nucleus,TMd,dorsal tuberomammillary nucleus,manual_common_neuroanatomy,tuberomammillary dorsal,high,pending_review,DTN_263,dorsal tuberomammillary nucleus,kept_for_review_or_manual_approval,255,215,178,
264,dorsal tenia tecta,DTenTec,dorsal tenia tecta,rule_generated_from_paxinos_name,Algorithmic acronym generated from Paxinos raw name; requires manual review before use as curated label.,low,pending_review,DTT_264,dorsal tenia tecta,kept_for_review_or_manual_approval,235,255,178,
269,dorsal tegmental nucleus,DTg,dorsal tegmental nucleus,rule_generated_from_paxinos_name,Algorithmic acronym generated from Paxinos raw name; requires manual review before use as curated label.,low,pending_review,DTN_269,dorsal tegmental nucleus,kept_for_review_or_manual_approval,44,216,108,
270,"dorsal tegmental nucleus, central part",DTgC,"dorsal tegmental nucleus, central part",rule_generated_from_paxinos_name,Algorithmic acronym generated from Paxinos raw name; requires manual review before use as curated label.,low,pending_review,DTNCP_270,"dorsal tegmental nucleus, central part",kept_for_review_or_manual_approval,178,255,206,
271,"dorsal tegmental nucleus, pericentral part",DTgPer,"dorsal tegmental nucleus, pericentral part",rule_generated_from_paxinos_name,Algorithmic acronym generated from Paxinos raw name; requires manual review before use as curated label.,low,pending_review,DTNPP_271,"dorsal tegmental nucleus, pericentral part",kept_for_review_or_manual_approval,0,255,96,
272,dorsal transition zone,DTra,dorsal transition zone,rule_generated_from_paxinos_name,Algorithmic acronym generated from Paxinos raw name; requires manual review before use as curated label.,low,pending_review,DTZ_272,dorsal transition zone,kept_for_review_or_manual_approval,132,107,195,
273,Diencephalon,DIEN,Diencephalon,manual_common_neuroanatomy,broad diencephalon abbreviation,high,pending_review,D_273,Diencephalon,kept_for_review_or_manual_approval,255,126,0,
274,nucleus of Darkschewitsch,Dar,nucleus of Darkschewitsch,rule_generated_from_paxinos_name,Algorithmic acronym generated from Paxinos raw name; requires manual review before use as curated label.,low,pending_review,NOD_274,nucleus of Darkschewitsch,kept_for_review_or_manual_approval,0,4,233,
275,deep gray layer of the superior colliculus,DeeGraSCol,deep gray layer of the superior colliculus,rule_generated_from_paxinos_name,Algorithmic acronym generated from Paxinos raw name; requires manual review before use as curated label.,low,pending_review,DGLOTS_275,deep gray layer of the superior colliculus,kept_for_review_or_manual_approval,63,59,233,
277,deep white layer of the superior colliculus,DeeWhiSCol,deep white layer of the superior colliculus,rule_generated_from_paxinos_name,Algorithmic acronym generated from Paxinos raw name; requires manual review before use as curated label.,low,pending_review,DWLOTS_277,deep white layer of the superior colliculus,kept_for_review_or_manual_approval,7,0,255,
278,ependyma and subependymal layer,EpeSub,ependyma and subependymal layer,rule_generated_from_paxinos_name,Algorithmic acronym generated from Paxinos raw name; requires manual review before use as curated label.,low,pending_review,EASL_278,ependyma and subependymal layer,kept_for_review_or_manual_approval,255,0,69,
279,ependymal and subendymal layer/olfactory ventricle,EpeSubOVen,ependymal and subendymal layer/olfactory ventricle,rule_generated_from_paxinos_name,Algorithmic acronym generated from Paxinos raw name; requires manual review before use as curated label.,low,pending_review,EASLOV_279,ependymal and subendymal layer/olfactory ventricle,kept_for_review_or_manual_approval,255,178,208,
280,ectotrigeminal nucleus,Ect,ectotrigeminal nucleus,rule_generated_from_paxinos_name,Algorithmic acronym generated from Paxinos raw name; requires manual review before use as curated label.,low,pending_review,EN_280,ectotrigeminal nucleus,kept_for_review_or_manual_approval,75,11,233,
281,sublenticular extended amygdala,SLEA,sublenticular extended amygdala,manual_common_neuroanatomy,descriptive standard abbreviation,high,pending_review,SEA_281,sublenticular extended amygdala,kept_for_review_or_manual_approval,233,148,118,
282,"sublenticular extended amygdala, central part",SLEAc,"sublenticular extended amygdala, central part",manual_common_neuroanatomy,SLEA + central,high,pending_review,SEACP_282,"sublenticular extended amygdala, central part",kept_for_review_or_manual_approval,255,197,178,
283,"sublenticular extended amygdala, medial part",SLEAm,"sublenticular extended amygdala, medial part",manual_common_neuroanatomy,SLEA + medial,high,pending_review,SEAMP_283,"sublenticular extended amygdala, medial part",kept_for_review_or_manual_approval,255,65,0,
284,external cortex of the inferior colliculus,ECIC,external cortex of the inferior colliculus,manual_common_neuroanatomy,standard abbreviation,high,pending_review,ECOTIC_284,external cortex of the inferior colliculus,kept_for_review_or_manual_approval,0,53,255,
289,external cuneate nucleus,ECun,external cuneate nucleus,rule_generated_from_paxinos_name,Algorithmic acronym generated from Paxinos raw name; requires manual review before use as curated label.,low,pending_review,ECN_289,external cuneate nucleus,kept_for_review_or_manual_approval,178,255,204,
290,epifascicular nucleus,Epi,epifascicular nucleus,rule_generated_from_paxinos_name,Algorithmic acronym generated from Paxinos raw name; requires manual review before use as curated label.,low,pending_review,EN_290,epifascicular nucleus,kept_for_review_or_manual_approval,95,35,242,
291,epilemniscal nucleus,Epi_291,epilemniscal nucleus,rule_generated_from_paxinos_name,Algorithmic acronym generated from Paxinos raw name; requires manual review before use as curated label.,low,pending_review,EN_291,epilemniscal nucleus,kept_for_review_or_manual_approval,69,35,242,Acronym Epi duplicated with label_id 290; suffixed with label_id for uniqueness.
293,entopeduncular nucleus,EP,entopeduncular nucleus,manual_common_neuroanatomy,standard abbreviation,high,pending_review,EN_293,entopeduncular nucleus,kept_for_review_or_manual_approval,125,83,229,
294,external plexiform layer of the olfactory bulb,EPl,external plexiform layer of the olfactory bulb,manual_common_neuroanatomy,external plexiform layer,high,pending_review,EPLOTO_294,external plexiform layer of the olfactory bulb,kept_for_review_or_manual_approval,216,255,89,
295,external plexiform layer of the accessory olfactory bulb,AOBEPl,external plexiform layer of the accessory olfactory bulb,manual_common_neuroanatomy,AOB external plexiform layer,high,pending_review,EPLOTA_295,external plexiform layer of the accessory olfactory bulb,kept_for_review_or_manual_approval,198,255,0,
296,epirubrospinal nucleus,Epi_296,epirubrospinal nucleus,rule_generated_from_paxinos_name,Algorithmic acronym generated from Paxinos raw name; requires manual review before use as curated label.,low,pending_review,EN_296,epirubrospinal nucleus,kept_for_review_or_manual_approval,51,168,207,Acronym Epi duplicated with label_id 290; suffixed with label_id for uniqueness.
297,episupraoptic nucleus,Epi_297,episupraoptic nucleus,rule_generated_from_paxinos_name,Algorithmic acronym generated from Paxinos raw name; requires manual review before use as curated label.,low,pending_review,EN_297,episupraoptic nucleus,kept_for_review_or_manual_approval,82,23,225,Acronym Epi duplicated with label_id 290; suffixed with label_id for uniqueness.
298,nucleus of origin of efferents of the vestibular nerve,OriEffVe,nucleus of origin of efferents of the vestibular nerve,rule_generated_from_paxinos_name,Algorithmic acronym generated from Paxinos raw name; requires manual review before use as curated label.,low,pending_review,NOOOEO_298,nucleus of origin of efferents of the vestibular nerve,kept_for_review_or_manual_approval,51,161,199,
299,Edinger-Westphal nucleus,EdiWes,Edinger-Westphal nucleus,rule_generated_from_paxinos_name,Algorithmic acronym generated from Paxinos raw name; requires manual review before use as curated label.,low,pending_review,EWN_299,Edinger-Westphal nucleus,kept_for_review_or_manual_approval,131,107,255,
300,ectorhinal cortex,Ect_300,ectorhinal cortex,paxinos_cortex_file_exact_id,Exact ID match in Paxinos_Watson_Labels_Cortex.txt: Ect Duplicate resolution applied; review before automatic use.,medium,pending_review,Ect,ectorhinal cortex,kept_for_review_or_manual_approval,249,255,71,Acronym Ect duplicated with label_id 280; suffixed with label_id for uniqueness.
301,entorhinal cortex,Ent,entorhinal cortex,rule_generated_from_paxinos_name,Algorithmic acronym generated from Paxinos raw name; requires manual review before use as curated label.,low,pending_review,EC_301,entorhinal cortex,kept_for_review_or_manual_approval,242,255,178,
302,epipeduncular nucleus,Epi_302,epipeduncular nucleus,rule_generated_from_paxinos_name,Algorithmic acronym generated from Paxinos raw name; requires manual review before use as curated label.,low,pending_review,EN_302,epipeduncular nucleus,kept_for_review_or_manual_approval,106,59,220,Acronym Epi duplicated with label_id 290; suffixed with label_id for uniqueness.
304,ethmoid thalamic nucleus,EthT,ethmoid thalamic nucleus,rule_generated_from_paxinos_name,Algorithmic acronym generated from Paxinos raw name; requires manual review before use as curated label.,low,pending_review,ETN_304,ethmoid thalamic nucleus,kept_for_review_or_manual_approval,233,179,35,
305,nucleus of the fields of Forel,FieFor,nucleus of the fields of Forel,rule_generated_from_paxinos_name,Algorithmic acronym generated from Paxinos raw name; requires manual review before use as curated label.,low,pending_review,NOTFOF_305,nucleus of the fields of Forel,kept_for_review_or_manual_approval,233,162,89,
307,fasciola cinereum,FC,fasciola cinereum,manual_common_neuroanatomy,standard abbreviation,high,pending_review,FC_307,fasciola cinereum,kept_for_review_or_manual_approval,218,255,0,
309,F cell group of the vestibular complex,FVe,F cell group of the vestibular complex,rule_generated_from_paxinos_name,Algorithmic acronym generated from Paxinos raw name; requires manual review before use as curated label.,low,pending_review,FCGOTV_309,F cell group of the vestibular complex,kept_for_review_or_manual_approval,76,180,215,
310,flocculus,Flo,flocculus,rule_generated_from_paxinos_name,Algorithmic acronym generated from Paxinos raw name; requires manual review before use as curated label.,low,pending_review,F_310,flocculus,kept_for_review_or_manual_approval,71,212,112,
311,"frontal cortex, area 3",Fr3,"frontal cortex, area 3",paxinos_cortex_file_exact_id,Exact ID match in Paxinos_Watson_Labels_Cortex.txt: Fr3,official_local,pending_review,Fr3,"frontal cortex, area 3",kept_for_review_or_manual_approval,229,233,107,
312,frontal assocn cortex,FrA,frontal association cortex,paxinos_cortex_file_exact_id,Exact ID match in Paxinos_Watson_Labels_Cortex.txt: FrA,official_local,pending_review,FrA,frontal assocn cortex,kept_for_review_or_manual_approval,123,71,250,
313,"bed nucleus of stria terminalis, fusiform part",BSTFU,"bed nucleus of stria terminalis, fusiform part",manual_common_neuroanatomy,common derived abbreviation: BST fusiform part,high,pending_review,BNOSTF_313,"bed nucleus of stria terminalis, fusiform part",kept_for_review_or_manual_approval,73,11,220,
314,granular insular cortex,GI,granular insular cortex,paxinos_cortex_file_exact_id,Exact ID match in Paxinos_Watson_Labels_Cortex.txt: GI,official_local,pending_review,GI,granular insular cortex,kept_for_review_or_manual_approval,195,201,0,
315,globus pallidus,GP,globus pallidus,manual_common_neuroanatomy,standard abbreviation,high,pending_review,GP_315,globus pallidus,kept_for_review_or_manual_approval,255,248,178,
316,gemini hypothalamic nucleus,Gem,gemini hypothalamic nucleus,manual_common_neuroanatomy,common abbreviation,high,pending_review,GHN_316,gemini hypothalamic nucleus,kept_for_review_or_manual_approval,59,0,203,
317,gigantocellular reticular nucleus,GigR,gigantocellular reticular nucleus,rule_generated_from_paxinos_name,Algorithmic acronym generated from Paxinos raw name; requires manual review before use as curated label.,low,pending_review,GRN_317,gigantocellular reticular nucleus,kept_for_review_or_manual_approval,89,203,136,
318,"gigantocellular reticular nucleus, alpha part",GigRAlp,"gigantocellular reticular nucleus, alpha part",rule_generated_from_paxinos_name,Algorithmic acronym generated from Paxinos raw name; requires manual review before use as curated label.,low,pending_review,GRNAP_318,"gigantocellular reticular nucleus, alpha part",kept_for_review_or_manual_approval,178,255,209,
319,"gigantocellular reticular nucleus, ventral part",GigRV,"gigantocellular reticular nucleus, ventral part",rule_generated_from_paxinos_name,Algorithmic acronym generated from Paxinos raw name; requires manual review before use as curated label.,low,pending_review,GRNVP_319,"gigantocellular reticular nucleus, ventral part",kept_for_review_or_manual_approval,0,255,107,
320,glomerular layer of the olfactory bulb,Gl,glomerular layer of the olfactory bulb,manual_common_neuroanatomy,glomerular layer,high,pending_review,GLOTOB_320,glomerular layer of the olfactory bulb,kept_for_review_or_manual_approval,199,233,89,
321,glomerular layer of the accessory olfactory bulb,AOBGl,glomerular layer of the accessory olfactory bulb,manual_common_neuroanatomy,AOB glomerular layer,high,pending_review,GLOTAO_321,glomerular layer of the accessory olfactory bulb,kept_for_review_or_manual_approval,217,255,89,
322,gracile nucleus,Gr,gracile nucleus,manual_common_neuroanatomy,standard abbreviation,high,pending_review,GN_322,gracile nucleus,kept_for_review_or_manual_approval,44,223,132,
323,granule cell layer of the accessory olfactory bulb,AOBGr,granule cell layer of the accessory olfactory bulb,manual_common_neuroanatomy,AOB granule cell layer,high,pending_review,GCLOTA_323,granule cell layer of the accessory olfactory bulb,kept_for_review_or_manual_approval,172,223,0,
324,granule cell layer of cochlear nuclei,GraCoch,granule cell layer of cochlear nuclei,rule_generated_from_paxinos_name,Algorithmic acronym generated from Paxinos raw name; requires manual review before use as curated label.,low,pending_review,GCLOCN_324,granule cell layer of cochlear nuclei,kept_for_review_or_manual_approval,72,0,246,
325,granule cell layer of the cerebellum,GraCb,granule cell layer of the cerebellum,rule_generated_from_paxinos_name,Algorithmic acronym generated from Paxinos raw name; requires manual review before use as curated label.,low,pending_review,GCLOTC_325,granule cell layer of the cerebellum,kept_for_review_or_manual_approval,115,83,191,
326,granular layer of the dentate gyrus,GCL,granular layer of the dentate gyrus,manual_common_neuroanatomy,granule cell layer,high,pending_review,GLOTDG_326,granular layer of the dentate gyrus,kept_for_review_or_manual_approval,222,255,0,
327,granular cell layer of the olfactory bulb,GrO,granular cell layer of the olfactory bulb,manual_common_neuroanatomy,granular cell layer olfactory bulb,high,pending_review,GCLOTO_327,granular cell layer of the olfactory bulb,kept_for_review_or_manual_approval,236,255,178,
328,hindbrain,HB,hindbrain,manual_common_neuroanatomy,broad division abbreviation,high,pending_review,H_328,hindbrain,kept_for_review_or_manual_approval,118,255,212,
329,nucleus of the horizontal limb of the diagonal band,HDB,nucleus of the horizontal limb of the diagonal band,manual_common_neuroanatomy,common abbreviation for horizontal diagonal band,high,pending_review,NOTHLO_329,nucleus of the horizontal limb of the diagonal band,kept_for_review_or_manual_approval,131,233,0,
330,hippocampus,HP,hippocampus,manual_common_neuroanatomy,common broad abbreviation,high,pending_review,H_330,hippocampus,kept_for_review_or_manual_approval,244,255,178,
331,hippocampal formation,HPF,hippocampal formation,manual_common_neuroanatomy,common abbreviation,high,pending_review,HF_331,hippocampal formation,kept_for_review_or_manual_approval,233,255,118,
332,hypothalamus,HY,hypothalamus,manual_common_neuroanatomy,Allen-style broad hypothalamus abbreviation,high,pending_review,H_332,hypothalamus,kept_for_review_or_manual_approval,255,110,0,
333,intercalated nuclei of the amygdala,I,intercalated nuclei of the amygdala,manual_common_neuroanatomy,common Paxinos-style abbreviation for intercalated amygdala nuclei,high,pending_review,INOTA_333,intercalated nuclei of the amygdala,kept_for_review_or_manual_approval,255,198,178,
335,interstitial nucleus of the vestibulocochlear nerve,IntVes,interstitial nucleus of the vestibulocochlear nerve,rule_generated_from_paxinos_name,Algorithmic acronym generated from Paxinos raw name; requires manual review before use as curated label.,low,pending_review,INOTVN_335,interstitial nucleus of the vestibulocochlear nerve,kept_for_review_or_manual_approval,63,0,216,
336,interanterodorsal thalamic nucleus,IAD,interanterodorsal thalamic nucleus,manual_common_neuroanatomy,standard abbreviation,high,pending_review,ITN_336,interanterodorsal thalamic nucleus,kept_for_review_or_manual_approval,212,154,0,
337,interanteromedial thalamic nucleus,IAM,interanteromedial thalamic nucleus,manual_common_neuroanatomy,standard abbreviation,high,pending_review,ITN_337,interanteromedial thalamic nucleus,kept_for_review_or_manual_approval,223,172,35,
338,interstitial nucleus of the medulla,IntMed,interstitial nucleus of the medulla,rule_generated_from_paxinos_name,Algorithmic acronym generated from Paxinos raw name; requires manual review before use as curated label.,low,pending_review,INOTM_338,interstitial nucleus of the medulla,kept_for_review_or_manual_approval,100,47,225,
339,inferior colliculus,IC,inferior colliculus,manual_common_neuroanatomy,standard abbreviation,high,pending_review,IC_339,inferior colliculus,kept_for_review_or_manual_approval,0,48,255,
340,islands of Calleja,IslCal,islands of Calleja,rule_generated_from_paxinos_name,Algorithmic acronym generated from Paxinos raw name; requires manual review before use as curated label.,low,pending_review,IOC_340,islands of Calleja,kept_for_review_or_manual_approval,233,219,0,
341,"islands of Calleja, major island",IslCalMajIsl,"islands of Calleja, major island",rule_generated_from_paxinos_name,Algorithmic acronym generated from Paxinos raw name; requires manual review before use as curated label.,low,pending_review,IOCMI_341,"islands of Calleja, major island",kept_for_review_or_manual_approval,255,244,89,
342,intradecussational nucleus of the superior cerebellar peduncle,IntSCbPed,intradecussational nucleus of the superior cerebellar peduncle,rule_generated_from_paxinos_name,Algorithmic acronym generated from Paxinos raw name; requires manual review before use as curated label.,low,pending_review,INOTSC_342,intradecussational nucleus of the superior cerebellar peduncle,kept_for_review_or_manual_approval,132,83,250,
343,intermediate endopiriform nucleus,IEn,intermediate endopiriform nucleus,manual_common_neuroanatomy,common abbreviation,high,pending_review,IEN_343,intermediate endopiriform nucleus,kept_for_review_or_manual_approval,95,35,237,
344,interfascicular nucleus,Int,interfascicular nucleus,rule_generated_from_paxinos_name,Algorithmic acronym generated from Paxinos raw name; requires manual review before use as curated label.,low,pending_review,IN_344,interfascicular nucleus,kept_for_review_or_manual_approval,151,107,255,
345,indusium griseum,IG,indusium griseum,manual_common_neuroanatomy,standard abbreviation,high,pending_review,IG_345,indusium griseum,kept_for_review_or_manual_approval,178,255,0,
346,intergeniculate leaf,IGL,intergeniculate leaf,manual_common_neuroanatomy,standard abbreviation,high,pending_review,IL_346,intergeniculate leaf,kept_for_review_or_manual_approval,223,181,71,
347,intermediate interstitial nucleus of the medial longitudinal fasciculus,IIntMLonFas,intermediate interstitial nucleus of the medial longitudinal fasciculus,rule_generated_from_paxinos_name,Algorithmic acronym generated from Paxinos raw name; requires manual review before use as curated label.,low,pending_review,IINOTM_347,intermediate interstitial nucleus of the medial longitudinal fasciculus,kept_for_review_or_manual_approval,128,95,208,
348,infralimbic cortex,IL,infralimbic cortex,paxinos_cortex_file_exact_id,Exact ID match in Paxinos_Watson_Labels_Cortex.txt: IL,official_local,pending_review,IL,infralimbic cortex,kept_for_review_or_manual_approval,247,255,35,
349,intermediate nucleus of the lateral lemniscus,ILLem,intermediate nucleus of the lateral lemniscus,rule_generated_from_paxinos_name,Algorithmic acronym generated from Paxinos raw name; requires manual review before use as curated label.,low,pending_review,INOTLL_349,intermediate nucleus of the lateral lemniscus,kept_for_review_or_manual_approval,93,23,255,
350,"intercalated amygdaloid nucleus, main part",I_350,"intercalated amygdaloid nucleus, main part",manual_common_neuroanatomy,common Paxinos-style abbreviation for intercalated amygdala nucleus,high,pending_review,IANMP_350,"intercalated amygdaloid nucleus, main part",kept_for_review_or_manual_approval,255,67,0,Acronym I duplicated with label_id 333; suffixed with label_id for uniqueness.
351,intramedullary thalamic area,IMD,intramedullary thalamic area,manual_common_neuroanatomy,standard-derived abbreviation,high,pending_review,ITA_351,intramedullary thalamic area,kept_for_review_or_manual_approval,223,201,142,
352,intermediodorsal thalamic nucleus,IMD_352,intermediodorsal thalamic nucleus,manual_common_neuroanatomy,"standard thalamic abbreviation, review duplicate",high,pending_review,ITN_352,intermediodorsal thalamic nucleus,kept_for_review_or_manual_approval,212,193,142,Acronym IMD duplicated with label_id 351; suffixed with label_id for uniqueness.
353,amygdaloid intramedullary gray,AIntGra,amygdaloid intramedullary gray,rule_generated_from_paxinos_name,Algorithmic acronym generated from Paxinos raw name; requires manual review before use as curated label.,low,pending_review,AIG_353,amygdaloid intramedullary gray,kept_for_review_or_manual_approval,141,107,220,
354,inferior olivary nucleus,IO,inferior olivary nucleus,manual_common_neuroanatomy,standard abbreviation,high,pending_review,ION_354,inferior olivary nucleus,kept_for_review_or_manual_approval,178,255,228,
355,"inferior olive, subnucleus A of medial nucleus",IOliAM,"inferior olive, subnucleus A of medial nucleus",rule_generated_from_paxinos_name,Algorithmic acronym generated from Paxinos raw name; requires manual review before use as curated label.,low,pending_review,IOSAOM_355,"inferior olive, subnucleus A of medial nucleus",kept_for_review_or_manual_approval,89,255,194,
356,"inferior olive, subnucleus B of medial nucleus",IOliBM,"inferior olive, subnucleus B of medial nucleus",rule_generated_from_paxinos_name,Algorithmic acronym generated from Paxinos raw name; requires manual review before use as curated label.,low,pending_review,IOSBOM_356,"inferior olive, subnucleus B of medial nucleus",kept_for_review_or_manual_approval,178,255,227,
357,"inferior olive, beta subnucleus",IOliBet,"inferior olive, beta subnucleus",rule_generated_from_paxinos_name,Algorithmic acronym generated from Paxinos raw name; requires manual review before use as curated label.,low,pending_review,IOBS_357,"inferior olive, beta subnucleus",kept_for_review_or_manual_approval,89,233,181,
358,"inferior olive, subnucleus C of medial nucleus",IOliCM,"inferior olive, subnucleus C of medial nucleus",rule_generated_from_paxinos_name,Algorithmic acronym generated from Paxinos raw name; requires manual review before use as curated label.,low,pending_review,IOSCOM_358,"inferior olive, subnucleus C of medial nucleus",kept_for_review_or_manual_approval,0,255,164,
359,"inferior olive, dorsal nucleus",IOliD,"inferior olive, dorsal nucleus",rule_generated_from_paxinos_name,Algorithmic acronym generated from Paxinos raw name; requires manual review before use as curated label.,low,pending_review,IODN_359,"inferior olive, dorsal nucleus",kept_for_review_or_manual_approval,178,255,229,
360,"inferior olive, dorsomedial cell group",IOliDor,"inferior olive, dorsomedial cell group",rule_generated_from_paxinos_name,Algorithmic acronym generated from Paxinos raw name; requires manual review before use as curated label.,low,pending_review,IODCG_360,"inferior olive, dorsomedial cell group",kept_for_review_or_manual_approval,178,255,228,
362,"inferior olive, cap of Kooy of the medial nucleus",IOliCapKooM,"inferior olive, cap of Kooy of the medial nucleus",rule_generated_from_paxinos_name,Algorithmic acronym generated from Paxinos raw name; requires manual review before use as curated label.,low,pending_review,IOCOKO_362,"inferior olive, cap of Kooy of the medial nucleus",kept_for_review_or_manual_approval,0,233,150,
363,"inferior olive, medial nucleus",IOliM,"inferior olive, medial nucleus",rule_generated_from_paxinos_name,Algorithmic acronym generated from Paxinos raw name; requires manual review before use as curated label.,low,pending_review,IOMN_363,"inferior olive, medial nucleus",kept_for_review_or_manual_approval,0,255,163,
364,"inferior olive, principal nucleus",IOPr,"inferior olive, principal nucleus",manual_common_neuroanatomy,inferior olive principal nucleus,high,pending_review,IOPN_364,"inferior olive, principal nucleus",kept_for_review_or_manual_approval,178,255,228,
365,"inferior olive, ventrolateral protrusion",IOliVenPro,"inferior olive, ventrolateral protrusion",rule_generated_from_paxinos_name,Algorithmic acronym generated from Paxinos raw name; requires manual review before use as curated label.,low,pending_review,IOVP_365,"inferior olive, ventrolateral protrusion",kept_for_review_or_manual_approval,0,255,170,
366,interpeduncular nucleus,IP,interpeduncular nucleus,rule_generated_from_paxinos_name,Algorithmic acronym generated from Paxinos raw name; requires manual review before use as curated label.,low,pending_review,IN_366,interpeduncular nucleus,kept_for_review_or_manual_approval,59,78,212,
367,"interpeduncular nucleus, apical subnucleus",IPApi,"interpeduncular nucleus, apical subnucleus",rule_generated_from_paxinos_name,Algorithmic acronym generated from Paxinos raw name; requires manual review before use as curated label.,low,pending_review,INAS_367,"interpeduncular nucleus, apical subnucleus",kept_for_review_or_manual_approval,89,110,233,
368,interstitial nucleus of the posterior limb of the anterior commissure,IntPLimACom,interstitial nucleus of the posterior limb of the anterior commissure,rule_generated_from_paxinos_name,Algorithmic acronym generated from Paxinos raw name; requires manual review before use as curated label.,low,pending_review,INOTPL_368,interstitial nucleus of the posterior limb of the anterior commissure,kept_for_review_or_manual_approval,255,227,0,
369,"interstitial nucleus of the posterior limb of the anterior commissure, lateral part",IntPLimACom_369,"interstitial nucleus of the posterior limb of the anterior commissure, lateral part",rule_generated_from_paxinos_name,Algorithmic acronym generated from Paxinos raw name; requires manual review before use as curated label.,low,pending_review,INOTPL_369,"interstitial nucleus of the posterior limb of the anterior commissure, lateral part",kept_for_review_or_manual_approval,255,226,0,Acronym IntPLimACom duplicated with label_id 368; suffixed with label_id for uniqueness.
370,"interstitial nucleus of the posterior limb of the anterior commissure, medial part",IntPLimACom_370,"interstitial nucleus of the posterior limb of the anterior commissure, medial part",rule_generated_from_paxinos_name,Algorithmic acronym generated from Paxinos raw name; requires manual review before use as curated label.,low,pending_review,INOTPL_370,"interstitial nucleus of the posterior limb of the anterior commissure, medial part",kept_for_review_or_manual_approval,255,246,178,Acronym IntPLimACom duplicated with label_id 368; suffixed with label_id for uniqueness.
371,"interpeduncular nucleus, caudal subnucleus",IPC,"interpeduncular nucleus, caudal subnucleus",rule_generated_from_paxinos_name,Algorithmic acronym generated from Paxinos raw name; requires manual review before use as curated label.,low,pending_review,INCS_371,"interpeduncular nucleus, caudal subnucleus",kept_for_review_or_manual_approval,0,32,233,
372,"interpeduncular nucleus, dorsolateral subnucleus",IPDor,"interpeduncular nucleus, dorsolateral subnucleus",rule_generated_from_paxinos_name,Algorithmic acronym generated from Paxinos raw name; requires manual review before use as curated label.,low,pending_review,INDS_372,"interpeduncular nucleus, dorsolateral subnucleus",kept_for_review_or_manual_approval,118,71,229,
373,"interpeduncular nucleus, dorsomedial subnucleus",IPDor_373,"interpeduncular nucleus, dorsomedial subnucleus",rule_generated_from_paxinos_name,Algorithmic acronym generated from Paxinos raw name; requires manual review before use as curated label.,low,pending_review,INDS_373,"interpeduncular nucleus, dorsomedial subnucleus",kept_for_review_or_manual_approval,0,27,212,Acronym IPDor duplicated with label_id 372; suffixed with label_id for uniqueness.
374,interpeduncular fossa,IPFos,interpeduncular fossa,rule_generated_from_paxinos_name,Algorithmic acronym generated from Paxinos raw name; requires manual review before use as curated label.,low,pending_review,IF_374,interpeduncular fossa,kept_for_review_or_manual_approval,99,59,191,
375,"interpeduncular nucleus, intermediate subnucleus",IPI,"interpeduncular nucleus, intermediate subnucleus",rule_generated_from_paxinos_name,Algorithmic acronym generated from Paxinos raw name; requires manual review before use as curated label.,low,pending_review,INIS_375,"interpeduncular nucleus, intermediate subnucleus",kept_for_review_or_manual_approval,89,109,255,
376,"interpeduncular nucleus, lateral subnucleus",IPL,"interpeduncular nucleus, lateral subnucleus",rule_generated_from_paxinos_name,Algorithmic acronym generated from Paxinos raw name; requires manual review before use as curated label.,low,pending_review,INLS_376,"interpeduncular nucleus, lateral subnucleus",kept_for_review_or_manual_approval,0,29,255,
377,"interpeduncular nucleus, rostral subnucleus",IPR,"interpeduncular nucleus, rostral subnucleus",rule_generated_from_paxinos_name,Algorithmic acronym generated from Paxinos raw name; requires manual review before use as curated label.,low,pending_review,INRS_377,"interpeduncular nucleus, rostral subnucleus",kept_for_review_or_manual_approval,178,186,255,
378,internal plexiform layer of the olfactory bulb,IPleOBul,internal plexiform layer of the olfactory bulb,rule_generated_from_paxinos_name,Algorithmic acronym generated from Paxinos raw name; requires manual review before use as curated label.,low,pending_review,IPLOTO_378,internal plexiform layer of the olfactory bulb,kept_for_review_or_manual_approval,177,233,0,
379,intermediate reticular nucleus,IR,intermediate reticular nucleus,rule_generated_from_paxinos_name,Algorithmic acronym generated from Paxinos raw name; requires manual review before use as curated label.,low,pending_review,IRN_379,intermediate reticular nucleus,kept_for_review_or_manual_approval,85,35,199,
380,"intermediate reticular nucleus, alpha part",IRAlp,"intermediate reticular nucleus, alpha part",rule_generated_from_paxinos_name,Algorithmic acronym generated from Paxinos raw name; requires manual review before use as curated label.,low,pending_review,IRNAP_380,"intermediate reticular nucleus, alpha part",kept_for_review_or_manual_approval,176,142,255,
381,inferior salivatory nucleus,ISal,inferior salivatory nucleus,rule_generated_from_paxinos_name,Algorithmic acronym generated from Paxinos raw name; requires manual review before use as curated label.,low,pending_review,ISN_381,inferior salivatory nucleus,kept_for_review_or_manual_approval,162,142,208,
383,intercalated nucleus of the medulla,IntMed_383,intercalated nucleus of the medulla,rule_generated_from_paxinos_name,Algorithmic acronym generated from Paxinos raw name; requires manual review before use as curated label.,low,pending_review,INOTM_383,intercalated nucleus of the medulla,kept_for_review_or_manual_approval,102,198,231,Acronym IntMed duplicated with label_id 338; suffixed with label_id for uniqueness.
384,interstitial nucleus of Cajal,IntCaj,interstitial nucleus of Cajal,rule_generated_from_paxinos_name,Algorithmic acronym generated from Paxinos raw name; requires manual review before use as curated label.,low,pending_review,INOC_384,interstitial nucleus of Cajal,kept_for_review_or_manual_approval,178,183,255,
386,interstitial nucleus of Cajal. shell region,IntCajShe,interstitial nucleus of Cajal. shell region,rule_generated_from_paxinos_name,Algorithmic acronym generated from Paxinos raw name; requires manual review before use as curated label.,low,pending_review,INOCSR_386,interstitial nucleus of Cajal. shell region,kept_for_review_or_manual_approval,0,17,255,
388,intermediate gray layer of the superior colliculus,IGraSCol,intermediate gray layer of the superior colliculus,rule_generated_from_paxinos_name,Algorithmic acronym generated from Paxinos raw name; requires manual review before use as curated label.,low,pending_review,IGLOTS_388,intermediate gray layer of the superior colliculus,kept_for_review_or_manual_approval,181,178,255,
389,intermedius nucleus of the medulla,IntMed_389,intermedius nucleus of the medulla,rule_generated_from_paxinos_name,Algorithmic acronym generated from Paxinos raw name; requires manual review before use as curated label.,low,pending_review,INOTM_389,intermedius nucleus of the medulla,kept_for_review_or_manual_approval,133,239,185,Acronym IntMed duplicated with label_id 338; suffixed with label_id for uniqueness.
390,intermediate white layer of the superior colliculus,IWhiSCol,intermediate white layer of the superior colliculus,rule_generated_from_paxinos_name,Algorithmic acronym generated from Paxinos raw name; requires manual review before use as curated label.,low,pending_review,IWLOTS_390,intermediate white layer of the superior colliculus,kept_for_review_or_manual_approval,9,0,233,
392,infundibular stem,InfSte,infundibular stem,rule_generated_from_paxinos_name,Algorithmic acronym generated from Paxinos raw name; requires manual review before use as curated label.,low,pending_review,IS_392,infundibular stem,kept_for_review_or_manual_approval,135,107,199,
393,interposed cerebellar nucleus,IntCb,interposed cerebellar nucleus,rule_generated_from_paxinos_name,Algorithmic acronym generated from Paxinos raw name; requires manual review before use as curated label.,low,pending_review,ICN_393,interposed cerebellar nucleus,kept_for_review_or_manual_approval,0,255,60,
394,"interposed cerebellar nucleus, anterior part",IntCbA,"interposed cerebellar nucleus, anterior part",rule_generated_from_paxinos_name,Algorithmic acronym generated from Paxinos raw name; requires manual review before use as curated label.,low,pending_review,ICNAP_394,"interposed cerebellar nucleus, anterior part",kept_for_review_or_manual_approval,0,255,60,
395,"interposed cerebellar nucleus, dorsolateral hump",IntCbDorHum,"interposed cerebellar nucleus, dorsolateral hump",rule_generated_from_paxinos_name,Algorithmic acronym generated from Paxinos raw name; requires manual review before use as curated label.,low,pending_review,ICNDH_395,"interposed cerebellar nucleus, dorsolateral hump",kept_for_review_or_manual_approval,178,255,196,
396,"interposed cerebellar nucleus, dorsomedial crest",IntCbDorCre,"interposed cerebellar nucleus, dorsomedial crest",rule_generated_from_paxinos_name,Algorithmic acronym generated from Paxinos raw name; requires manual review before use as curated label.,low,pending_review,ICNDC_396,"interposed cerebellar nucleus, dorsomedial crest",kept_for_review_or_manual_approval,89,255,129,
397,"interposed cerebellar nucleus, posterior part",IntCbP,"interposed cerebellar nucleus, posterior part",rule_generated_from_paxinos_name,Algorithmic acronym generated from Paxinos raw name; requires manual review before use as curated label.,low,pending_review,ICNPP_397,"interposed cerebellar nucleus, posterior part",kept_for_review_or_manual_approval,0,255,59,
398,"interposed cerebellar nucleus, posterior parvicellular part",IntCbPpc,"interposed cerebellar nucleus, posterior parvicellular part",rule_generated_from_paxinos_name,Algorithmic acronym generated from Paxinos raw name; requires manual review before use as curated label.,low,pending_review,ICNPPP_398,"interposed cerebellar nucleus, posterior parvicellular part",kept_for_review_or_manual_approval,0,255,59,
399,intralaminar thalamic nuclei,ILM,intralaminar thalamic nuclei,manual_common_neuroanatomy,descriptive abbreviation,high,pending_review,ITN_399,intralaminar thalamic nuclei,kept_for_review_or_manual_approval,239,180,89,
400,isocortex,CTX400,isocortex,paxinos_cortex_file_container,"Cortex file gives acronym ""---"" for broad container; unique CTX+ID placeholder assigned.",medium,pending_review,I_400,isocortex,kept_for_review_or_manual_approval,252,255,0,
401,juxtaparaventricular part of lateral hypothalamus,JPLH,juxtaparaventricular part of lateral hypothalamus,manual_common_neuroanatomy,descriptive abbreviation,high,pending_review,JPOLH_401,juxtaparaventricular part of lateral hypothalamus,kept_for_review_or_manual_approval,58,0,191,
402,juxtaolivary nucleus,Jux,juxtaolivary nucleus,rule_generated_from_paxinos_name,Algorithmic acronym generated from Paxinos raw name; requires manual review before use as curated label.,low,pending_review,JN_402,juxtaolivary nucleus,kept_for_review_or_manual_approval,130,83,237,
403,Kolliker-Fuse nucleus,KF,Kolliker-Fuse nucleus,manual_common_neuroanatomy,standard abbreviation,high,pending_review,KFN_403,Kolliker-Fuse nucleus,kept_for_review_or_manual_approval,89,255,183,
405,lateroanterior hypothalamic nucleus,LA,lateroanterior hypothalamic nucleus,manual_common_neuroanatomy,"lateroanterior hypothalamic nucleus, review acronym conflict with lateral amygdala",high,pending_review,LHN_405,lateroanterior hypothalamic nucleus,kept_for_review_or_manual_approval,202,178,255,
406,lateral accumbens shell,LAcbShe,lateral accumbens shell,rule_generated_from_paxinos_name,Algorithmic acronym generated from Paxinos raw name; requires manual review before use as curated label.,low,pending_review,LAS_406,lateral accumbens shell,kept_for_review_or_manual_approval,255,250,178,
407,locus coeruleus,LC,locus coeruleus,manual_common_neuroanatomy,standard abbreviation,high,pending_review,LC_407,locus coeruleus,kept_for_review_or_manual_approval,101,186,215,
408,laterodorsal thalamic nucleus,LD,laterodorsal thalamic nucleus,manual_common_neuroanatomy,standard abbreviation,high,pending_review,LTN_408,laterodorsal thalamic nucleus,kept_for_review_or_manual_approval,223,155,44,
409,"laterodorsal thalamic nucleus, dorsomedial part",LDDM,"laterodorsal thalamic nucleus, dorsomedial part",manual_common_neuroanatomy,LD dorsomedial,high,pending_review,LTNDP_409,"laterodorsal thalamic nucleus, dorsomedial part",kept_for_review_or_manual_approval,255,225,178,
410,laterodorsal tegmental nucleus,LDTg,laterodorsal tegmental nucleus,manual_common_neuroanatomy,standard abbreviation,high,pending_review,LTN_410,laterodorsal tegmental nucleus,kept_for_review_or_manual_approval,0,255,251,
411,"laterodorsal tegmental nucleus, ventral part",LDTgV,"laterodorsal tegmental nucleus, ventral part",manual_common_neuroanatomy,LDTg ventral,high,pending_review,LTNVP_411,"laterodorsal tegmental nucleus, ventral part",kept_for_review_or_manual_approval,0,255,251,
412,"laterodorsal thalamic nucleus, ventrolateral part",LDVL,"laterodorsal thalamic nucleus, ventrolateral part",manual_common_neuroanatomy,LD ventrolateral,high,pending_review,LTNVP_412,"laterodorsal thalamic nucleus, ventrolateral part",kept_for_review_or_manual_approval,255,158,0,
414,lateral mammillary nucleus,LM,lateral mammillary nucleus,manual_common_neuroanatomy,standard abbreviation,high,pending_review,LMN_414,lateral mammillary nucleus,kept_for_review_or_manual_approval,212,94,0,
415,lacunosum moleculare layer of the hippocampus,SLM,lacunosum moleculare layer of the hippocampus,manual_common_neuroanatomy,stratum lacunosum-moleculare,high,pending_review,LMLOTH_415,lacunosum moleculare layer of the hippocampus,kept_for_review_or_manual_approval,245,255,178,
416,lateral orbital cortex,LO,lateral orbital cortex,paxinos_cortex_file_exact_id,Exact ID match in Paxinos_Watson_Labels_Cortex.txt: LO,official_local,pending_review,LO,lateral orbital cortex,kept_for_review_or_manual_approval,239,244,107,
417,nucleus of the lateral olfactory tract,LOT,nucleus of the lateral olfactory tract,manual_common_neuroanatomy,standard abbreviation,high,pending_review,NOTLOT_417,nucleus of the lateral olfactory tract,kept_for_review_or_manual_approval,245,255,89,
422,lateral posterior thalamic nucleus,LP,lateral posterior thalamic nucleus,manual_common_neuroanatomy,standard abbreviation,high,pending_review,LPTN_422,lateral posterior thalamic nucleus,kept_for_review_or_manual_approval,255,210,133,
423,lateral periaqueductal gray,LPAG,lateral periaqueductal gray,manual_common_neuroanatomy,standard subdivision abbreviation,high,pending_review,LPG_423,lateral periaqueductal gray,kept_for_review_or_manual_approval,0,3,255,
424,lateral parabrachial nucleus,LPB,lateral parabrachial nucleus,manual_common_neuroanatomy,standard abbreviation,high,pending_review,LPN_424,lateral parabrachial nucleus,kept_for_review_or_manual_approval,0,255,135,
425,"lateral parabrachial nucleus, central part",LPBC,"lateral parabrachial nucleus, central part",manual_common_neuroanatomy,LPB central,high,pending_review,LPNCP_425,"lateral parabrachial nucleus, central part",kept_for_review_or_manual_approval,118,255,190,
426,"lateral parabrachial nucleus, crescent part",LPBCr,"lateral parabrachial nucleus, crescent part",manual_common_neuroanatomy,LPB crescent,high,pending_review,LPNCP_426,"lateral parabrachial nucleus, crescent part",kept_for_review_or_manual_approval,0,233,122,
427,"lateral parabrachial nucleus, dorsal part",LPBD,"lateral parabrachial nucleus, dorsal part",manual_common_neuroanatomy,LPB dorsal,high,pending_review,LPNDP_427,"lateral parabrachial nucleus, dorsal part",kept_for_review_or_manual_approval,118,233,179,
428,"lateral parabrachial nucleus, external part",LPBE,"lateral parabrachial nucleus, external part",manual_common_neuroanatomy,LPB external,high,pending_review,LPNEP_428,"lateral parabrachial nucleus, external part",kept_for_review_or_manual_approval,0,255,135,
429,"lateral parabrachial nucleus, internal part",LPBI,"lateral parabrachial nucleus, internal part",manual_common_neuroanatomy,LPB internal,high,pending_review,LPNIP_429,"lateral parabrachial nucleus, internal part",kept_for_review_or_manual_approval,178,255,219,
430,"lateral parabrachial nucleus, superior part",LPBS,"lateral parabrachial nucleus, superior part",manual_common_neuroanatomy,LPB superior,high,pending_review,LPNSP_430,"lateral parabrachial nucleus, superior part",kept_for_review_or_manual_approval,59,233,152,
431,"lateral parabrachial nucleus, ventral part",LPBV,"lateral parabrachial nucleus, ventral part",manual_common_neuroanatomy,LPB ventral,high,pending_review,LPNVP_431,"lateral parabrachial nucleus, ventral part",kept_for_review_or_manual_approval,59,255,164,
433,"lateral paragigantocellular nucleus, alpha part",LParAlp,"lateral paragigantocellular nucleus, alpha part",rule_generated_from_paxinos_name,Algorithmic acronym generated from Paxinos raw name; requires manual review before use as curated label.,low,pending_review,LPNAP_433,"lateral paragigantocellular nucleus, alpha part",kept_for_review_or_manual_approval,0,140,255,
434,"lateral paragigantocellular nucleus, external part",LParE,"lateral paragigantocellular nucleus, external part",rule_generated_from_paxinos_name,Algorithmic acronym generated from Paxinos raw name; requires manual review before use as curated label.,low,pending_review,LPNEP_434,"lateral paragigantocellular nucleus, external part",kept_for_review_or_manual_approval,178,214,255,
435,"lateral posterior thalamic nucleus, laterocaudal part",LPLC,"lateral posterior thalamic nucleus, laterocaudal part",manual_common_neuroanatomy,LP laterocaudal,high,pending_review,LPTNLP_435,"lateral posterior thalamic nucleus, laterocaudal part",kept_for_review_or_manual_approval,255,226,178,
436,"lateral posterior thalamic nucleus, laterorostral part",LPLR,"lateral posterior thalamic nucleus, laterorostral part",manual_common_neuroanatomy,LP laterorostral,high,pending_review,LPTNLP_436,"lateral posterior thalamic nucleus, laterorostral part",kept_for_review_or_manual_approval,255,160,0,
437,"lateral posterior thalamic nucleus, mediocaudal part",LPMC,"lateral posterior thalamic nucleus, mediocaudal part",manual_common_neuroanatomy,LP mediocaudal,high,pending_review,LPTNMP_437,"lateral posterior thalamic nucleus, mediocaudal part",kept_for_review_or_manual_approval,255,193,89,
438,"lateral posterior thalamic nucleus, mediorostral part",LPMR,"lateral posterior thalamic nucleus, mediorostral part",manual_common_neuroanatomy,LP mediorostral,high,pending_review,LPTNMP_438,"lateral posterior thalamic nucleus, mediorostral part",kept_for_review_or_manual_approval,223,141,0,
439,lateral preoptic area,LPO,lateral preoptic area,manual_common_neuroanatomy,standard abbreviation,high,pending_review,LPA_439,lateral preoptic area,kept_for_review_or_manual_approval,233,91,0,
440,lateral parietal association cortex,LPtA,lateral parietal association cortex,paxinos_cortex_file_exact_id,Exact ID match in Paxinos_Watson_Labels_Cortex.txt: LPtA,official_local,pending_review,LPtA,lateral parietal association cortex,kept_for_review_or_manual_approval,225,233,0,
441,lateral recess of the 4th ventricle,4V_441,lateral recess of the 4th ventricle,rule_generated_from_paxinos_name,Algorithmic acronym generated from Paxinos raw name; requires manual review before use as curated label.,low,pending_review,LROT4V_441,lateral recess of the 4th ventricle,kept_for_review_or_manual_approval,255,178,214,Acronym 4V duplicated with label_id 24; suffixed with label_id for uniqueness.
442,lateral reticular nucleus,LR,lateral reticular nucleus,rule_generated_from_paxinos_name,Algorithmic acronym generated from Paxinos raw name; requires manual review before use as curated label.,low,pending_review,LRN_442,lateral reticular nucleus,kept_for_review_or_manual_approval,0,255,175,
443,"lateral reticular nucleus, parvicellular part",LRpc,"lateral reticular nucleus, parvicellular part",rule_generated_from_paxinos_name,Algorithmic acronym generated from Paxinos raw name; requires manual review before use as curated label.,low,pending_review,LRNPP_443,"lateral reticular nucleus, parvicellular part",kept_for_review_or_manual_approval,0,255,173,
444,"lateral reticular nucleus, subtrigeminal part",LRSub,"lateral reticular nucleus, subtrigeminal part",rule_generated_from_paxinos_name,Algorithmic acronym generated from Paxinos raw name; requires manual review before use as curated label.,low,pending_review,LRNSP_444,"lateral reticular nucleus, subtrigeminal part",kept_for_review_or_manual_approval,89,255,203,
445,lateral septal nucleus,LS,lateral septal nucleus,manual_common_neuroanatomy,common abbreviation for lateral septal nucleus,high,pending_review,LSN_445,lateral septal nucleus,kept_for_review_or_manual_approval,149,255,0,
446,"lateral septal nucleus, dorsal part",LSD,"lateral septal nucleus, dorsal part",manual_common_neuroanatomy,common abbreviation for lateral septum dorsal,high,pending_review,LSNDP_446,"lateral septal nucleus, dorsal part",kept_for_review_or_manual_approval,222,255,178,
447,"lateral septal nucleus, intermediate part",LSI,"lateral septal nucleus, intermediate part",manual_common_neuroanatomy,common abbreviation for lateral septum intermediate,high,pending_review,LSNIP_447,"lateral septal nucleus, intermediate part",kept_for_review_or_manual_approval,151,255,0,
452,lateral superior olive,LSOli,lateral superior olive,rule_generated_from_paxinos_name,Algorithmic acronym generated from Paxinos raw name; requires manual review before use as curated label.,low,pending_review,LSO_452,lateral superior olive,kept_for_review_or_manual_approval,51,191,239,
453,lateral stripe of the striatum,LSS,lateral stripe of the striatum,manual_common_neuroanatomy,descriptive abbreviation,high,pending_review,LSOTS_453,lateral stripe of the striatum,kept_for_review_or_manual_approval,143,107,225,
454,"lateral septal nucleus, ventral part",LSV,"lateral septal nucleus, ventral part",manual_common_neuroanatomy,common abbreviation for lateral septum ventral,high,pending_review,LSNVP_454,"lateral septal nucleus, ventral part",kept_for_review_or_manual_approval,146,255,0,
455,lateral terminal nucleus of the accessory optic tract,LTerAccOpt,lateral terminal nucleus of the accessory optic tract,rule_generated_from_paxinos_name,Algorithmic acronym generated from Paxinos raw name; requires manual review before use as curated label.,low,pending_review,LTNOTA_455,lateral terminal nucleus of the accessory optic tract,kept_for_review_or_manual_approval,109,47,246,
457,lateral ventricle,LV,lateral ventricle,manual_common_neuroanatomy,standard abbreviation,high,pending_review,LV_457,lateral ventricle,kept_for_review_or_manual_approval,255,0,93,
458,lateroventral periolivary nucleus,LatPer,lateroventral periolivary nucleus,rule_generated_from_paxinos_name,Algorithmic acronym generated from Paxinos raw name; requires manual review before use as curated label.,low,pending_review,LPN_458,lateroventral periolivary nucleus,kept_for_review_or_manual_approval,102,180,207,
459,lateral vestibular nucleus,LVe,lateral vestibular nucleus,rule_generated_from_paxinos_name,Algorithmic acronym generated from Paxinos raw name; requires manual review before use as curated label.,low,pending_review,LVN_459,lateral vestibular nucleus,kept_for_review_or_manual_approval,94,71,203,
461,lat amygdaloid nucleus,LA_461,lat amygdaloid nucleus,manual_common_neuroanatomy,common abbreviation for lateral amygdala/amygdaloid nucleus,high,pending_review,LAN_461,lat amygdaloid nucleus,kept_for_review_or_manual_approval,212,59,0,Acronym LA duplicated with label_id 405; suffixed with label_id for uniqueness.
462,"lateral amygdaloid nucleus, dorsolateral part",LAdl,"lateral amygdaloid nucleus, dorsolateral part",manual_common_neuroanatomy,LA + dorsolateral,high,pending_review,LANDP_462,"lateral amygdaloid nucleus, dorsolateral part",kept_for_review_or_manual_approval,255,70,0,
463,"lateral amygdaloid nucleus, ventrolateral part",LAvl,"lateral amygdaloid nucleus, ventrolateral part",manual_common_neuroanatomy,LA + ventrolateral,high,pending_review,LANVP_463,"lateral amygdaloid nucleus, ventrolateral part",kept_for_review_or_manual_approval,255,135,89,
464,"lateral amygdaloid nucleus, ventromedial part",LAvm,"lateral amygdaloid nucleus, ventromedial part",manual_common_neuroanatomy,LA + ventromedial,high,pending_review,LANVP_464,"lateral amygdaloid nucleus, ventromedial part",kept_for_review_or_manual_approval,255,200,178,
465,lateral (dentate) cerebellar nucleus,LCb,lateral (dentate) cerebellar nucleus,rule_generated_from_paxinos_name,Algorithmic acronym generated from Paxinos raw name; requires manual review before use as curated label.,low,pending_review,LDCN_465,lateral (dentate) cerebellar nucleus,kept_for_review_or_manual_approval,118,255,153,
466,"lateral cerebellar nucleus, parvicellular part",LCbpc,"lateral cerebellar nucleus, parvicellular part",rule_generated_from_paxinos_name,Algorithmic acronym generated from Paxinos raw name; requires manual review before use as curated label.,low,pending_review,LCNPP_466,"lateral cerebellar nucleus, parvicellular part",kept_for_review_or_manual_approval,0,255,64,
467,lambdoid septal zone,LamS,lambdoid septal zone,rule_generated_from_paxinos_name,Algorithmic acronym generated from Paxinos raw name; requires manual review before use as curated label.,low,pending_review,LSZ_467,lambdoid septal zone,kept_for_review_or_manual_approval,119,212,0,
468,linear nucleus of the medulla,LinMed,linear nucleus of the medulla,rule_generated_from_paxinos_name,Algorithmic acronym generated from Paxinos raw name; requires manual review before use as curated label.,low,pending_review,LNOTM_468,linear nucleus of the medulla,kept_for_review_or_manual_approval,178,255,231,
469,lithoid nucleus,Lit,lithoid nucleus,rule_generated_from_paxinos_name,Algorithmic acronym generated from Paxinos raw name; requires manual review before use as curated label.,low,pending_review,LN_469,lithoid nucleus,kept_for_review_or_manual_approval,112,71,203,
470,primary motor cortex,M1,primary motor cortex,paxinos_cortex_file_exact_id,Exact ID match in Paxinos_Watson_Labels_Cortex.txt: M1,official_local,pending_review,M1,primary motor cortex,kept_for_review_or_manual_approval,251,255,142,
471,secondary motor cortex,M2,secondary motor cortex,paxinos_cortex_file_exact_id,Exact ID match in Paxinos_Watson_Labels_Cortex.txt: M2,official_local,pending_review,M2,secondary motor cortex,kept_for_review_or_manual_approval,226,233,35,
472,medial accessory oculomotor nucleus,MAcc3,medial accessory oculomotor nucleus,rule_generated_from_paxinos_name,Algorithmic acronym generated from Paxinos raw name; requires manual review before use as curated label.,low,pending_review,MAON_472,medial accessory oculomotor nucleus,kept_for_review_or_manual_approval,0,154,207,
473,midbrain,MB,midbrain,manual_common_neuroanatomy,broad division abbreviation,high,pending_review,M_473,midbrain,kept_for_review_or_manual_approval,0,22,239,
474,magnocellular nucleus of the lateral hypothalamus,MCLH,magnocellular nucleus of the lateral hypothalamus,manual_common_neuroanatomy,descriptive abbreviation,high,pending_review,MNOTLH_474,magnocellular nucleus of the lateral hypothalamus,kept_for_review_or_manual_approval,255,94,0,
475,magnocellular nucleus of the posterior commissure,mcPCom,magnocellular nucleus of the posterior commissure,rule_generated_from_paxinos_name,Algorithmic acronym generated from Paxinos raw name; requires manual review before use as curated label.,low,pending_review,MNOTPC_475,magnocellular nucleus of the posterior commissure,kept_for_review_or_manual_approval,92,47,191,
476,magnocellular preoptic nucleus,MCPO,magnocellular preoptic nucleus,manual_common_neuroanatomy,standard abbreviation,high,pending_review,MPN_476,magnocellular preoptic nucleus,kept_for_review_or_manual_approval,233,145,89,
477,mediodorsal thalamic nucleus,MD,mediodorsal thalamic nucleus,manual_common_neuroanatomy,standard abbreviation,high,pending_review,MTN_477,mediodorsal thalamic nucleus,kept_for_review_or_manual_approval,223,191,133,
478,"mediodorsal thalamic nucleus, central part",MDC,"mediodorsal thalamic nucleus, central part",manual_common_neuroanatomy,MD central,high,pending_review,MTNCP_478,"mediodorsal thalamic nucleus, central part",kept_for_review_or_manual_approval,255,162,0,
479,"mediodorsal thalamic nucleus, lateral part",MDL,"mediodorsal thalamic nucleus, lateral part",manual_common_neuroanatomy,MD lateral,high,pending_review,MTNLP_479,"mediodorsal thalamic nucleus, lateral part",kept_for_review_or_manual_approval,255,227,178,
480,"mediodorsal thalamic nucleus, medial part",MDM,"mediodorsal thalamic nucleus, medial part",manual_common_neuroanatomy,MD medial,high,pending_review,MTNMP_480,"mediodorsal thalamic nucleus, medial part",kept_for_review_or_manual_approval,255,195,89,
482,"medial eminence, external layer",MEex,"medial eminence, external layer",manual_common_neuroanatomy,"median/medial eminence external layer, review source wording",high,pending_review,MEEL_482,"medial eminence, external layer",kept_for_review_or_manual_approval,152,118,225,
483,"medial eminence, internal layer",MEin,"medial eminence, internal layer",manual_common_neuroanatomy,"median/medial eminence internal layer, review source wording",high,pending_review,MEIL_483,"medial eminence, internal layer",kept_for_review_or_manual_approval,193,166,250,
484,medial entorhinal cortex,MEnt,medial entorhinal cortex,rule_generated_from_paxinos_name,Algorithmic acronym generated from Paxinos raw name; requires manual review before use as curated label.,low,pending_review,MEC_484,medial entorhinal cortex,kept_for_review_or_manual_approval,228,255,89,
486,medial geniculate nucleus,MG,medial geniculate nucleus,manual_common_neuroanatomy,standard abbreviation,high,pending_review,MGN_486,medial geniculate nucleus,kept_for_review_or_manual_approval,239,171,44,
487,"medial geniculate nucleus, dorsal part",MGD,"medial geniculate nucleus, dorsal part",manual_common_neuroanatomy,MG dorsal,high,pending_review,MGNDP_487,"medial geniculate nucleus, dorsal part",kept_for_review_or_manual_approval,255,228,178,
488,"medial geniculate nucleus, medial part",MGM,"medial geniculate nucleus, medial part",manual_common_neuroanatomy,MG medial,high,pending_review,MGNMP_488,"medial geniculate nucleus, medial part",kept_for_review_or_manual_approval,233,151,0,
489,"medial geniculate nucleus, ventral part",MGV,"medial geniculate nucleus, ventral part",manual_common_neuroanatomy,MG ventral,high,pending_review,MGNVP_489,"medial geniculate nucleus, ventral part",kept_for_review_or_manual_approval,255,166,0,
490,"medial mammillary nucleus, lateral part",MMl,"medial mammillary nucleus, lateral part",manual_common_neuroanatomy,medial mammillary lateral,high,pending_review,MMNLP_490,"medial mammillary nucleus, lateral part",kept_for_review_or_manual_approval,255,113,0,
491,"medial mammillary nucleus, medial part",MMm,"medial mammillary nucleus, medial part",manual_common_neuroanatomy,medial mammillary medial,high,pending_review,MMNMP_491,"medial mammillary nucleus, medial part",kept_for_review_or_manual_approval,223,171,0,
492,medial orbital cortex,MO,medial orbital cortex,paxinos_cortex_file_exact_id,Exact ID match in Paxinos_Watson_Labels_Cortex.txt: MO,official_local,pending_review,MO,medial orbital cortex,kept_for_review_or_manual_approval,206,212,35,
493,main olfactory bulb,MOB,main olfactory bulb,manual_common_neuroanatomy,standard abbreviation,high,pending_review,MOB_493,main olfactory bulb,kept_for_review_or_manual_approval,236,255,178,
494,medial preoptic area,MPA,medial preoptic area,manual_common_neuroanatomy,standard abbreviation,high,pending_review,MPA_494,medial preoptic area,kept_for_review_or_manual_approval,233,150,89,
495,medial parabrachial nucleus,MPB,medial parabrachial nucleus,manual_common_neuroanatomy,standard abbreviation,high,pending_review,MPN_495,medial parabrachial nucleus,kept_for_review_or_manual_approval,178,255,220,
496,medial parabrachial nucleus external part,MPBE,medial parabrachial nucleus external part,manual_common_neuroanatomy,MPB external,high,pending_review,MPNEP_496,medial parabrachial nucleus external part,kept_for_review_or_manual_approval,0,255,140,
497,medial paralemniscial nucleus,MPar,medial paralemniscial nucleus,rule_generated_from_paxinos_name,Algorithmic acronym generated from Paxinos raw name; requires manual review before use as curated label.,low,pending_review,MPN_497,medial paralemniscial nucleus,kept_for_review_or_manual_approval,76,0,242,
498,medial preoptic nucleus,MPN,medial preoptic nucleus,manual_common_neuroanatomy,standard abbreviation,high,pending_review,MPN_498,medial preoptic nucleus,kept_for_review_or_manual_approval,255,106,0,
499,"medial preoptic nucleus, central part",MPNc,"medial preoptic nucleus, central part",manual_common_neuroanatomy,MPN central,high,pending_review,MPNCP_499,"medial preoptic nucleus, central part",kept_for_review_or_manual_approval,255,158,89,
500,"medial preoptic nucleus, lateral part",MPNl,"medial preoptic nucleus, lateral part",manual_common_neuroanatomy,MPN lateral,high,pending_review,MPNLP_500,"medial preoptic nucleus, lateral part",kept_for_review_or_manual_approval,255,106,0,
501,"medial preoptic nucleus, medial part",MPNm,"medial preoptic nucleus, medial part",manual_common_neuroanatomy,MPN medial,high,pending_review,MPNMP_501,"medial preoptic nucleus, medial part",kept_for_review_or_manual_approval,255,210,178,
502,medial pretectal nucleus,MPre,medial pretectal nucleus,rule_generated_from_paxinos_name,Algorithmic acronym generated from Paxinos raw name; requires manual review before use as curated label.,low,pending_review,MPN_502,medial pretectal nucleus,kept_for_review_or_manual_approval,130,107,242,
504,medial parietal association cortex,MPtA,medial parietal association cortex,paxinos_cortex_file_exact_id,Exact ID match in Paxinos_Watson_Labels_Cortex.txt: MPtA,official_local,pending_review,MPtA,medial parietal association cortex,kept_for_review_or_manual_approval,210,212,142,
506,mammillary recess of the 3rd ventricle,MRe,mammillary recess of the 3rd ventricle,manual_common_neuroanatomy,mammillary recess,high,pending_review,MROT3V_506,mammillary recess of the 3rd ventricle,kept_for_review_or_manual_approval,223,0,120,
507,medial septal nucleus,MS,medial septal nucleus,manual_common_neuroanatomy,common abbreviation for medial septal nucleus,high,pending_review,MSN_507,medial septal nucleus,kept_for_review_or_manual_approval,221,255,178,
508,medial superior olive,MSOli,medial superior olive,rule_generated_from_paxinos_name,Algorithmic acronym generated from Paxinos raw name; requires manual review before use as curated label.,low,pending_review,MSO_508,medial superior olive,kept_for_review_or_manual_approval,153,216,239,
509,medial terminal nucleus of the accessory optic tract,MTerAccOpt,medial terminal nucleus of the accessory optic tract,rule_generated_from_paxinos_name,Algorithmic acronym generated from Paxinos raw name; requires manual review before use as curated label.,low,pending_review,MTNOTA_509,medial terminal nucleus of the accessory optic tract,kept_for_review_or_manual_approval,141,119,191,
510,medial tuberal nucleus,MTu,medial tuberal nucleus,manual_common_neuroanatomy,standard-derived abbreviation,high,pending_review,MTN_510,medial tuberal nucleus,kept_for_review_or_manual_approval,255,97,0,
511,medial vestibular nucleus,MVe,medial vestibular nucleus,rule_generated_from_paxinos_name,Algorithmic acronym generated from Paxinos raw name; requires manual review before use as curated label.,low,pending_review,MVN_511,medial vestibular nucleus,kept_for_review_or_manual_approval,154,118,229,
512,medioventral periolivary nucleus,MedPer,medioventral periolivary nucleus,rule_generated_from_paxinos_name,Algorithmic acronym generated from Paxinos raw name; requires manual review before use as curated label.,low,pending_review,MPN_512,medioventral periolivary nucleus,kept_for_review_or_manual_approval,89,35,203,
513,medial vestibular nucleus,MVe_513,medial vestibular nucleus,rule_generated_from_paxinos_name,Algorithmic acronym generated from Paxinos raw name; requires manual review before use as curated label.,low,pending_review,MVN_513,medial vestibular nucleus,kept_for_review_or_manual_approval,44,255,140,Acronym MVe duplicated with label_id 511; suffixed with label_id for uniqueness.
514,"medial vestibular nucleus, magnocellular part",MVemc,"medial vestibular nucleus, magnocellular part",rule_generated_from_paxinos_name,Algorithmic acronym generated from Paxinos raw name; requires manual review before use as curated label.,low,pending_review,MVNMP_514,"medial vestibular nucleus, magnocellular part",kept_for_review_or_manual_approval,178,255,212,
515,"medial vestibular nucleus, parvicellular part",MVepc,"medial vestibular nucleus, parvicellular part",rule_generated_from_paxinos_name,Algorithmic acronym generated from Paxinos raw name; requires manual review before use as curated label.,low,pending_review,MVNPP_515,"medial vestibular nucleus, parvicellular part",kept_for_review_or_manual_approval,0,255,118,
517,marginal zone of the medial geniculate,MarMG,marginal zone of the medial geniculate,rule_generated_from_paxinos_name,Algorithmic acronym generated from Paxinos raw name; requires manual review before use as curated label.,low,pending_review,MZOTMG_517,marginal zone of the medial geniculate,kept_for_review_or_manual_approval,255,197,89,
518,"medullary reticular nucleus, dorsal part",MedRD,"medullary reticular nucleus, dorsal part",rule_generated_from_paxinos_name,Algorithmic acronym generated from Paxinos raw name; requires manual review before use as curated label.,low,pending_review,MRNDP_518,"medullary reticular nucleus, dorsal part",kept_for_review_or_manual_approval,25,195,255,
519,"medullary reticular nucleus, ventral part",MedRV,"medullary reticular nucleus, ventral part",rule_generated_from_paxinos_name,Algorithmic acronym generated from Paxinos raw name; requires manual review before use as curated label.,low,pending_review,MRNVP_519,"medullary reticular nucleus, ventral part",kept_for_review_or_manual_approval,102,191,223,
520,medial amygdaloid nucleus,MeA,medial amygdaloid nucleus,manual_common_neuroanatomy,common abbreviation for medial amygdala/amygdaloid nucleus,high,pending_review,MAN_520,medial amygdaloid nucleus,kept_for_review_or_manual_approval,255,159,118,
521,mesencephalic trigeminal nucleus,Mes5,mesencephalic trigeminal nucleus,rule_generated_from_paxinos_name,Algorithmic acronym generated from Paxinos raw name; requires manual review before use as curated label.,low,pending_review,MTN_521,mesencephalic trigeminal nucleus,kept_for_review_or_manual_approval,36,0,203,
523,"medial amygdaloid nucleus, ant dorsal",MeAD,"medial amygdaloid nucleus, ant dorsal",manual_common_neuroanatomy,MeA + anterodorsal,high,pending_review,MANAD_523,"medial amygdaloid nucleus, ant dorsal",kept_for_review_or_manual_approval,255,73,0,
524,"medial amygdaloid nucleus, anteroventral part",MeAV,"medial amygdaloid nucleus, anteroventral part",manual_common_neuroanatomy,MeA + anteroventral,high,pending_review,MANAP_524,"medial amygdaloid nucleus, anteroventral part",kept_for_review_or_manual_approval,255,200,178,
525,"medial amygdaloid nucleus, posterodorsal part",MePD,"medial amygdaloid nucleus, posterodorsal part",manual_common_neuroanatomy,common abbreviation for medial amygdala posterodorsal,high,pending_review,MANPP_525,"medial amygdaloid nucleus, posterodorsal part",kept_for_review_or_manual_approval,255,76,0,
526,"medial amygdaloid nucleus, posteroventral part",MePV,"medial amygdaloid nucleus, posteroventral part",manual_common_neuroanatomy,common abbreviation for medial amygdala posteroventral,high,pending_review,MANPP_526,"medial amygdaloid nucleus, posteroventral part",kept_for_review_or_manual_approval,89,11,255,
527,medial (fastigial) cerebellar nucleus,MCb,medial (fastigial) cerebellar nucleus,rule_generated_from_paxinos_name,Algorithmic acronym generated from Paxinos raw name; requires manual review before use as curated label.,low,pending_review,MFCN_527,medial (fastigial) cerebellar nucleus,kept_for_review_or_manual_approval,71,244,121,
528,"medial cerebellar nucleus, dorsolateral protuberance",MCbDorPro,"medial cerebellar nucleus, dorsolateral protuberance",rule_generated_from_paxinos_name,Algorithmic acronym generated from Paxinos raw name; requires manual review before use as curated label.,low,pending_review,MCNDP_528,"medial cerebellar nucleus, dorsolateral protuberance",kept_for_review_or_manual_approval,107,212,137,
529,"medial cerebellar nucleus, lateral part",MCbL,"medial cerebellar nucleus, lateral part",rule_generated_from_paxinos_name,Algorithmic acronym generated from Paxinos raw name; requires manual review before use as curated label.,low,pending_review,MCNLP_529,"medial cerebellar nucleus, lateral part",kept_for_review_or_manual_approval,0,212,62,
530,medulla-oblongolata,MY,medulla oblongata,manual_common_neuroanatomy,"Allen-style abbreviation for medulla/myelencephalon, source spelling retained",high,pending_review,MO_530,medulla-oblongolata,kept_for_review_or_manual_approval,133,203,168,
531,mitral cell layer of the olfactory bulb,Mi,mitral cell layer of the olfactory bulb,manual_common_neuroanatomy,mitral layer,high,pending_review,MCLOTO_531,mitral cell layer of the olfactory bulb,kept_for_review_or_manual_approval,193,255,0,
532,mitral cell layer of the accessory olfactory bulb,AOBMi,mitral cell layer of the accessory olfactory bulb,manual_common_neuroanatomy,AOB mitral layer,high,pending_review,MCLOTA_532,mitral cell layer of the accessory olfactory bulb,kept_for_review_or_manual_approval,237,255,178,
533,microcellular tegmental nucleus,MicTg,microcellular tegmental nucleus,rule_generated_from_paxinos_name,Algorithmic acronym generated from Paxinos raw name; requires manual review before use as curated label.,low,pending_review,MTN_533,microcellular tegmental nucleus,kept_for_review_or_manual_approval,0,253,255,
535,median accessory nucleus of the medulla,MedAccMed,median accessory nucleus of the medulla,rule_generated_from_paxinos_name,Algorithmic acronym generated from Paxinos raw name; requires manual review before use as curated label.,low,pending_review,MANOTM_535,median accessory nucleus of the medulla,kept_for_review_or_manual_approval,25,160,207,
536,"medial mammillary nucleus, median part",MMn,"medial mammillary nucleus, median part",manual_common_neuroanatomy,medial mammillary median,high,pending_review,MMNMP_536,"medial mammillary nucleus, median part",kept_for_review_or_manual_approval,134,83,242,
537,median preoptic nucleus,MnPO,median preoptic nucleus,manual_common_neuroanatomy,standard abbreviation,high,pending_review,MPN_537,median preoptic nucleus,kept_for_review_or_manual_approval,116,71,212,
538,median raphe nucleus,MnR,median raphe nucleus,manual_common_neuroanatomy,standard abbreviation,high,pending_review,MRN_538,median raphe nucleus,kept_for_review_or_manual_approval,59,255,220,
543,molecular layer of the dentate gyrus,ML,molecular layer of the dentate gyrus,manual_common_neuroanatomy,molecular layer of dentate gyrus,high,pending_review,MLOTDG_543,molecular layer of the dentate gyrus,kept_for_review_or_manual_approval,233,255,89,
544,molecular layer of the subiculum,MolSub,molecular layer of the subiculum,rule_generated_from_paxinos_name,Algorithmic acronym generated from Paxinos raw name; requires manual review before use as curated label.,low,pending_review,MLOTS_544,molecular layer of the subiculum,kept_for_review_or_manual_approval,226,255,89,
545,matrix region of the medulla,MatMed,matrix region of the medulla,rule_generated_from_paxinos_name,Algorithmic acronym generated from Paxinos raw name; requires manual review before use as curated label.,low,pending_review,MROTM_545,matrix region of the medulla,kept_for_review_or_manual_approval,133,255,193,
546,navicular nucleus of the basal forebrain,NavBasFor,navicular nucleus of the basal forebrain,rule_generated_from_paxinos_name,Algorithmic acronym generated from Paxinos raw name; requires manual review before use as curated label.,low,pending_review,NNOTBF_546,navicular nucleus of the basal forebrain,kept_for_review_or_manual_approval,107,59,208,
549,oval paracentral thalamic nucleus,OvaParT,oval paracentral thalamic nucleus,rule_generated_from_paxinos_name,Algorithmic acronym generated from Paxinos raw name; requires manual review before use as curated label.,low,pending_review,OPTN_549,oval paracentral thalamic nucleus,kept_for_review_or_manual_approval,255,225,178,
550,olivary pretectal nucleus,OliPre,olivary pretectal nucleus,rule_generated_from_paxinos_name,Algorithmic acronym generated from Paxinos raw name; requires manual review before use as curated label.,low,pending_review,OPN_550,olivary pretectal nucleus,kept_for_review_or_manual_approval,121,59,250,
551,nucleus of the optic tract,Opt,nucleus of the optic tract,rule_generated_from_paxinos_name,Algorithmic acronym generated from Paxinos raw name; requires manual review before use as curated label.,low,pending_review,NOTOT_551,nucleus of the optic tract,kept_for_review_or_manual_approval,192,166,246,
552,olfactory ventricle (olfactory part of lateral ventricle),OVen,olfactory ventricle (olfactory part of lateral ventricle),rule_generated_from_paxinos_name,Algorithmic acronym generated from Paxinos raw name; requires manual review before use as curated label.,low,pending_review,OVOPOL_552,olfactory ventricle (olfactory part of lateral ventricle),kept_for_review_or_manual_approval,255,0,90,
553,obex,obex,obex,manual_common_neuroanatomy,descriptive label retained,high,pending_review,O_553,obex,kept_for_review_or_manual_approval,75,11,208,
555,olfactory cortex,OLF,olfactory cortex,manual_common_neuroanatomy,Allen-style broad abbreviation,high,pending_review,OC_555,olfactory cortex,kept_for_review_or_manual_approval,249,255,178,
557,optic nerve layer of the superior colliculus,OptSCol,optic nerve layer of the superior colliculus,rule_generated_from_paxinos_name,Algorithmic acronym generated from Paxinos raw name; requires manual review before use as curated label.,low,pending_review,ONLOTS_557,optic nerve layer of the superior colliculus,kept_for_review_or_manual_approval,124,118,233,
558,oriens layer of the hippocampus,SO,oriens layer of the hippocampus,manual_common_neuroanatomy,stratum oriens,high,pending_review,OLOTH_558,oriens layer of the hippocampus,kept_for_review_or_manual_approval,205,233,0,
559,Putamen,Pu,Putamen,rule_generated_from_paxinos_name,Algorithmic acronym generated from Paxinos raw name; requires manual review before use as curated label.,low,pending_review,P_559,Putamen,kept_for_review_or_manual_approval,255,248,178,
561,peritrigeminal zone,Per,peritrigeminal zone,rule_generated_from_paxinos_name,Algorithmic acronym generated from Paxinos raw name; requires manual review before use as curated label.,low,pending_review,PZ_561,peritrigeminal zone,kept_for_review_or_manual_approval,118,235,255,
562,perifacial zone,Per_562,perifacial zone,rule_generated_from_paxinos_name,Algorithmic acronym generated from Paxinos raw name; requires manual review before use as curated label.,low,pending_review,PZ_562,perifacial zone,kept_for_review_or_manual_approval,114,59,229,Acronym Per duplicated with label_id 561; suffixed with label_id for uniqueness.
563,periaqueductal gray,PAG,periaqueductal gray,manual_common_neuroanatomy,standard abbreviation,high,pending_review,PG_563,periaqueductal gray,kept_for_review_or_manual_approval,59,61,255,
564,parabrachial nucleus,PB,parabrachial nucleus,manual_common_neuroanatomy,standard abbreviation,high,pending_review,PN_564,parabrachial nucleus,kept_for_review_or_manual_approval,89,229,166,
565,parabigeminal nucleus,Par,parabigeminal nucleus,rule_generated_from_paxinos_name,Algorithmic acronym generated from Paxinos raw name; requires manual review before use as curated label.,low,pending_review,PN_565,parabigeminal nucleus,kept_for_review_or_manual_approval,126,107,216,
566,parabrachial pigmented nucleus of the VTA,PBP,parabrachial pigmented nucleus of the VTA,manual_common_neuroanatomy,standard abbreviation,high,pending_review,PPNOTV_566,parabrachial pigmented nucleus of the VTA,kept_for_review_or_manual_approval,178,255,222,
568,paracentral thalamic nucleus,PC,paracentral thalamic nucleus,manual_common_neuroanatomy,standard abbreviation,high,pending_review,PTN_568,paracentral thalamic nucleus,kept_for_review_or_manual_approval,223,136,0,
570,paracochlear glial substance,ParGliSub,paracochlear glial substance,rule_generated_from_paxinos_name,Algorithmic acronym generated from Paxinos raw name; requires manual review before use as curated label.,low,pending_review,PGS_570,paracochlear glial substance,kept_for_review_or_manual_approval,121,71,225,
571,parvicellular reticular nucleus,pcR,parvicellular reticular nucleus,rule_generated_from_paxinos_name,Algorithmic acronym generated from Paxinos raw name; requires manual review before use as curated label.,low,pending_review,PRN_571,parvicellular reticular nucleus,kept_for_review_or_manual_approval,152,228,255,
572,"parvicellular reticular nucleus, alpha part",pcRAlp,"parvicellular reticular nucleus, alpha part",rule_generated_from_paxinos_name,Algorithmic acronym generated from Paxinos raw name; requires manual review before use as curated label.,low,pending_review,PRNAP_572,"parvicellular reticular nucleus, alpha part",kept_for_review_or_manual_approval,149,107,237,
574,nucleus of the posterior commissure,PCom,nucleus of the posterior commissure,rule_generated_from_paxinos_name,Algorithmic acronym generated from Paxinos raw name; requires manual review before use as curated label.,low,pending_review,NOTPC_574,nucleus of the posterior commissure,kept_for_review_or_manual_approval,126,83,216,
576,posterodorsal preoptic nucleus,PDPO,posterodorsal preoptic nucleus,manual_common_neuroanatomy,standard abbreviation,high,pending_review,PPN_576,posterodorsal preoptic nucleus,kept_for_review_or_manual_approval,83,0,255,
577,posterodorsal raphe nucleus,PosR,posterodorsal raphe nucleus,rule_generated_from_paxinos_name,Algorithmic acronym generated from Paxinos raw name; requires manual review before use as curated label.,low,pending_review,PRN_577,posterodorsal raphe nucleus,kept_for_review_or_manual_approval,149,119,212,
578,posterodorsal tegmental nucleus,PosTg,posterodorsal tegmental nucleus,rule_generated_from_paxinos_name,Algorithmic acronym generated from Paxinos raw name; requires manual review before use as curated label.,low,pending_review,PTN_578,posterodorsal tegmental nucleus,kept_for_review_or_manual_approval,178,254,255,
579,parafascicular thalamic nucleus,PF,parafascicular thalamic nucleus,manual_common_neuroanatomy,standard abbreviation,high,pending_review,PTN_579,parafascicular thalamic nucleus,kept_for_review_or_manual_approval,244,187,35,
580,paraflocculus,Par_580,paraflocculus,rule_generated_from_paxinos_name,Algorithmic acronym generated from Paxinos raw name; requires manual review before use as curated label.,low,pending_review,P_580,paraflocculus,kept_for_review_or_manual_approval,35,212,87,Acronym Par duplicated with label_id 565; suffixed with label_id for uniqueness.
581,posterior hypothalamic nucleus,PH,posterior hypothalamic nucleus,manual_common_neuroanatomy,standard abbreviation,high,pending_review,PHN_581,posterior hypothalamic nucleus,kept_for_review_or_manual_approval,233,104,0,
582,posterior hypothalamic area,PH_582,posterior hypothalamic area,manual_common_neuroanatomy,"standard abbreviation, review overlap with posterior hypothalamic nucleus",high,pending_review,PHA_582,posterior hypothalamic area,kept_for_review_or_manual_approval,100,47,208,Acronym PH duplicated with label_id 581; suffixed with label_id for uniqueness.
583,"posterior hypothalamic area, dorsal part",PHD,"posterior hypothalamic area, dorsal part",manual_common_neuroanatomy,PH dorsal,high,pending_review,PHADP_583,"posterior hypothalamic area, dorsal part",kept_for_review_or_manual_approval,183,154,242,
584,parainterfascicular nucleus of the VTA,PIF,parainterfascicular nucleus of the VTA,manual_common_neuroanatomy,standard abbreviation,high,pending_review,PNOTV_584,parainterfascicular nucleus of the VTA,kept_for_review_or_manual_approval,187,154,255,
585,posterior intralaminar thalamic nucleus,PIL,posterior intralaminar thalamic nucleus,manual_common_neuroanatomy,standard abbreviation,high,pending_review,PITN_585,posterior intralaminar thalamic nucleus,kept_for_review_or_manual_approval,233,189,71,
586,paralemniscal nucleus,Par_586,paralemniscal nucleus,rule_generated_from_paxinos_name,Algorithmic acronym generated from Paxinos raw name; requires manual review before use as curated label.,low,pending_review,PN_586,paralemniscal nucleus,kept_for_review_or_manual_approval,111,71,191,Acronym Par duplicated with label_id 565; suffixed with label_id for uniqueness.
587,posterolateral cortical amygdaloid nucleus,PLCo,posterolateral cortical amygdaloid nucleus,manual_common_neuroanatomy,standard abbreviation for posterolateral cortical amygdala,high,pending_review,PCAN_587,posterolateral cortical amygdaloid nucleus,kept_for_review_or_manual_approval,233,113,59,
591,peduncular part of lateral hypothalamus,PeF,peduncular part of lateral hypothalamus,manual_common_neuroanatomy,"commonly related peduncular/perifornical lateral hypothalamus abbreviation, review",high,pending_review,PPOLH_591,peduncular part of lateral hypothalamus,kept_for_review_or_manual_approval,178,154,225,
592,"perilemniscal nucleus, ventral part",PerV,"perilemniscal nucleus, ventral part",rule_generated_from_paxinos_name,Algorithmic acronym generated from Paxinos raw name; requires manual review before use as curated label.,low,pending_review,PNVP_592,"perilemniscal nucleus, ventral part",kept_for_review_or_manual_approval,119,71,216,
593,paralambdoid septal nucleus,ParS,paralambdoid septal nucleus,rule_generated_from_paxinos_name,Algorithmic acronym generated from Paxinos raw name; requires manual review before use as curated label.,low,pending_review,PSN_593,paralambdoid septal nucleus,kept_for_review_or_manual_approval,109,47,233,
594,posterior limitans thalamic nucleus,PoT,posterior limitans thalamic nucleus,manual_common_neuroanatomy,"common descriptive abbreviation, review",high,pending_review,PLTN_594,posterior limitans thalamic nucleus,kept_for_review_or_manual_approval,107,59,203,
595,paramedian lobule,ParLob,paramedian lobule,rule_generated_from_paxinos_name,Algorithmic acronym generated from Paxinos raw name; requires manual review before use as curated label.,low,pending_review,PL_595,paramedian lobule,kept_for_review_or_manual_approval,76,166,199,
596,posteromedial cortical amygdaloid nucleus,PMCo,posteromedial cortical amygdaloid nucleus,manual_common_neuroanatomy,standard abbreviation for posteromedial cortical amygdala,high,pending_review,PCAN_596,posteromedial cortical amygdaloid nucleus,kept_for_review_or_manual_approval,255,203,178,
597,"premammillary nucleus, dorsal part",PreD,"premammillary nucleus, dorsal part",rule_generated_from_paxinos_name,Algorithmic acronym generated from Paxinos raw name; requires manual review before use as curated label.,low,pending_review,PNDP_597,"premammillary nucleus, dorsal part",kept_for_review_or_manual_approval,233,153,89,
598,"premammillary nucleus, ventral part",PreV,"premammillary nucleus, ventral part",rule_generated_from_paxinos_name,Algorithmic acronym generated from Paxinos raw name; requires manual review before use as curated label.,low,pending_review,PNVP_598,"premammillary nucleus, ventral part",kept_for_review_or_manual_approval,255,163,89,
599,paramedian reticular nucleus,ParR,paramedian reticular nucleus,rule_generated_from_paxinos_name,Algorithmic acronym generated from Paxinos raw name; requires manual review before use as curated label.,low,pending_review,PRN_599,paramedian reticular nucleus,kept_for_review_or_manual_approval,127,186,207,
600,paramedian raphe nucleus,PMnR,paramedian raphe nucleus,manual_common_neuroanatomy,standard abbreviation,high,pending_review,PRN_600,paramedian raphe nucleus,kept_for_review_or_manual_approval,0,223,183,
601,paranigral nucleus of the VTA,PN,paranigral nucleus of the VTA,manual_common_neuroanatomy,standard abbreviation,high,pending_review,PNOTV_601,paranigral nucleus of the VTA,kept_for_review_or_manual_approval,142,244,172,
602,periolivary horn,PerHor,periolivary horn,rule_generated_from_paxinos_name,Algorithmic acronym generated from Paxinos raw name; requires manual review before use as curated label.,low,pending_review,PH_602,periolivary horn,kept_for_review_or_manual_approval,127,71,237,
603,peripeduncular nucleus,Per_603,peripeduncular nucleus,rule_generated_from_paxinos_name,Algorithmic acronym generated from Paxinos raw name; requires manual review before use as curated label.,low,pending_review,PN_603,peripeduncular nucleus,kept_for_review_or_manual_approval,130,83,225,Acronym Per duplicated with label_id 561; suffixed with label_id for uniqueness.
604,posterior pretectal nucleus,PPre,posterior pretectal nucleus,rule_generated_from_paxinos_name,Algorithmic acronym generated from Paxinos raw name; requires manual review before use as curated label.,low,pending_review,PPN_604,posterior pretectal nucleus,kept_for_review_or_manual_approval,106,59,199,
606,parapyramidal nucleus,Par_606,parapyramidal nucleus,rule_generated_from_paxinos_name,Algorithmic acronym generated from Paxinos raw name; requires manual review before use as curated label.,low,pending_review,PN_606,parapyramidal nucleus,kept_for_review_or_manual_approval,104,47,216,Acronym Par duplicated with label_id 565; suffixed with label_id for uniqueness.
608,perirhinal cortex,PRh,perirhinal cortex,paxinos_cortex_file_exact_id,Exact ID match in Paxinos_Watson_Labels_Cortex.txt: PRh,official_local,pending_review,PRh,perirhinal cortex,kept_for_review_or_manual_approval,235,244,0,
609,parastrial nucleus,PS,parastrial nucleus,manual_common_neuroanatomy,standard abbreviation,high,pending_review,PN_609,parastrial nucleus,kept_for_review_or_manual_approval,223,95,0,
610,parasubthalamic nucleus,Par_610,parasubthalamic nucleus,rule_generated_from_paxinos_name,Algorithmic acronym generated from Paxinos raw name; requires manual review before use as curated label.,low,pending_review,PN_610,parasubthalamic nucleus,kept_for_review_or_manual_approval,255,218,89,Acronym Par duplicated with label_id 565; suffixed with label_id for uniqueness.
611,parasolitary nucleus,Par_611,parasolitary nucleus,rule_generated_from_paxinos_name,Algorithmic acronym generated from Paxinos raw name; requires manual review before use as curated label.,low,pending_review,PN_611,parasolitary nucleus,kept_for_review_or_manual_approval,76,190,231,Acronym Par duplicated with label_id 565; suffixed with label_id for uniqueness.
612,paratenial thalamic nucleus,PT,paratenial thalamic nucleus,manual_common_neuroanatomy,standard abbreviation,high,pending_review,PTN_612,paratenial thalamic nucleus,kept_for_review_or_manual_approval,244,216,142,
613,paraterete nucleus,Par_613,paraterete nucleus,rule_generated_from_paxinos_name,Algorithmic acronym generated from Paxinos raw name; requires manual review before use as curated label.,low,pending_review,PN_613,paraterete nucleus,kept_for_review_or_manual_approval,81,11,216,Acronym Par duplicated with label_id 565; suffixed with label_id for uniqueness.
614,pedunculopontine tegmental nucleus,PPTg,pedunculopontine tegmental nucleus,manual_common_neuroanatomy,standard abbreviation,high,pending_review,PTN_614,pedunculopontine tegmental nucleus,kept_for_review_or_manual_approval,172,142,229,
615,paraventricular thalamic nucleus,PVT,paraventricular thalamic nucleus,manual_common_neuroanatomy,standard abbreviation,high,pending_review,PTN_615,paraventricular thalamic nucleus,kept_for_review_or_manual_approval,223,163,0,
616,"paraventricular thalamic nucleus, anterior part",PVTa,"paraventricular thalamic nucleus, anterior part",manual_common_neuroanatomy,PVT anterior,high,pending_review,PTNAP_616,"paraventricular thalamic nucleus, anterior part",kept_for_review_or_manual_approval,212,174,71,
617,"paraventricular thalamic nucleus, posterior part",PVTp,"paraventricular thalamic nucleus, posterior part",manual_common_neuroanatomy,PVT posterior,high,pending_review,PTNPP_617,"paraventricular thalamic nucleus, posterior part",kept_for_review_or_manual_approval,244,207,107,
619,paraventricular hypoth nucleus,PVH,paraventricular hypothalamic nucleus,manual_common_neuroanatomy,Allen-style abbreviation for paraventricular hypothalamic nucleus,high,pending_review,PHN_619,paraventricular hypoth nucleus,kept_for_review_or_manual_approval,255,166,89,
620,paratrochlear nucleus,Par_620,paratrochlear nucleus,rule_generated_from_paxinos_name,Algorithmic acronym generated from Paxinos raw name; requires manual review before use as curated label.,low,pending_review,PN_620,paratrochlear nucleus,kept_for_review_or_manual_approval,90,23,220,Acronym Par duplicated with label_id 565; suffixed with label_id for uniqueness.
621,paratrigeminal nucleus,Par_621,paratrigeminal nucleus,rule_generated_from_paxinos_name,Algorithmic acronym generated from Paxinos raw name; requires manual review before use as curated label.,low,pending_review,PN_621,paratrigeminal nucleus,kept_for_review_or_manual_approval,51,194,247,Acronym Par duplicated with label_id 565; suffixed with label_id for uniqueness.
622,paraabducens nucleus,Par_622,paraabducens nucleus,rule_generated_from_paxinos_name,Algorithmic acronym generated from Paxinos raw name; requires manual review before use as curated label.,low,pending_review,PN_622,paraabducens nucleus,kept_for_review_or_manual_approval,101,23,250,Acronym Par duplicated with label_id 565; suffixed with label_id for uniqueness.
624,"paraventricular hypothalamic nucleus, anterior parvicellular part",PVHap,"paraventricular hypothalamic nucleus, anterior parvicellular part",manual_common_neuroanatomy,PVH anterior parvicellular,high,pending_review,PHNAPP_624,"paraventricular hypothalamic nucleus, anterior parvicellular part",kept_for_review_or_manual_approval,255,150,59,
625,paracommissural nucleus of the posterior commissure,ParPCom,paracommissural nucleus of the posterior commissure,rule_generated_from_paxinos_name,Algorithmic acronym generated from Paxinos raw name; requires manual review before use as curated label.,low,pending_review,PNOTPC_625,paracommissural nucleus of the posterior commissure,kept_for_review_or_manual_approval,122,71,220,
626,"paraventricular hypothalamic nucleus, dorsal cap",PVHdc,"paraventricular hypothalamic nucleus, dorsal cap",manual_common_neuroanatomy,PVH dorsal cap,high,pending_review,PHNDC_626,"paraventricular hypothalamic nucleus, dorsal cap",kept_for_review_or_manual_approval,233,109,0,
627,"paraventricular hypothalamic nucleus, lateral magnocellular part",PVHlm,"paraventricular hypothalamic nucleus, lateral magnocellular part",manual_common_neuroanatomy,PVH lateral magnocellular,high,pending_review,PHNLMP_627,"paraventricular hypothalamic nucleus, lateral magnocellular part",kept_for_review_or_manual_approval,255,119,0,
628,"paraventricular hypothalamic nucleus, medial magnocellular part",PVHmm,"paraventricular hypothalamic nucleus, medial magnocellular part",manual_common_neuroanatomy,PVH medial magnocellular,high,pending_review,PHNMMP_628,"paraventricular hypothalamic nucleus, medial magnocellular part",kept_for_review_or_manual_approval,196,166,255,
629,"paraventricular hypothalamic nucleus, medial parvicellular part",PVHmp,"paraventricular hypothalamic nucleus, medial parvicellular part",manual_common_neuroanatomy,PVH medial parvicellular,high,pending_review,PHNMPP_629,"paraventricular hypothalamic nucleus, medial parvicellular part",kept_for_review_or_manual_approval,233,141,59,
630,"paraventricular hypothalamic nucleus, posterior part",PVHp,"paraventricular hypothalamic nucleus, posterior part",manual_common_neuroanatomy,PVH posterior,high,pending_review,PHNPP_630,"paraventricular hypothalamic nucleus, posterior part",kept_for_review_or_manual_approval,255,214,178,
631,pararubral nucleus,Par_631,pararubral nucleus,rule_generated_from_paxinos_name,Algorithmic acronym generated from Paxinos raw name; requires manual review before use as curated label.,low,pending_review,PN_631,pararubral nucleus,kept_for_review_or_manual_approval,46,0,255,Acronym Par duplicated with label_id 565; suffixed with label_id for uniqueness.
632,parasubiculum,PaS,parasubiculum,manual_common_neuroanatomy,common abbreviation,high,pending_review,P_632,parasubiculum,kept_for_review_or_manual_approval,182,223,0,
633,"paraventricular hypothalamic nucleus, ventral part",PVHv,"paraventricular hypothalamic nucleus, ventral part",manual_common_neuroanatomy,PVH ventral,high,pending_review,PHNVP_633,"paraventricular hypothalamic nucleus, ventral part",kept_for_review_or_manual_approval,255,183,118,
634,paraxiphoid nucleus of thalamus,PaXi,paraxiphoid nucleus of thalamus,manual_common_neuroanatomy,descriptive abbreviation,high,pending_review,PNOT_634,paraxiphoid nucleus of thalamus,kept_for_review_or_manual_approval,244,178,0,
635,periventricular hypothalamic nucleus,Pe,periventricular hypothalamic nucleus,manual_common_neuroanatomy,common Paxinos-style abbreviation for periventricular hypothalamic nucleus,high,pending_review,PHN_635,periventricular hypothalamic nucleus,kept_for_review_or_manual_approval,255,170,89,
636,perifornical nucleus,PeF_636,perifornical nucleus,manual_common_neuroanatomy,common abbreviation for perifornical nucleus,high,pending_review,PN_636,perifornical nucleus,kept_for_review_or_manual_approval,255,154,89,Acronym PeF duplicated with label_id 591; suffixed with label_id for uniqueness.
637,perifornical part of lateral hypothalamus,PeF_637,perifornical part of lateral hypothalamus,manual_common_neuroanatomy,"common abbreviation for perifornical region, review",high,pending_review,PPOLH_637,perifornical part of lateral hypothalamus,kept_for_review_or_manual_approval,149,118,208,Acronym PeF duplicated with label_id 591; suffixed with label_id for uniqueness.
638,pineal gland,Pineal,pineal gland,manual_common_neuroanatomy,descriptive abbreviation,high,pending_review,PG_638,pineal gland,kept_for_review_or_manual_approval,255,238,178,
640,pineal stalk,PinealSt,pineal stalk,manual_common_neuroanatomy,descriptive abbreviation,high,pending_review,PS_640,pineal stalk,kept_for_review_or_manual_approval,154,119,220,
641,piriform cortex,Pir,piriform cortex,manual_common_neuroanatomy,standard abbreviation,high,pending_review,PC_641,piriform cortex,kept_for_review_or_manual_approval,237,255,0,
648,pleoglial periaqueductal gray,PIPAG,pleoglial periaqueductal gray,manual_common_neuroanatomy,"descriptive abbreviation, review",high,pending_review,PPG_648,pleoglial periaqueductal gray,kept_for_review_or_manual_approval,118,120,255,
649,pontine nuclei,Pon,pontine nuclei,rule_generated_from_paxinos_name,Algorithmic acronym generated from Paxinos raw name; requires manual review before use as curated label.,low,pending_review,PN_649,pontine nuclei,kept_for_review_or_manual_approval,89,255,208,
650,"pontine reticular nucleus, caudal part",PonRC,"pontine reticular nucleus, caudal part",rule_generated_from_paxinos_name,Algorithmic acronym generated from Paxinos raw name; requires manual review before use as curated label.,low,pending_review,PRNCP_650,"pontine reticular nucleus, caudal part",kept_for_review_or_manual_approval,0,255,185,
651,"pontine reticular nucleus, oral part",PonROra,"pontine reticular nucleus, oral part",rule_generated_from_paxinos_name,Algorithmic acronym generated from Paxinos raw name; requires manual review before use as curated label.,low,pending_review,PRNOP_651,"pontine reticular nucleus, oral part",kept_for_review_or_manual_approval,118,255,218,
652,pontine raphe nucleus,PnR,pontine raphe nucleus,manual_common_neuroanatomy,standard abbreviation,high,pending_review,PRN_652,pontine raphe nucleus,kept_for_review_or_manual_approval,0,255,180,
653,"pontine reticular nucleus, ventral part",PonRV,"pontine reticular nucleus, ventral part",rule_generated_from_paxinos_name,Algorithmic acronym generated from Paxinos raw name; requires manual review before use as curated label.,low,pending_review,PRNVP_653,"pontine reticular nucleus, ventral part",kept_for_review_or_manual_approval,0,255,180,
654,posterior thalamic nuclear group,Po,posterior thalamic nuclear group,manual_common_neuroanatomy,common abbreviation,high,pending_review,PTNG_654,posterior thalamic nuclear group,kept_for_review_or_manual_approval,223,178,89,
655,polymorph layer of the dentate gyrus,PoDG,polymorph layer of the dentate gyrus,manual_common_neuroanatomy,polymorph layer of dentate gyrus,high,pending_review,PLOTDG_655,polymorph layer of the dentate gyrus,kept_for_review_or_manual_approval,244,255,178,
656,posteromedian thalamic nucleus,PoM,posteromedian thalamic nucleus,manual_common_neuroanatomy,standard abbreviation,high,pending_review,PTN_656,posteromedian thalamic nucleus,kept_for_review_or_manual_approval,255,186,0,
657,"posterior thalamic nuclear group, triangular part",PoT_657,"posterior thalamic nuclear group, triangular part",manual_common_neuroanatomy,posterior thalamic triangular,high,pending_review,PTNGTP_657,"posterior thalamic nuclear group, triangular part",kept_for_review_or_manual_approval,255,169,0,Acronym PoT duplicated with label_id 594; suffixed with label_id for uniqueness.
658,postsubiculum,PoS,postsubiculum,manual_common_neuroanatomy,common abbreviation,high,pending_review,P_658,postsubiculum,kept_for_review_or_manual_approval,208,255,0,
659,prepositus nucleus,Pre,prepositus nucleus,rule_generated_from_paxinos_name,Algorithmic acronym generated from Paxinos raw name; requires manual review before use as curated label.,low,pending_review,PN_659,prepositus nucleus,kept_for_review_or_manual_approval,116,59,225,
660,principal sensory trigeminal nucleus,Pr5,principal sensory trigeminal nucleus,manual_common_neuroanatomy,common abbreviation,high,pending_review,PSTN_660,principal sensory trigeminal nucleus,kept_for_review_or_manual_approval,89,242,183,
661,"principal sensory trigeminal nucleus, dorsomedial part",PriS5Dor,"principal sensory trigeminal nucleus, dorsomedial part",rule_generated_from_paxinos_name,Algorithmic acronym generated from Paxinos raw name; requires manual review before use as curated label.,low,pending_review,PSTNDP_661,"principal sensory trigeminal nucleus, dorsomedial part",kept_for_review_or_manual_approval,178,255,224,
662,"principal sensory trigeminal nucleus, ventrolateral part",PriS5Ven,"principal sensory trigeminal nucleus, ventrolateral part",rule_generated_from_paxinos_name,Algorithmic acronym generated from Paxinos raw name; requires manual review before use as curated label.,low,pending_review,PSTNVP_662,"principal sensory trigeminal nucleus, ventrolateral part",kept_for_review_or_manual_approval,0,255,158,
663,pre-Botzinger complex,PreBot,pre-Botzinger complex,rule_generated_from_paxinos_name,Algorithmic acronym generated from Paxinos raw name; requires manual review before use as curated label.,low,pending_review,PBC_663,pre-Botzinger complex,kept_for_review_or_manual_approval,101,47,203,
664,precommissural nucleus,Pre_664,precommissural nucleus,rule_generated_from_paxinos_name,Algorithmic acronym generated from Paxinos raw name; requires manual review before use as curated label.,low,pending_review,PN_664,precommissural nucleus,kept_for_review_or_manual_approval,115,47,242,Acronym Pre duplicated with label_id 659; suffixed with label_id for uniqueness.
665,precuneiform area,Pre_665,precuneiform area,rule_generated_from_paxinos_name,Algorithmic acronym generated from Paxinos raw name; requires manual review before use as curated label.,low,pending_review,PA_665,precuneiform area,kept_for_review_or_manual_approval,166,130,233,Acronym Pre duplicated with label_id 659; suffixed with label_id for uniqueness.
666,pre-Edinger-Westphal nucleus,PreEdiWes,pre-Edinger-Westphal nucleus,rule_generated_from_paxinos_name,Algorithmic acronym generated from Paxinos raw name; requires manual review before use as curated label.,low,pending_review,PEWN_666,pre-Edinger-Westphal nucleus,kept_for_review_or_manual_approval,183,154,237,
667,prelimbic cortex,PrL,prelimbic cortex,paxinos_cortex_file_exact_id,Exact ID match in Paxinos_Watson_Labels_Cortex.txt: PrL,official_local,pending_review,PrL,prelimbic cortex,kept_for_review_or_manual_approval,228,233,71,
669,presubiculum,PrS,presubiculum,manual_common_neuroanatomy,common abbreviation,high,pending_review,P_669,presubiculum,kept_for_review_or_manual_approval,224,255,89,
671,"parietal cortex, posterior area, caudal part",PtPC,"parietal cortex, posterior area, caudal part",paxinos_cortex_file_exact_id,Exact ID match in Paxinos_Watson_Labels_Cortex.txt: PtPC,official_local,pending_review,PtPC,"parietal cortex, posterior area, caudal part",kept_for_review_or_manual_approval,217,223,71,
672,"parietal cortex, posterior area, dorsal part",PtPD,"parietal cortex, posterior area, dorsal part",paxinos_cortex_file_exact_id,Exact ID match in Paxinos_Watson_Labels_Cortex.txt: PtPD,official_local,pending_review,PtPD,"parietal cortex, posterior area, dorsal part",kept_for_review_or_manual_approval,204,212,0,
673,"parietal cortex, posterior area, rostral part",PtPR,"parietal cortex, posterior area, rostral part",paxinos_cortex_file_exact_id,Exact ID match in Paxinos_Watson_Labels_Cortex.txt: PtPR,official_local,pending_review,PtPR,"parietal cortex, posterior area, rostral part",kept_for_review_or_manual_approval,220,223,142,
674,pyramidal cell layer of the hippocampus,SP,pyramidal cell layer of the hippocampus,manual_common_neuroanatomy,stratum pyramidale,high,pending_review,PCLOTH_674,pyramidal cell layer of the hippocampus,kept_for_review_or_manual_approval,238,255,118,
675,red nucleus,RN,red nucleus,manual_common_neuroanatomy,standard abbreviation,high,pending_review,RN_675,red nucleus,kept_for_review_or_manual_approval,133,216,197,
677,rostral amygdalopiriform area,RAIP,rostral amygdalopiriform area,manual_common_neuroanatomy,standard-derived abbreviation for rostral amygdalopiriform area,high,pending_review,RAA_677,rostral amygdalopiriform area,kept_for_review_or_manual_approval,248,255,178,
681,retroambiguus nucleus,Ret,retroambiguus nucleus,rule_generated_from_paxinos_name,Algorithmic acronym generated from Paxinos raw name; requires manual review before use as curated label.,low,pending_review,RN_681,retroambiguus nucleus,kept_for_review_or_manual_approval,101,23,246,
683,retrochiasmatic area,RCh,retrochiasmatic area,manual_common_neuroanatomy,standard abbreviation,high,pending_review,RA_683,retrochiasmatic area,kept_for_review_or_manual_approval,255,212,178,
684,"retrochiasmatic area, lateral part",RChL,"retrochiasmatic area, lateral part",manual_common_neuroanatomy,RCh lateral,high,pending_review,RALP_684,"retrochiasmatic area, lateral part",kept_for_review_or_manual_approval,100,23,242,
685,retroethmoid nucleus,Ret_685,retroethmoid nucleus,rule_generated_from_paxinos_name,Algorithmic acronym generated from Paxinos raw name; requires manual review before use as curated label.,low,pending_review,RN_685,retroethmoid nucleus,kept_for_review_or_manual_approval,114,71,195,Acronym Ret duplicated with label_id 681; suffixed with label_id for uniqueness.
686,rostral interstitial nucleus of medial longitudinal fasciculus,RIntMLonFas,rostral interstitial nucleus of medial longitudinal fasciculus,rule_generated_from_paxinos_name,Algorithmic acronym generated from Paxinos raw name; requires manual review before use as curated label.,low,pending_review,RINOML_686,rostral interstitial nucleus of medial longitudinal fasciculus,kept_for_review_or_manual_approval,155,130,199,
687,raphe interpositus nucleus,RIP,raphe interpositus nucleus,manual_common_neuroanatomy,standard-derived abbreviation,high,pending_review,RIN_687,raphe interpositus nucleus,kept_for_review_or_manual_approval,59,223,195,
688,retrolemniscal nucleus,Ret_688,retrolemniscal nucleus,rule_generated_from_paxinos_name,Algorithmic acronym generated from Paxinos raw name; requires manual review before use as curated label.,low,pending_review,RN_688,retrolemniscal nucleus,kept_for_review_or_manual_approval,99,35,216,Acronym Ret duplicated with label_id 681; suffixed with label_id for uniqueness.
690,rostral linear nucleus of the raphe,RLinR,rostral linear nucleus of the raphe,rule_generated_from_paxinos_name,Algorithmic acronym generated from Paxinos raw name; requires manual review before use as curated label.,low,pending_review,RLNOTR_690,rostral linear nucleus of the raphe,kept_for_review_or_manual_approval,59,239,208,
691,"red nucleus, magnocellular part",Redmc,"red nucleus, magnocellular part",rule_generated_from_paxinos_name,Algorithmic acronym generated from Paxinos raw name; requires manual review before use as curated label.,low,pending_review,RNMP_691,"red nucleus, magnocellular part",kept_for_review_or_manual_approval,89,255,215,
692,raphe magnus nucleus,RMag,raphe magnus nucleus,rule_generated_from_paxinos_name,Algorithmic acronym generated from Paxinos raw name; requires manual review before use as curated label.,low,pending_review,RMN_692,raphe magnus nucleus,kept_for_review_or_manual_approval,118,255,232,
693,raphe obscurus nucleus,RObs,raphe obscurus nucleus,rule_generated_from_paxinos_name,Algorithmic acronym generated from Paxinos raw name; requires manual review before use as curated label.,low,pending_review,RON_693,raphe obscurus nucleus,kept_for_review_or_manual_approval,0,255,213,
694,"red nucleus, parvicellular part",Redpc,"red nucleus, parvicellular part",rule_generated_from_paxinos_name,Algorithmic acronym generated from Paxinos raw name; requires manual review before use as curated label.,low,pending_review,RNPP_694,"red nucleus, parvicellular part",kept_for_review_or_manual_approval,178,255,237,
695,retroparafascicular nucleus,Ret_695,retroparafascicular nucleus,rule_generated_from_paxinos_name,Algorithmic acronym generated from Paxinos raw name; requires manual review before use as curated label.,low,pending_review,RN_695,retroparafascicular nucleus,kept_for_review_or_manual_approval,153,118,216,Acronym Ret duplicated with label_id 681; suffixed with label_id for uniqueness.
697,raphe pallidus nucleus,RPal,raphe pallidus nucleus,rule_generated_from_paxinos_name,Algorithmic acronym generated from Paxinos raw name; requires manual review before use as curated label.,low,pending_review,RPN_697,raphe pallidus nucleus,kept_for_review_or_manual_approval,0,239,200,
698,retrorubral nucleus,Ret_698,retrorubral nucleus,rule_generated_from_paxinos_name,Algorithmic acronym generated from Paxinos raw name; requires manual review before use as curated label.,low,pending_review,RN_698,retrorubral nucleus,kept_for_review_or_manual_approval,158,142,229,Acronym Ret duplicated with label_id 681; suffixed with label_id for uniqueness.
699,retrorubral field,RetFie,retrorubral field,rule_generated_from_paxinos_name,Algorithmic acronym generated from Paxinos raw name; requires manual review before use as curated label.,low,pending_review,RF_699,retrorubral field,kept_for_review_or_manual_approval,40,0,216,
701,retrouniens area,Ret_701,retrouniens area,rule_generated_from_paxinos_name,Algorithmic acronym generated from Paxinos raw name; requires manual review before use as curated label.,low,pending_review,RA_701,retrouniens area,kept_for_review_or_manual_approval,115,47,237,Acronym Ret duplicated with label_id 681; suffixed with label_id for uniqueness.
702,retrosplenial dysgranular cortex,RSD,retrosplenial dysgranular cortex,paxinos_cortex_file_exact_id,Exact ID match in Paxinos_Watson_Labels_Cortex.txt: RSD,official_local,pending_review,RSD,retrosplenial dysgranular cortex,kept_for_review_or_manual_approval,238,244,71,
703,retrosplenial granular cortex,RSG,retrosplenial granular cortex,paxinos_cortex_file_exact_id,Exact ID match in Paxinos_Watson_Labels_Cortex.txt: RSG,official_local,pending_review,RSG,retrosplenial granular cortex,kept_for_review_or_manual_approval,255,254,178,
704,"retrosplenial granular cortex, a region",RSGa,"retrosplenial granular cortex, a region",paxinos_cortex_file_exact_id,Exact ID match in Paxinos_Watson_Labels_Cortex.txt: RSGa,official_local,pending_review,RSGa,"retrosplenial granular cortex, a region",kept_for_review_or_manual_approval,255,253,89,
705,"retrosplenial granular cortex, b region",RSGb,"retrosplenial granular cortex, b region",paxinos_cortex_file_exact_id,Exact ID match in Paxinos_Watson_Labels_Cortex.txt: RSGb,official_local,pending_review,RSGb,"retrosplenial granular cortex, b region",kept_for_review_or_manual_approval,255,254,0,
706,"retrosplenial granular cortex, c region",RSGc,"retrosplenial granular cortex, c region",paxinos_cortex_file_exact_id,Exact ID match in Paxinos_Watson_Labels_Cortex.txt: RSGc,official_local,pending_review,RSGc,"retrosplenial granular cortex, c region",kept_for_review_or_manual_approval,255,254,178,
707,rostroventrolateral reticular nucleus,RosR,rostroventrolateral reticular nucleus,rule_generated_from_paxinos_name,Algorithmic acronym generated from Paxinos raw name; requires manual review before use as curated label.,low,pending_review,RRN_707,rostroventrolateral reticular nucleus,kept_for_review_or_manual_approval,176,142,237,
708,rostral ventral respiratory group,RVRes,rostral ventral respiratory group,rule_generated_from_paxinos_name,Algorithmic acronym generated from Paxinos raw name; requires manual review before use as curated label.,low,pending_review,RVRG_708,rostral ventral respiratory group,kept_for_review_or_manual_approval,107,59,195,
709,radiatum layer of the hippocampus,RadHP,radiatum layer of the hippocampus,rule_generated_from_paxinos_name,Algorithmic acronym generated from Paxinos raw name; requires manual review before use as curated label.,low,pending_review,RLOTH_709,radiatum layer of the hippocampus,kept_for_review_or_manual_approval,231,255,59,
710,rhabdoid nucleus,Rha,rhabdoid nucleus,rule_generated_from_paxinos_name,Algorithmic acronym generated from Paxinos raw name; requires manual review before use as curated label.,low,pending_review,RN_710,rhabdoid nucleus,kept_for_review_or_manual_approval,112,47,229,
711,reuniens thalamic nucleus,Re,reuniens thalamic nucleus,manual_common_neuroanatomy,standard abbreviation,high,pending_review,RTN_711,reuniens thalamic nucleus,kept_for_review_or_manual_approval,255,186,44,
712,recess of the inferior colliculus,RecICol,recess of the inferior colliculus,rule_generated_from_paxinos_name,Algorithmic acronym generated from Paxinos raw name; requires manual review before use as curated label.,low,pending_review,ROTIC_712,recess of the inferior colliculus,kept_for_review_or_manual_approval,255,0,112,
713,retrohippocampal region,Ret_713,retrohippocampal region,rule_generated_from_paxinos_name,Algorithmic acronym generated from Paxinos raw name; requires manual review before use as curated label.,low,pending_review,RR_713,retrohippocampal region,kept_for_review_or_manual_approval,210,255,0,Acronym Ret duplicated with label_id 681; suffixed with label_id for uniqueness.
714,rhomboid thalamic nucleus,Rh,rhomboid thalamic nucleus,manual_common_neuroanatomy,standard abbreviation,high,pending_review,RTN_714,rhomboid thalamic nucleus,kept_for_review_or_manual_approval,255,215,107,
715,nucleus of Roller,Rol,nucleus of Roller,rule_generated_from_paxinos_name,Algorithmic acronym generated from Paxinos raw name; requires manual review before use as curated label.,low,pending_review,NOR_715,nucleus of Roller,kept_for_review_or_manual_approval,159,118,233,
716,reticular thalamic nucleus,RT,reticular thalamic nucleus,rule_generated_from_paxinos_name,Algorithmic acronym generated from Paxinos raw name; requires manual review before use as curated label.,low,pending_review,RTN_716,reticular thalamic nucleus,kept_for_review_or_manual_approval,201,147,0,
717,reticluostrial nucleus,Ret_717,reticluostrial nucleus,rule_generated_from_paxinos_name,Algorithmic acronym generated from Paxinos raw name; requires manual review before use as curated label.,low,pending_review,RN_717,reticluostrial nucleus,kept_for_review_or_manual_approval,123,59,237,Acronym Ret duplicated with label_id 681; suffixed with label_id for uniqueness.
718,reticulotegmental nucleus of the pons,RetPon,reticulotegmental nucleus of the pons,rule_generated_from_paxinos_name,Algorithmic acronym generated from Paxinos raw name; requires manual review before use as curated label.,low,pending_review,RNOTP_718,reticulotegmental nucleus of the pons,kept_for_review_or_manual_approval,0,229,199,
719,"reticulotegmental nucleus of the pons, lateral part",RetPonL,"reticulotegmental nucleus of the pons, lateral part",rule_generated_from_paxinos_name,Algorithmic acronym generated from Paxinos raw name; requires manual review before use as curated label.,low,pending_review,RNOTPL_719,"reticulotegmental nucleus of the pons, lateral part",kept_for_review_or_manual_approval,178,255,244,
720,"reticulotegmental nucleus of the pons, pericentral part",RetPonPer,"reticulotegmental nucleus of the pons, pericentral part",rule_generated_from_paxinos_name,Algorithmic acronym generated from Paxinos raw name; requires manual review before use as curated label.,low,pending_review,RNOTPP_720,"reticulotegmental nucleus of the pons, pericentral part",kept_for_review_or_manual_approval,0,255,222,
721,primary somatosensory cortex,S1,primary somatosensory cortex,paxinos_cortex_file_exact_id,Exact ID match in Paxinos_Watson_Labels_Cortex.txt: S1,official_local,pending_review,S1,primary somatosensory cortex,kept_for_review_or_manual_approval,232,233,0,
722,"primary somatosensory cortex, barrel field",S1BF,"primary somatosensory cortex, barrel field",paxinos_cortex_file_exact_id,Exact ID match in Paxinos_Watson_Labels_Cortex.txt: S1BF,official_local,pending_review,S1BF,"primary somatosensory cortex, barrel field",kept_for_review_or_manual_approval,254,255,0,
723,"primary somatosensory cortex, dysgranular  zone",S1DZ,"primary somatosensory cortex, dysgranular  zone",paxinos_cortex_file_exact_id,Exact ID match in Paxinos_Watson_Labels_Cortex.txt: S1DZ,official_local,pending_review,S1DZ,"primary somatosensory cortex, dysgranular  zone",kept_for_review_or_manual_approval,254,255,59,
724,"primary somatosensory cortex, oral dysgranular zone",S1DZO,"primary somatosensory cortex, oral dysgranular zone",paxinos_cortex_file_exact_id,Exact ID match in Paxinos_Watson_Labels_Cortex.txt: S1DZO,official_local,pending_review,S1DZO,"primary somatosensory cortex, oral dysgranular zone",kept_for_review_or_manual_approval,232,233,0,
725,"primary somatosensory cortex, forelimb region",S1FL,"primary somatosensory cortex, forelimb region",paxinos_cortex_file_exact_id,Exact ID match in Paxinos_Watson_Labels_Cortex.txt: S1FL,official_local,pending_review,S1FL,"primary somatosensory cortex, forelimb region",kept_for_review_or_manual_approval,254,255,178,
726,"primary somatosensory cortex, hindlimb region",S1HL,"primary somatosensory cortex, hindlimb region",paxinos_cortex_file_exact_id,Exact ID match in Paxinos_Watson_Labels_Cortex.txt: S1HL,official_local,pending_review,S1HL,"primary somatosensory cortex, hindlimb region",kept_for_review_or_manual_approval,211,212,59,
727,"primary somatosensory cortex, jaw region",S1J,"primary somatosensory cortex, jaw region",paxinos_cortex_file_exact_id,Exact ID match in Paxinos_Watson_Labels_Cortex.txt: S1J,official_local,pending_review,S1J,"primary somatosensory cortex, jaw region",kept_for_review_or_manual_approval,232,233,59,
728,"primary somatosensory cortex, shoulder region",S1Sh,"primary somatosensory cortex, shoulder region",paxinos_cortex_file_exact_id,Exact ID match in Paxinos_Watson_Labels_Cortex.txt: S1Sh,official_local,pending_review,S1Sh,"primary somatosensory cortex, shoulder region",kept_for_review_or_manual_approval,210,212,0,
730,"primary somatosensory cortex, trunk region",S1Tr,"primary somatosensory cortex, trunk region",paxinos_cortex_file_exact_id,Exact ID match in Paxinos_Watson_Labels_Cortex.txt: S1Tr,official_local,pending_review,S1Tr,"primary somatosensory cortex, trunk region",kept_for_review_or_manual_approval,232,233,118,
731,"primary somatosensory cortex, upper lip region",S1ULp,"primary somatosensory cortex, upper lip region",paxinos_cortex_file_exact_id,Exact ID match in Paxinos_Watson_Labels_Cortex.txt: S1ULp,official_local,pending_review,S1ULp,"primary somatosensory cortex, upper lip region",kept_for_review_or_manual_approval,253,255,118,
732,secondary somatosensory cortex,S2,secondary somatosensory cortex,paxinos_cortex_file_exact_id,Exact ID match in Paxinos_Watson_Labels_Cortex.txt: S2,official_local,pending_review,S2,secondary somatosensory cortex,kept_for_review_or_manual_approval,230,233,142,
733,superior colliculus,SC,superior colliculus,manual_common_neuroanatomy,standard abbreviation,high,pending_review,SC_733,superior colliculus,kept_for_review_or_manual_approval,10,0,233,
734,subcommissural organ,SubOrg,subcommissural organ,rule_generated_from_paxinos_name,Algorithmic acronym generated from Paxinos raw name; requires manual review before use as curated label.,low,pending_review,SO_734,subcommissural organ,kept_for_review_or_manual_approval,169,130,237,
735,suprachiasmatic nucleus,SCN,suprachiasmatic nucleus,manual_common_neuroanatomy,standard abbreviation,high,pending_review,SN_735,suprachiasmatic nucleus,kept_for_review_or_manual_approval,255,215,178,
736,"suprachiasmatic nucleus, dorsolateral part",SupDor,"suprachiasmatic nucleus, dorsolateral part",rule_generated_from_paxinos_name,Algorithmic acronym generated from Paxinos raw name; requires manual review before use as curated label.,low,pending_review,SNDP_736,"suprachiasmatic nucleus, dorsolateral part",kept_for_review_or_manual_approval,255,214,178,
737,"suprachiasmatic nucleus, ventromedial part",SupVen,"suprachiasmatic nucleus, ventromedial part",rule_generated_from_paxinos_name,Algorithmic acronym generated from Paxinos raw name; requires manual review before use as curated label.,low,pending_review,SNVP_737,"suprachiasmatic nucleus, ventromedial part",kept_for_review_or_manual_approval,255,122,0,
738,subfornical organ,SubOrg_738,subfornical organ,rule_generated_from_paxinos_name,Algorithmic acronym generated from Paxinos raw name; requires manual review before use as curated label.,low,pending_review,SO_738,subfornical organ,kept_for_review_or_manual_approval,113,35,250,Acronym SubOrg duplicated with label_id 734; suffixed with label_id for uniqueness.
739,septofimbrial nucleus,Sep,septofimbrial nucleus,rule_generated_from_paxinos_name,Algorithmic acronym generated from Paxinos raw name; requires manual review before use as curated label.,low,pending_review,SN_739,septofimbrial nucleus,kept_for_review_or_manual_approval,180,255,89,
740,suprageniculate thalamic nucleus,SupT,suprageniculate thalamic nucleus,rule_generated_from_paxinos_name,Algorithmic acronym generated from Paxinos raw name; requires manual review before use as curated label.,low,pending_review,STN_740,suprageniculate thalamic nucleus,kept_for_review_or_manual_approval,233,183,89,
741,supragenual nucleus,Sup,supragenual nucleus,rule_generated_from_paxinos_name,Algorithmic acronym generated from Paxinos raw name; requires manual review before use as curated label.,low,pending_review,SN_741,supragenual nucleus,kept_for_review_or_manual_approval,107,35,233,
743,septohippocampal nucleus,Sep_743,septohippocampal nucleus,rule_generated_from_paxinos_name,Algorithmic acronym generated from Paxinos raw name; requires manual review before use as curated label.,low,pending_review,SN_743,septohippocampal nucleus,kept_for_review_or_manual_approval,140,255,0,Acronym Sep duplicated with label_id 739; suffixed with label_id for uniqueness.
744,septohypothalamic nucleus,Sep_744,septohypothalamic nucleus,rule_generated_from_paxinos_name,Algorithmic acronym generated from Paxinos raw name; requires manual review before use as curated label.,low,pending_review,SN_744,septohypothalamic nucleus,kept_for_review_or_manual_approval,134,71,246,Acronym Sep duplicated with label_id 739; suffixed with label_id for uniqueness.
746,"substantia innominata, basal part",SubInnBas,"substantia innominata, basal part",rule_generated_from_paxinos_name,Algorithmic acronym generated from Paxinos raw name; requires manual review before use as curated label.,low,pending_review,SIBP_746,"substantia innominata, basal part",kept_for_review_or_manual_approval,255,230,0,
747,stratum lucidum of the hippocampus,StrLucHP,stratum lucidum of the hippocampus,rule_generated_from_paxinos_name,Algorithmic acronym generated from Paxinos raw name; requires manual review before use as curated label.,low,pending_review,SLOTH_747,stratum lucidum of the hippocampus,kept_for_review_or_manual_approval,223,255,0,
748,nucleus of the stria medullaris,StrMed,nucleus of the stria medullaris,rule_generated_from_paxinos_name,Algorithmic acronym generated from Paxinos raw name; requires manual review before use as curated label.,low,pending_review,NOTSM_748,nucleus of the stria medullaris,kept_for_review_or_manual_approval,86,0,237,
749,submammillothalamic nucleus,SMT,submammillothalamic nucleus,manual_common_neuroanatomy,standard abbreviation,high,pending_review,SN_749,submammillothalamic nucleus,kept_for_review_or_manual_approval,145,107,212,
750,superior medullary velum,SMedVel,superior medullary velum,rule_generated_from_paxinos_name,Algorithmic acronym generated from Paxinos raw name; requires manual review before use as curated label.,low,pending_review,SMV_750,superior medullary velum,kept_for_review_or_manual_approval,44,207,125,
751,substantia nigra,SubNig,substantia nigra,rule_generated_from_paxinos_name,Algorithmic acronym generated from Paxinos raw name; requires manual review before use as curated label.,low,pending_review,SN_751,substantia nigra,kept_for_review_or_manual_approval,134,118,255,
752,"substantia nigra, compact part",SNc,"substantia nigra, compact part",manual_common_neuroanatomy,standard abbreviation,high,pending_review,SNCP_752,"substantia nigra, compact part",kept_for_review_or_manual_approval,23,0,255,
753,"substantia nigra, compact part, dorsal tier",SubNigcDTie,"substantia nigra, compact part, dorsal tier",rule_generated_from_paxinos_name,Algorithmic acronym generated from Paxinos raw name; requires manual review before use as curated label.,low,pending_review,SNCPDT_753,"substantia nigra, compact part, dorsal tier",kept_for_review_or_manual_approval,184,178,255,
754,"substantia nigra, compact part, medial tier",SubNigcMTie,"substantia nigra, compact part, medial tier",rule_generated_from_paxinos_name,Algorithmic acronym generated from Paxinos raw name; requires manual review before use as curated label.,low,pending_review,SNCPMT_754,"substantia nigra, compact part, medial tier",kept_for_review_or_manual_approval,187,178,255,
755,"substantia nigra, compacta part, ventral tier",SubNigComVTie,"substantia nigra, compacta part, ventral tier",rule_generated_from_paxinos_name,Algorithmic acronym generated from Paxinos raw name; requires manual review before use as curated label.,low,pending_review,SNCPVT_755,"substantia nigra, compacta part, ventral tier",kept_for_review_or_manual_approval,24,0,255,
756,"substantia nigra, lateral part",SNL,"substantia nigra, lateral part",manual_common_neuroanatomy,standard abbreviation,high,pending_review,SNLP_756,"substantia nigra, lateral part",kept_for_review_or_manual_approval,31,0,255,
758,"substantia nigra, reticular part",SNr,"substantia nigra, reticular part",manual_common_neuroanatomy,standard abbreviation,high,pending_review,SNRP_758,"substantia nigra, reticular part",kept_for_review_or_manual_approval,112,89,255,
761,supraoptic nucleus,Sup_761,supraoptic nucleus,rule_generated_from_paxinos_name,Algorithmic acronym generated from Paxinos raw name; requires manual review before use as curated label.,low,pending_review,SN_761,supraoptic nucleus,kept_for_review_or_manual_approval,255,100,0,Acronym Sup duplicated with label_id 741; suffixed with label_id for uniqueness.
762,"supraoptic nucleus, retrochiasmatic part",SupRet,"supraoptic nucleus, retrochiasmatic part",rule_generated_from_paxinos_name,Algorithmic acronym generated from Paxinos raw name; requires manual review before use as curated label.,low,pending_review,SNRP_762,"supraoptic nucleus, retrochiasmatic part",kept_for_review_or_manual_approval,143,107,208,
763,subparafascicular thalamic nucleus,SubT,subparafascicular thalamic nucleus,rule_generated_from_paxinos_name,Algorithmic acronym generated from Paxinos raw name; requires manual review before use as curated label.,low,pending_review,STN_763,subparafascicular thalamic nucleus,kept_for_review_or_manual_approval,255,174,0,
764,"subparafascicular thalamic nucleus, parvicellular part",SubTpc,"subparafascicular thalamic nucleus, parvicellular part",rule_generated_from_paxinos_name,Algorithmic acronym generated from Paxinos raw name; requires manual review before use as curated label.,low,pending_review,STNPP_764,"subparafascicular thalamic nucleus, parvicellular part",kept_for_review_or_manual_approval,255,174,0,
765,superior paraolivary nucleus,SPar,superior paraolivary nucleus,rule_generated_from_paxinos_name,Algorithmic acronym generated from Paxinos raw name; requires manual review before use as curated label.,low,pending_review,SPN_765,superior paraolivary nucleus,kept_for_review_or_manual_approval,127,197,223,
766,subpeduncular tegmental nucleus,SubTg,subpeduncular tegmental nucleus,rule_generated_from_paxinos_name,Algorithmic acronym generated from Paxinos raw name; requires manual review before use as curated label.,low,pending_review,STN_766,subpeduncular tegmental nucleus,kept_for_review_or_manual_approval,0,209,212,
767,subparaventricular zone of the hypothalamus,SubHyp,subparaventricular zone of the hypothalamus,rule_generated_from_paxinos_name,Algorithmic acronym generated from Paxinos raw name; requires manual review before use as curated label.,low,pending_review,SZOTH_767,subparaventricular zone of the hypothalamus,kept_for_review_or_manual_approval,255,217,178,
768,bed nucleus of the stria terminalis,BedStrTer,bed nucleus of the stria terminalis,rule_generated_from_paxinos_name,Algorithmic acronym generated from Paxinos raw name; requires manual review before use as curated label.,low,pending_review,BNOTST_768,bed nucleus of the stria terminalis,kept_for_review_or_manual_approval,185,255,59,
769,"bed nucleus of the stria terminalis, dorsal part",BedStrTerD,"bed nucleus of the stria terminalis, dorsal part",rule_generated_from_paxinos_name,Algorithmic acronym generated from Paxinos raw name; requires manual review before use as curated label.,low,pending_review,BNOTST_769,"bed nucleus of the stria terminalis, dorsal part",kept_for_review_or_manual_approval,157,255,0,
771,"bed nucleus of the stria terminalis, intraamygdaloid division",BedStrTerInt,"bed nucleus of the stria terminalis, intraamygdaloid division",rule_generated_from_paxinos_name,Algorithmic acronym generated from Paxinos raw name; requires manual review before use as curated label.,low,pending_review,BNOTST_771,"bed nucleus of the stria terminalis, intraamygdaloid division",kept_for_review_or_manual_approval,230,255,178,
773,"bed nucleus of the stria terminalis, lateral division",BedStrTerL,"bed nucleus of the stria terminalis, lateral division",rule_generated_from_paxinos_name,Algorithmic acronym generated from Paxinos raw name; requires manual review before use as curated label.,low,pending_review,BNOTST_773,"bed nucleus of the stria terminalis, lateral division",kept_for_review_or_manual_approval,147,223,0,
774,"bed nucleus of the stria terminalis, lateral division, dorsal part",BedStrTerLD,"bed nucleus of the stria terminalis, lateral division, dorsal part",rule_generated_from_paxinos_name,Algorithmic acronym generated from Paxinos raw name; requires manual review before use as curated label.,low,pending_review,BNOTST_774,"bed nucleus of the stria terminalis, lateral division, dorsal part",kept_for_review_or_manual_approval,185,233,89,
775,"bed nucleus of the stria terminalis, lateral division, intermediate part",BedStrTerLI,"bed nucleus of the stria terminalis, lateral division, intermediate part",rule_generated_from_paxinos_name,Algorithmic acronym generated from Paxinos raw name; requires manual review before use as curated label.,low,pending_review,BNOTST_775,"bed nucleus of the stria terminalis, lateral division, intermediate part",kept_for_review_or_manual_approval,169,255,0,
776,"bed nucleus of the stria terminalis, lateral division, juxtacapsular part",BedStrTerLJux,"bed nucleus of the stria terminalis, lateral division, juxtacapsular part",rule_generated_from_paxinos_name,Algorithmic acronym generated from Paxinos raw name; requires manual review before use as curated label.,low,pending_review,BNOTST_776,"bed nucleus of the stria terminalis, lateral division, juxtacapsular part",kept_for_review_or_manual_approval,229,255,178,
777,"bed nucleus of the stria terminalis, lateral division, posterior part",BedStrTerLP,"bed nucleus of the stria terminalis, lateral division, posterior part",rule_generated_from_paxinos_name,Algorithmic acronym generated from Paxinos raw name; requires manual review before use as curated label.,low,pending_review,BNOTST_777,"bed nucleus of the stria terminalis, lateral division, posterior part",kept_for_review_or_manual_approval,154,233,0,
778,"bed nucleus of the stria terminalis, lateral division, ventral part",BedStrTerLV,"bed nucleus of the stria terminalis, lateral division, ventral part",rule_generated_from_paxinos_name,Algorithmic acronym generated from Paxinos raw name; requires manual review before use as curated label.,low,pending_review,BNOTST_778,"bed nucleus of the stria terminalis, lateral division, ventral part",kept_for_review_or_manual_approval,198,255,89,
779,"bed nucleus of the stria terminalis, medial division",BedStrTerM,"bed nucleus of the stria terminalis, medial division",rule_generated_from_paxinos_name,Algorithmic acronym generated from Paxinos raw name; requires manual review before use as curated label.,low,pending_review,BNOTST_779,"bed nucleus of the stria terminalis, medial division",kept_for_review_or_manual_approval,196,255,89,
780,"bed nucleus of the stria terminalis, medial division, anterior part",BedStrTerMA,"bed nucleus of the stria terminalis, medial division, anterior part",rule_generated_from_paxinos_name,Algorithmic acronym generated from Paxinos raw name; requires manual review before use as curated label.,low,pending_review,BNOTST_780,"bed nucleus of the stria terminalis, medial division, anterior part",kept_for_review_or_manual_approval,138,212,0,
781,"bed nucleus of the stria terminalis, medial division, anterolateral part",BedStrTerMAnt,"bed nucleus of the stria terminalis, medial division, anterolateral part",rule_generated_from_paxinos_name,Algorithmic acronym generated from Paxinos raw name; requires manual review before use as curated label.,low,pending_review,BNOTST_781,"bed nucleus of the stria terminalis, medial division, anterolateral part",kept_for_review_or_manual_approval,172,233,59,
782,"bed nucleus of the stria terminalis, medial division, anteromedial part",BedStrTerMAnt_782,"bed nucleus of the stria terminalis, medial division, anteromedial part",rule_generated_from_paxinos_name,Algorithmic acronym generated from Paxinos raw name; requires manual review before use as curated label.,low,pending_review,BNOTST_782,"bed nucleus of the stria terminalis, medial division, anteromedial part",kept_for_review_or_manual_approval,228,255,178,Acronym BedStrTerMAnt duplicated with label_id 781; suffixed with label_id for uniqueness.
783,"bed nucleus of the stria terminalis, medial division, posterior part",BedStrTerMP,"bed nucleus of the stria terminalis, medial division, posterior part",rule_generated_from_paxinos_name,Algorithmic acronym generated from Paxinos raw name; requires manual review before use as curated label.,low,pending_review,BNOTST_783,"bed nucleus of the stria terminalis, medial division, posterior part",kept_for_review_or_manual_approval,151,233,0,
784,"bed nucleus of the stria terminalis, medial division, posterointermediate part",BedStrTerMPos,"bed nucleus of the stria terminalis, medial division, posterointermediate part",rule_generated_from_paxinos_name,Algorithmic acronym generated from Paxinos raw name; requires manual review before use as curated label.,low,pending_review,BNOTST_784,"bed nucleus of the stria terminalis, medial division, posterointermediate part",kept_for_review_or_manual_approval,206,255,118,
785,"bed nucleus of the stria terminalis, medial division, posterolateral part",BedStrTerMPos_785,"bed nucleus of the stria terminalis, medial division, posterolateral part",rule_generated_from_paxinos_name,Algorithmic acronym generated from Paxinos raw name; requires manual review before use as curated label.,low,pending_review,BNOTST_785,"bed nucleus of the stria terminalis, medial division, posterolateral part",kept_for_review_or_manual_approval,164,255,0,Acronym BedStrTerMPos duplicated with label_id 784; suffixed with label_id for uniqueness.
786,"bed nucleus of the stria terminalis, medial division, posteromedial part",BedStrTerMPos_786,"bed nucleus of the stria terminalis, medial division, posteromedial part",rule_generated_from_paxinos_name,Algorithmic acronym generated from Paxinos raw name; requires manual review before use as curated label.,low,pending_review,BNOTST_786,"bed nucleus of the stria terminalis, medial division, posteromedial part",kept_for_review_or_manual_approval,185,255,59,Acronym BedStrTerMPos duplicated with label_id 784; suffixed with label_id for uniqueness.
787,"bed nucleus of the stria terminalis, medial division, ventral part",BedStrTerMV,"bed nucleus of the stria terminalis, medial division, ventral part",rule_generated_from_paxinos_name,Algorithmic acronym generated from Paxinos raw name; requires manual review before use as curated label.,low,pending_review,BNOTST_787,"bed nucleus of the stria terminalis, medial division, ventral part",kept_for_review_or_manual_approval,192,233,118,
788,"bed nucleus of stria terminalis, supracapsular division",BedStrTerSup,"bed nucleus of stria terminalis, supracapsular division",rule_generated_from_paxinos_name,Algorithmic acronym generated from Paxinos raw name; requires manual review before use as curated label.,low,pending_review,BNOSTS_788,"bed nucleus of stria terminalis, supracapsular division",kept_for_review_or_manual_approval,160,255,0,
789,"bed nucleus of stria terminalis, supracapsular division, medial part",BedStrTerSupM,"bed nucleus of stria terminalis, supracapsular division, medial part",rule_generated_from_paxinos_name,Algorithmic acronym generated from Paxinos raw name; requires manual review before use as curated label.,low,pending_review,BNOSTS_789,"bed nucleus of stria terminalis, supracapsular division, medial part",kept_for_review_or_manual_approval,227,255,178,
790,"bed nucleus of stria terminalis, supracapsular division, lateralpart",BedStrTerSupLat,"bed nucleus of stria terminalis, supracapsular division, lateralpart",rule_generated_from_paxinos_name,Algorithmic acronym generated from Paxinos raw name; requires manual review before use as curated label.,low,pending_review,BNOSTS_790,"bed nucleus of stria terminalis, supracapsular division, lateralpart",kept_for_review_or_manual_approval,160,255,0,
791,"subiculum, transition area",SubTra,"subiculum, transition area",rule_generated_from_paxinos_name,Algorithmic acronym generated from Paxinos raw name; requires manual review before use as curated label.,low,pending_review,STA_791,"subiculum, transition area",kept_for_review_or_manual_approval,240,255,178,
792,sagulum nucleus,Sag,sagulum nucleus,rule_generated_from_paxinos_name,Algorithmic acronym generated from Paxinos raw name; requires manual review before use as curated label.,low,pending_review,SN_792,sagulum nucleus,kept_for_review_or_manual_approval,59,209,212,
793,scaphoid thalamic nucleus,ScaT,scaphoid thalamic nucleus,rule_generated_from_paxinos_name,Algorithmic acronym generated from Paxinos raw name; requires manual review before use as curated label.,low,pending_review,STN_793,scaphoid thalamic nucleus,kept_for_review_or_manual_approval,173,130,246,
794,Septum,S,Septum,rule_generated_from_paxinos_name,Algorithmic acronym generated from Paxinos raw name; requires manual review before use as curated label.,low,pending_review,S_794,Septum,kept_for_review_or_manual_approval,145,255,0,
795,simple lobule,SimLob,simple lobule,rule_generated_from_paxinos_name,Algorithmic acronym generated from Paxinos raw name; requires manual review before use as curated label.,low,pending_review,SL_795,simple lobule,kept_for_review_or_manual_approval,118,233,149,
796,simple lobule A,SimLobA,simple lobule A,rule_generated_from_paxinos_name,Algorithmic acronym generated from Paxinos raw name; requires manual review before use as curated label.,low,pending_review,SLA_796,simple lobule A,kept_for_review_or_manual_approval,0,255,67,
797,simple lobule B,SimLobB,simple lobule B,rule_generated_from_paxinos_name,Algorithmic acronym generated from Paxinos raw name; requires manual review before use as curated label.,low,pending_review,SLB_797,simple lobule B,kept_for_review_or_manual_approval,178,255,199,
798,nucleus of the solitary tract,NTS,nucleus of the solitary tract,manual_common_neuroanatomy,standard abbreviation,high,pending_review,NOTST_798,nucleus of the solitary tract,kept_for_review_or_manual_approval,133,229,220,
799,"nucleus of the solitary tract, commissural part",SolCom,"nucleus of the solitary tract, commissural part",rule_generated_from_paxinos_name,Algorithmic acronym generated from Paxinos raw name; requires manual review before use as curated label.,low,pending_review,NOTSTC_799,"nucleus of the solitary tract, commissural part",kept_for_review_or_manual_approval,0,255,227,
800,"nucleus of the solitary tract, central part",SolC,"nucleus of the solitary tract, central part",rule_generated_from_paxinos_name,Algorithmic acronym generated from Paxinos raw name; requires manual review before use as curated label.,low,pending_review,NOTSTC_800,"nucleus of the solitary tract, central part",kept_for_review_or_manual_approval,89,223,208,
801,"solitary nucleus, dorsolateral part",SolDor,"solitary nucleus, dorsolateral part",rule_generated_from_paxinos_name,Algorithmic acronym generated from Paxinos raw name; requires manual review before use as curated label.,low,pending_review,SNDP_801,"solitary nucleus, dorsolateral part",kept_for_review_or_manual_approval,0,239,214,
802,"nucleus of the solitary tract, dorsomedial part",SolDor_802,"nucleus of the solitary tract, dorsomedial part",rule_generated_from_paxinos_name,Algorithmic acronym generated from Paxinos raw name; requires manual review before use as curated label.,low,pending_review,NOTSTD_802,"nucleus of the solitary tract, dorsomedial part",kept_for_review_or_manual_approval,0,223,200,Acronym SolDor duplicated with label_id 801; suffixed with label_id for uniqueness.
803,"nucleus of the solitary tract, gelatinous part",SolGel,"nucleus of the solitary tract, gelatinous part",rule_generated_from_paxinos_name,Algorithmic acronym generated from Paxinos raw name; requires manual review before use as curated label.,low,pending_review,NOTSTG_803,"nucleus of the solitary tract, gelatinous part",kept_for_review_or_manual_approval,89,239,224,
804,"nucleus of the solitary tract, interstitial part",SolInt,"nucleus of the solitary tract, interstitial part",rule_generated_from_paxinos_name,Algorithmic acronym generated from Paxinos raw name; requires manual review before use as curated label.,low,pending_review,NOTSTI_804,"nucleus of the solitary tract, interstitial part",kept_for_review_or_manual_approval,44,255,234,
805,"nucleus of the solitary tract, intermediate part",SolI,"nucleus of the solitary tract, intermediate part",rule_generated_from_paxinos_name,Algorithmic acronym generated from Paxinos raw name; requires manual review before use as curated label.,low,pending_review,NOTSTI_805,"nucleus of the solitary tract, intermediate part",kept_for_review_or_manual_approval,0,207,187,
806,"nucleus of the solitary tract, lateral part",SolL,"nucleus of the solitary tract, lateral part",rule_generated_from_paxinos_name,Algorithmic acronym generated from Paxinos raw name; requires manual review before use as curated label.,low,pending_review,NOTSTL_806,"nucleus of the solitary tract, lateral part",kept_for_review_or_manual_approval,44,239,221,
807,"nucleus of the solitary tract, medial part",SolM,"nucleus of the solitary tract, medial part",rule_generated_from_paxinos_name,Algorithmic acronym generated from Paxinos raw name; requires manual review before use as curated label.,low,pending_review,NOTSTM_807,"nucleus of the solitary tract, medial part",kept_for_review_or_manual_approval,133,223,215,
808,"nucleus of the solitary tract, rostrolateral part",SolRos,"nucleus of the solitary tract, rostrolateral part",rule_generated_from_paxinos_name,Algorithmic acronym generated from Paxinos raw name; requires manual review before use as curated label.,low,pending_review,NOTSTR_808,"nucleus of the solitary tract, rostrolateral part",kept_for_review_or_manual_approval,133,239,230,
809,"solitary nucleus, ventral part",SolV,"solitary nucleus, ventral part",rule_generated_from_paxinos_name,Algorithmic acronym generated from Paxinos raw name; requires manual review before use as curated label.,low,pending_review,SNVP_809,"solitary nucleus, ventral part",kept_for_review_or_manual_approval,133,255,245,
810,"nucleus of the solitary tract, ventrolateral part",SolVen,"nucleus of the solitary tract, ventrolateral part",rule_generated_from_paxinos_name,Algorithmic acronym generated from Paxinos raw name; requires manual review before use as curated label.,low,pending_review,NOTSTV_810,"nucleus of the solitary tract, ventrolateral part",kept_for_review_or_manual_approval,44,223,208,
812,spinal trigeminal nucleus,Sp5,spinal trigeminal nucleus,manual_common_neuroanatomy,common abbreviation,high,pending_review,STN_812,spinal trigeminal nucleus,kept_for_review_or_manual_approval,44,203,196,
813,"spinal trigeminal nucleus, caudal part",Sp5C,"spinal trigeminal nucleus, caudal part",manual_common_neuroanatomy,common abbreviation,high,pending_review,STNCP_813,"spinal trigeminal nucleus, caudal part",kept_for_review_or_manual_approval,178,255,250,
814,"spinal trigeminal nucleus, interpolar part",Sp5I,"spinal trigeminal nucleus, interpolar part",manual_common_neuroanatomy,common abbreviation,high,pending_review,STNIP_814,"spinal trigeminal nucleus, interpolar part",kept_for_review_or_manual_approval,0,255,243,
815,"spinal trigeminal nucleus, oral part",Sp5O,"spinal trigeminal nucleus, oral part",manual_common_neuroanatomy,common abbreviation,high,pending_review,STNOP_815,"spinal trigeminal nucleus, oral part",kept_for_review_or_manual_approval,89,255,248,
818,spinal vestibular nucleus,SpiVe,spinal vestibular nucleus,rule_generated_from_paxinos_name,Algorithmic acronym generated from Paxinos raw name; requires manual review before use as curated label.,low,pending_review,SVN_818,spinal vestibular nucleus,kept_for_review_or_manual_approval,153,221,247,
819,sphenoid nucleus,Sph,sphenoid nucleus,rule_generated_from_paxinos_name,Algorithmic acronym generated from Paxinos raw name; requires manual review before use as curated label.,low,pending_review,SN_819,sphenoid nucleus,kept_for_review_or_manual_approval,25,175,231,
820,strial part of the preoptic area,StrPO,strial part of the preoptic area,rule_generated_from_paxinos_name,Algorithmic acronym generated from Paxinos raw name; requires manual review before use as curated label.,low,pending_review,SPOTPA_820,strial part of the preoptic area,kept_for_review_or_manual_approval,92,35,191,
821,striohypothalamic nucleus,Str,striohypothalamic nucleus,rule_generated_from_paxinos_name,Algorithmic acronym generated from Paxinos raw name; requires manual review before use as curated label.,low,pending_review,SN_821,striohypothalamic nucleus,kept_for_review_or_manual_approval,91,23,208,
822,stigmoid hypothalamic nucleus,StiHyp,stigmoid hypothalamic nucleus,rule_generated_from_paxinos_name,Algorithmic acronym generated from Paxinos raw name; requires manual review before use as curated label.,low,pending_review,SHN_822,stigmoid hypothalamic nucleus,kept_for_review_or_manual_approval,255,209,178,
823,striatum,Str_823,striatum,rule_generated_from_paxinos_name,Algorithmic acronym generated from Paxinos raw name; requires manual review before use as curated label.,low,pending_review,S_823,striatum,kept_for_review_or_manual_approval,223,208,0,Acronym Str duplicated with label_id 821; suffixed with label_id for uniqueness.
825,ventral striatum,VStr,ventral striatum,rule_generated_from_paxinos_name,Algorithmic acronym generated from Paxinos raw name; requires manual review before use as curated label.,low,pending_review,VS_825,ventral striatum,kept_for_review_or_manual_approval,255,250,178,
826,supraoculomotor periaqueductal gray,SupPAGGra,supraoculomotor periaqueductal gray,rule_generated_from_paxinos_name,Algorithmic acronym generated from Paxinos raw name; requires manual review before use as curated label.,low,pending_review,SPG_826,supraoculomotor periaqueductal gray,kept_for_review_or_manual_approval,106,71,255,
827,supraoculomotor cap,SupCap,supraoculomotor cap,rule_generated_from_paxinos_name,Algorithmic acronym generated from Paxinos raw name; requires manual review before use as curated label.,low,pending_review,SC_827,supraoculomotor cap,kept_for_review_or_manual_approval,104,71,242,
828,supratrigeminal nucleus,Sup_828,supratrigeminal nucleus,rule_generated_from_paxinos_name,Algorithmic acronym generated from Paxinos raw name; requires manual review before use as curated label.,low,pending_review,SN_828,supratrigeminal nucleus,kept_for_review_or_manual_approval,0,157,215,Acronym Sup duplicated with label_id 741; suffixed with label_id for uniqueness.
829,superficial gray layer of the superior colliculus,SupGraSCol,superficial gray layer of the superior colliculus,rule_generated_from_paxinos_name,Algorithmic acronym generated from Paxinos raw name; requires manual review before use as curated label.,low,pending_review,SGLOTS_829,superficial gray layer of the superior colliculus,kept_for_review_or_manual_approval,70,59,255,
830,supramammillary nucleus,SuM,supramammillary nucleus,manual_common_neuroanatomy,standard abbreviation,high,pending_review,SN_830,supramammillary nucleus,kept_for_review_or_manual_approval,255,211,178,
831,"supramammillary nucleus, lateral part",SupL,"supramammillary nucleus, lateral part",rule_generated_from_paxinos_name,Algorithmic acronym generated from Paxinos raw name; requires manual review before use as curated label.,low,pending_review,SNLP_831,"supramammillary nucleus, lateral part",kept_for_review_or_manual_approval,255,109,0,
832,"supramammillary nucleus, medial part",SupM,"supramammillary nucleus, medial part",rule_generated_from_paxinos_name,Algorithmic acronym generated from Paxinos raw name; requires manual review before use as curated label.,low,pending_review,SNMP_832,"supramammillary nucleus, medial part",kept_for_review_or_manual_approval,255,211,178,
833,superior salivatory nucleus,SSal,superior salivatory nucleus,rule_generated_from_paxinos_name,Algorithmic acronym generated from Paxinos raw name; requires manual review before use as curated label.,low,pending_review,SSN_833,superior salivatory nucleus,kept_for_review_or_manual_approval,180,142,246,
834,superior vestibular nucleus,SVe,superior vestibular nucleus,rule_generated_from_paxinos_name,Algorithmic acronym generated from Paxinos raw name; requires manual review before use as curated label.,low,pending_review,SVN_834,superior vestibular nucleus,kept_for_review_or_manual_approval,167,130,229,
835,superior vestibular nucleus,SVe_835,superior vestibular nucleus,rule_generated_from_paxinos_name,Algorithmic acronym generated from Paxinos raw name; requires manual review before use as curated label.,low,pending_review,SVN_835,superior vestibular nucleus,kept_for_review_or_manual_approval,51,182,231,Acronym SVe duplicated with label_id 834; suffixed with label_id for uniqueness.
836,submedius thalamic nucleus,Sub,submedius thalamic nucleus,manual_common_neuroanatomy,"common abbreviation, review conflict",high,pending_review,STN_836,submedius thalamic nucleus,kept_for_review_or_manual_approval,255,204,89,
837,subbrachial nucleus,Sub_837,subbrachial nucleus,rule_generated_from_paxinos_name,Algorithmic acronym generated from Paxinos raw name; requires manual review before use as curated label.,low,pending_review,SN_837,subbrachial nucleus,kept_for_review_or_manual_approval,175,130,250,Acronym Sub duplicated with label_id 836; suffixed with label_id for uniqueness.
838,"subcoeruleus nucleus, alpha part",SubAlp,"subcoeruleus nucleus, alpha part",rule_generated_from_paxinos_name,Algorithmic acronym generated from Paxinos raw name; requires manual review before use as curated label.,low,pending_review,SNAP_838,"subcoeruleus nucleus, alpha part",kept_for_review_or_manual_approval,50,170,215,
840,"subcoeruleus nucleus, ventral part",SubV,"subcoeruleus nucleus, ventral part",rule_generated_from_paxinos_name,Algorithmic acronym generated from Paxinos raw name; requires manual review before use as curated label.,low,pending_review,SNVP_840,"subcoeruleus nucleus, ventral part",kept_for_review_or_manual_approval,127,208,239,
841,"submedius thalamic nucleus, dorsal part",SubTD,"submedius thalamic nucleus, dorsal part",rule_generated_from_paxinos_name,Algorithmic acronym generated from Paxinos raw name; requires manual review before use as curated label.,low,pending_review,STNDP_841,"submedius thalamic nucleus, dorsal part",kept_for_review_or_manual_approval,255,231,178,
842,subgeniculate nucleus,Sub_842,subgeniculate nucleus,rule_generated_from_paxinos_name,Algorithmic acronym generated from Paxinos raw name; requires manual review before use as curated label.,low,pending_review,SN_842,subgeniculate nucleus,kept_for_review_or_manual_approval,116,59,212,Acronym Sub duplicated with label_id 836; suffixed with label_id for uniqueness.
843,subincertal nucleus,Sub_843,subincertal nucleus,rule_generated_from_paxinos_name,Algorithmic acronym generated from Paxinos raw name; requires manual review before use as curated label.,low,pending_review,SN_843,subincertal nucleus,kept_for_review_or_manual_approval,81,0,220,Acronym Sub duplicated with label_id 836; suffixed with label_id for uniqueness.
844,subpostrema area,Sub_844,subpostrema area,rule_generated_from_paxinos_name,Algorithmic acronym generated from Paxinos raw name; requires manual review before use as curated label.,low,pending_review,SA_844,subpostrema area,kept_for_review_or_manual_approval,145,95,229,Acronym Sub duplicated with label_id 836; suffixed with label_id for uniqueness.
845,"submedius thalamic nucleus, ventral part",SubTV,"submedius thalamic nucleus, ventral part",rule_generated_from_paxinos_name,Algorithmic acronym generated from Paxinos raw name; requires manual review before use as curated label.,low,pending_review,STNVP_845,"submedius thalamic nucleus, ventral part",kept_for_review_or_manual_approval,255,178,0,
849,tectal gray,TecGra,tectal gray,rule_generated_from_paxinos_name,Algorithmic acronym generated from Paxinos raw name; requires manual review before use as curated label.,low,pending_review,TG_849,tectal gray,kept_for_review_or_manual_approval,147,83,255,
850,triangular septal nucleus,TriS,triangular septal nucleus,rule_generated_from_paxinos_name,Algorithmic acronym generated from Paxinos raw name; requires manual review before use as curated label.,low,pending_review,TSN_850,triangular septal nucleus,kept_for_review_or_manual_approval,166,130,225,
851,tenia tecta,TenTec,tenia tecta,rule_generated_from_paxinos_name,Algorithmic acronym generated from Paxinos raw name; requires manual review before use as curated label.,low,pending_review,TT_851,tenia tecta,kept_for_review_or_manual_approval,189,255,0,
852,terete hypothalamic nucleus,TerHyp,terete hypothalamic nucleus,rule_generated_from_paxinos_name,Algorithmic acronym generated from Paxinos raw name; requires manual review before use as curated label.,low,pending_review,THN_852,terete hypothalamic nucleus,kept_for_review_or_manual_approval,255,97,0,
853,temporal associatin cortex,TeA,temporal association cortex,paxinos_cortex_file_exact_id,Exact ID match in Paxinos_Watson_Labels_Cortex.txt: TeA,official_local,pending_review,TeA,temporal associatin cortex,kept_for_review_or_manual_approval,208,212,107,
854,telencepahlon,Tel,telencepahlon,rule_generated_from_paxinos_name,Algorithmic acronym generated from Paxinos raw name; requires manual review before use as curated label.,low,pending_review,T_854,telencepahlon,kept_for_review_or_manual_approval,240,255,178,
855,tegmentum,Teg,tegmentum,rule_generated_from_paxinos_name,Algorithmic acronym generated from Paxinos raw name; requires manual review before use as curated label.,low,pending_review,T_855,tegmentum,kept_for_review_or_manual_approval,44,242,242,
856,thalamus,TH,thalamus,manual_common_neuroanatomy,Allen-style broad abbreviation,high,pending_review,T_856,thalamus,kept_for_review_or_manual_approval,223,146,0,
858,olfactory tubercle,OTub,olfactory tubercle,rule_generated_from_paxinos_name,Algorithmic acronym generated from Paxinos raw name; requires manual review before use as curated label.,low,pending_review,OT_858,olfactory tubercle,kept_for_review_or_manual_approval,255,239,0,
863,tuberal region of lateral hypothalamus,TubLHyp,tuberal region of lateral hypothalamus,rule_generated_from_paxinos_name,Algorithmic acronym generated from Paxinos raw name; requires manual review before use as curated label.,low,pending_review,TROLH_863,tuberal region of lateral hypothalamus,kept_for_review_or_manual_approval,84,11,203,
864,nucleus of the trapezoid body,TraBod,nucleus of the trapezoid body,rule_generated_from_paxinos_name,Algorithmic acronym generated from Paxinos raw name; requires manual review before use as curated label.,low,pending_review,NOTTB_864,nucleus of the trapezoid body,kept_for_review_or_manual_approval,0,144,199,
865,Not done yet!,NotDonYet,Not done yet!,rule_generated_from_paxinos_name,Algorithmic acronym generated from Paxinos raw name; requires manual review before use as curated label.,low,pending_review,NDY_865,Not done yet!,kept_for_review_or_manual_approval,92,0,255,
866,Unlabeled areas,UnlAre,Unlabeled areas,rule_generated_from_paxinos_name,Algorithmic acronym generated from Paxinos raw name; requires manual review before use as curated label.,low,pending_review,UA_866,Unlabeled areas,kept_for_review_or_manual_approval,255,178,186,
869,primary visual cortex,V1,primary visual cortex,paxinos_cortex_file_exact_id,Exact ID match in Paxinos_Watson_Labels_Cortex.txt: V1,official_local,pending_review,V1,primary visual cortex,kept_for_review_or_manual_approval,231,233,89,
870,"primary visual cortex, binocular area",V1B,"primary visual cortex, binocular area",paxinos_cortex_file_exact_id,Exact ID match in Paxinos_Watson_Labels_Cortex.txt: V1B,official_local,pending_review,V1B,"primary visual cortex, binocular area",kept_for_review_or_manual_approval,254,255,178,
871,"primary visual cortex, monocular area",V1M,"primary visual cortex, monocular area",paxinos_cortex_file_exact_id,Exact ID match in Paxinos_Watson_Labels_Cortex.txt: V1M,official_local,pending_review,V1M,"primary visual cortex, monocular area",kept_for_review_or_manual_approval,250,255,0,
872,visual cortex,CTX872,visual cortex,paxinos_cortex_file_container,"Cortex file gives acronym ""---"" for broad container; unique CTX+ID placeholder assigned.",medium,pending_review,VC_872,visual cortex,kept_for_review_or_manual_approval,250,255,89,
873,"secondary visual cortex, lateral area",V2L,"secondary visual cortex, lateral area",paxinos_cortex_file_exact_id,Exact ID match in Paxinos_Watson_Labels_Cortex.txt: V2L,official_local,pending_review,V2L,"secondary visual cortex, lateral area",kept_for_review_or_manual_approval,253,255,178,
874,"secondary visual cortex, mediolateral area",V2ML,"secondary visual cortex, mediolateral area",paxinos_cortex_file_exact_id,Exact ID match in Paxinos_Watson_Labels_Cortex.txt: V2ML,official_local,pending_review,V2ML,"secondary visual cortex, mediolateral area",kept_for_review_or_manual_approval,248,255,0,
875,"secondary visual cortex, mediomedial area",V2MM,"secondary visual cortex, mediomedial area",paxinos_cortex_file_exact_id,Exact ID match in Paxinos_Watson_Labels_Cortex.txt: V2MM,official_local,pending_review,V2MM,"secondary visual cortex, mediomedial area",kept_for_review_or_manual_approval,250,255,89,
876,ventral anterior thalamic nucleus,VA,ventral anterior thalamic nucleus,manual_common_neuroanatomy,standard abbreviation,high,pending_review,VATN_876,ventral anterior thalamic nucleus,kept_for_review_or_manual_approval,255,179,0,
879,"ventral cochlear nucleus, anterior part",VCochA,"ventral cochlear nucleus, anterior part",rule_generated_from_paxinos_name,Algorithmic acronym generated from Paxinos raw name; requires manual review before use as curated label.,low,pending_review,VCNAP_879,"ventral cochlear nucleus, anterior part",kept_for_review_or_manual_approval,0,243,255,
880,"ventral cochlear nucleus, granule cell layer",VCochGra,"ventral cochlear nucleus, granule cell layer",rule_generated_from_paxinos_name,Algorithmic acronym generated from Paxinos raw name; requires manual review before use as curated label.,low,pending_review,VCNGCL_880,"ventral cochlear nucleus, granule cell layer",kept_for_review_or_manual_approval,0,243,255,
881,"ventral cochlear nucleus, capsular part",VCochCap,"ventral cochlear nucleus, capsular part",rule_generated_from_paxinos_name,Algorithmic acronym generated from Paxinos raw name; requires manual review before use as curated label.,low,pending_review,VCNCP_881,"ventral cochlear nucleus, capsular part",kept_for_review_or_manual_approval,163,119,237,
882,"ventral cochlear nucleus, posterior part",VCochP,"ventral cochlear nucleus, posterior part",rule_generated_from_paxinos_name,Algorithmic acronym generated from Paxinos raw name; requires manual review before use as curated label.,low,pending_review,VCNPP_882,"ventral cochlear nucleus, posterior part",kept_for_review_or_manual_approval,0,236,255,
883,"ventral cochlear nucleus, posterior part, octopus cell area",VCochPOct,"ventral cochlear nucleus, posterior part, octopus cell area",rule_generated_from_paxinos_name,Algorithmic acronym generated from Paxinos raw name; requires manual review before use as curated label.,low,pending_review,VCNPPO_883,"ventral cochlear nucleus, posterior part, octopus cell area",kept_for_review_or_manual_approval,108,35,229,
884,ventral part of claustrum,VCla,ventral part of claustrum,rule_generated_from_paxinos_name,Algorithmic acronym generated from Paxinos raw name; requires manual review before use as curated label.,low,pending_review,VPOC_884,ventral part of claustrum,kept_for_review_or_manual_approval,136,71,242,
885,nucleus of the vertical limb of the diagonal band,VerLimDiaBan,nucleus of the vertical limb of the diagonal band,rule_generated_from_paxinos_name,Algorithmic acronym generated from Paxinos raw name; requires manual review before use as curated label.,low,pending_review,NOTVLO_885,nucleus of the vertical limb of the diagonal band,kept_for_review_or_manual_approval,168,233,89,
886,ventral endopiriform nucleus,VEnd,ventral endopiriform nucleus,rule_generated_from_paxinos_name,Algorithmic acronym generated from Paxinos raw name; requires manual review before use as curated label.,low,pending_review,VEN_886,ventral endopiriform nucleus,kept_for_review_or_manual_approval,131,95,191,
887,ventral geniculate nucleus,VG,ventral geniculate nucleus,rule_generated_from_paxinos_name,Algorithmic acronym generated from Paxinos raw name; requires manual review before use as curated label.,low,pending_review,VGN_887,ventral geniculate nucleus,kept_for_review_or_manual_approval,255,233,178,
891,ventral intermediate entorhinal cortex,VIEnt,ventral intermediate entorhinal cortex,rule_generated_from_paxinos_name,Algorithmic acronym generated from Paxinos raw name; requires manual review before use as curated label.,low,pending_review,VIEC_891,ventral intermediate entorhinal cortex,kept_for_review_or_manual_approval,242,255,178,
892,ventrolateral thalamic nucleus,VenT,ventrolateral thalamic nucleus,rule_generated_from_paxinos_name,Algorithmic acronym generated from Paxinos raw name; requires manual review before use as curated label.,low,pending_review,VTN_892,ventrolateral thalamic nucleus,kept_for_review_or_manual_approval,255,232,178,
894,ventrolateral hypothalamic nucleus,VenHyp,ventrolateral hypothalamic nucleus,rule_generated_from_paxinos_name,Algorithmic acronym generated from Paxinos raw name; requires manual review before use as curated label.,low,pending_review,VHN_894,ventrolateral hypothalamic nucleus,kept_for_review_or_manual_approval,87,23,191,
895,ventral nucleus of the lat lemniscus,VLatLem,ventral nucleus of the lat lemniscus,rule_generated_from_paxinos_name,Algorithmic acronym generated from Paxinos raw name; requires manual review before use as curated label.,low,pending_review,VNOTLL_895,ventral nucleus of the lat lemniscus,kept_for_review_or_manual_approval,44,239,141,
896,ventrolateral periaqueductal gray,VLPAG,ventrolateral periaqueductal gray,manual_common_neuroanatomy,standard subdivision abbreviation,high,pending_review,VPG_896,ventrolateral periaqueductal gray,kept_for_review_or_manual_approval,118,119,233,
897,ventrolateral preoptic nucleus,VenPO,ventrolateral preoptic nucleus,rule_generated_from_paxinos_name,Algorithmic acronym generated from Paxinos raw name; requires manual review before use as curated label.,low,pending_review,VPN_897,ventrolateral preoptic nucleus,kept_for_review_or_manual_approval,212,84,0,
898,ventral linear nucleus of the thalamus,VLinTH,ventral linear nucleus of the thalamus,rule_generated_from_paxinos_name,Algorithmic acronym generated from Paxinos raw name; requires manual review before use as curated label.,low,pending_review,VLNOTT_898,ventral linear nucleus of the thalamus,kept_for_review_or_manual_approval,233,209,142,
899,ventromedial thalamic nucleus,VenT_899,ventromedial thalamic nucleus,rule_generated_from_paxinos_name,Algorithmic acronym generated from Paxinos raw name; requires manual review before use as curated label.,low,pending_review,VTN_899,ventromedial thalamic nucleus,kept_for_review_or_manual_approval,223,192,107,Acronym VenT duplicated with label_id 892; suffixed with label_id for uniqueness.
900,ventromedial hypothalamic nucleus,VenHyp_900,ventromedial hypothalamic nucleus,rule_generated_from_paxinos_name,Algorithmic acronym generated from Paxinos raw name; requires manual review before use as curated label.,low,pending_review,VHN_900,ventromedial hypothalamic nucleus,kept_for_review_or_manual_approval,255,161,89,Acronym VenHyp duplicated with label_id 894; suffixed with label_id for uniqueness.
902,"ventromedial hypothalamic nucleus, central part",VenHypC,"ventromedial hypothalamic nucleus, central part",rule_generated_from_paxinos_name,Algorithmic acronym generated from Paxinos raw name; requires manual review before use as curated label.,low,pending_review,VHNCP_902,"ventromedial hypothalamic nucleus, central part",kept_for_review_or_manual_approval,255,111,0,
903,"ventromedial hypothalamic nucleus, dorsomedial part",VenHypDor,"ventromedial hypothalamic nucleus, dorsomedial part",rule_generated_from_paxinos_name,Algorithmic acronym generated from Paxinos raw name; requires manual review before use as curated label.,low,pending_review,VHNDP_903,"ventromedial hypothalamic nucleus, dorsomedial part",kept_for_review_or_manual_approval,233,102,0,
904,ventromedial nucleus of the hypothalamus shell,VenHypShe,ventromedial nucleus of the hypothalamus shell,rule_generated_from_paxinos_name,Algorithmic acronym generated from Paxinos raw name; requires manual review before use as curated label.,low,pending_review,VNOTHS_904,ventromedial nucleus of the hypothalamus shell,kept_for_review_or_manual_approval,255,162,89,
905,"ventromedial hypothalamic nucleus, ventrolateral part",VenHypVen,"ventromedial hypothalamic nucleus, ventrolateral part",rule_generated_from_paxinos_name,Algorithmic acronym generated from Paxinos raw name; requires manual review before use as curated label.,low,pending_review,VHNVP_905,"ventromedial hypothalamic nucleus, ventrolateral part",kept_for_review_or_manual_approval,233,152,89,
906,ventromedial preoptic nucleus,VenPO_906,ventromedial preoptic nucleus,rule_generated_from_paxinos_name,Algorithmic acronym generated from Paxinos raw name; requires manual review before use as curated label.,low,pending_review,VPN_906,ventromedial preoptic nucleus,kept_for_review_or_manual_approval,223,109,0,Acronym VenPO duplicated with label_id 897; suffixed with label_id for uniqueness.
907,ventral orbital cortex,VO,ventral orbital cortex,paxinos_cortex_file_exact_id,Exact ID match in Paxinos_Watson_Labels_Cortex.txt: VO,official_local,pending_review,VO,ventral orbital cortex,kept_for_review_or_manual_approval,249,255,107,
908,vascular organ of the lamina terminalis,VasOrgLamTer,vascular organ of the lamina terminalis,rule_generated_from_paxinos_name,Algorithmic acronym generated from Paxinos raw name; requires manual review before use as curated label.,low,pending_review,VOOTLT_908,vascular organ of the lamina terminalis,kept_for_review_or_manual_approval,97,23,216,
909,ventral pallidum,VPal,ventral pallidum,rule_generated_from_paxinos_name,Algorithmic acronym generated from Paxinos raw name; requires manual review before use as curated label.,low,pending_review,VP_909,ventral pallidum,kept_for_review_or_manual_approval,255,233,0,
910,ventral posterolateral thalamic nucleus,VPL,ventral posterolateral thalamic nucleus,manual_common_neuroanatomy,standard abbreviation,high,pending_review,VPTN_910,ventral posterolateral thalamic nucleus,kept_for_review_or_manual_approval,212,165,35,
911,ventral posteromedial thalamic nucleus,VPM,ventral posteromedial thalamic nucleus,manual_common_neuroanatomy,standard abbreviation,high,pending_review,VPTN_911,ventral posteromedial thalamic nucleus,kept_for_review_or_manual_approval,255,196,35,
912,"ventral posterior nucleus of the thalamus, parvicellular part",VPTHpc,"ventral posterior nucleus of the thalamus, parvicellular part",rule_generated_from_paxinos_name,Algorithmic acronym generated from Paxinos raw name; requires manual review before use as curated label.,low,pending_review,VPNOTT_912,"ventral posterior nucleus of the thalamus, parvicellular part",kept_for_review_or_manual_approval,233,171,0,
914,ventral reuniens thalamic nucleus,VReuT,ventral reuniens thalamic nucleus,rule_generated_from_paxinos_name,Algorithmic acronym generated from Paxinos raw name; requires manual review before use as curated label.,low,pending_review,VRTN_914,ventral reuniens thalamic nucleus,kept_for_review_or_manual_approval,255,171,0,
915,ventral subiculum,VSub,ventral subiculum,rule_generated_from_paxinos_name,Algorithmic acronym generated from Paxinos raw name; requires manual review before use as curated label.,low,pending_review,VS_915,ventral subiculum,kept_for_review_or_manual_approval,241,255,178,
916,ventral tegmental area,VTA,ventral tegmental area,manual_common_neuroanatomy,standard abbreviation,high,pending_review,VTA_916,ventral tegmental area,kept_for_review_or_manual_approval,68,35,203,
917,"ventral tegmental area, rostral part",VTgR,"ventral tegmental area, rostral part",rule_generated_from_paxinos_name,Algorithmic acronym generated from Paxinos raw name; requires manual review before use as curated label.,low,pending_review,VTARP_917,"ventral tegmental area, rostral part",kept_for_review_or_manual_approval,118,231,233,
918,ventral tuberomammillary nucleus,TMv,ventral tuberomammillary nucleus,manual_common_neuroanatomy,tuberomammillary ventral,high,pending_review,VTN_918,ventral tuberomammillary nucleus,kept_for_review_or_manual_approval,255,208,178,
919,ventral tenia tecta,VTenTec,ventral tenia tecta,rule_generated_from_paxinos_name,Algorithmic acronym generated from Paxinos raw name; requires manual review before use as curated label.,low,pending_review,VTT_919,ventral tenia tecta,kept_for_review_or_manual_approval,187,255,0,
923,ventral tegmental nucleus,VTg,ventral tegmental nucleus,rule_generated_from_paxinos_name,Algorithmic acronym generated from Paxinos raw name; requires manual review before use as curated label.,low,pending_review,VTN_923,ventral tegmental nucleus,kept_for_review_or_manual_approval,160,107,246,
926,nucleus X,X_926,nucleus X,rule_generated_from_paxinos_name,Algorithmic acronym generated from Paxinos raw name; requires manual review before use as curated label.,low,pending_review,NX_926,nucleus X,kept_for_review_or_manual_approval,0,179,247,Acronym X duplicated with label_id 3; suffixed with label_id for uniqueness.
927,xiphoid thalamic nucleus,XipT,xiphoid thalamic nucleus,rule_generated_from_paxinos_name,Algorithmic acronym generated from Paxinos raw name; requires manual review before use as curated label.,low,pending_review,XTN_927,xiphoid thalamic nucleus,kept_for_review_or_manual_approval,244,198,71,
928,nucleus Y,Y,nucleus Y,rule_generated_from_paxinos_name,Algorithmic acronym generated from Paxinos raw name; requires manual review before use as curated label.,low,pending_review,NY_928,nucleus Y,kept_for_review_or_manual_approval,76,182,223,
929,nucleus Z,Z,nucleus Z,rule_generated_from_paxinos_name,Algorithmic acronym generated from Paxinos raw name; requires manual review before use as curated label.,low,pending_review,NZ_929,nucleus Z,kept_for_review_or_manual_approval,83,11,199,
930,zona incerta,ZonInc,zona incerta,rule_generated_from_paxinos_name,Algorithmic acronym generated from Paxinos raw name; requires manual review before use as curated label.,low,pending_review,ZI_930,zona incerta,kept_for_review_or_manual_approval,255,140,0,
931,"zona incerta, caudal part",ZonIncC,"zona incerta, caudal part",rule_generated_from_paxinos_name,Algorithmic acronym generated from Paxinos raw name; requires manual review before use as curated label.,low,pending_review,ZICP_931,"zona incerta, caudal part",kept_for_review_or_manual_approval,223,120,0,
932,"zona incerta, dorsal part",ZonIncD,"zona incerta, dorsal part",rule_generated_from_paxinos_name,Algorithmic acronym generated from Paxinos raw name; requires manual review before use as curated label.,low,pending_review,ZIDP_932,"zona incerta, dorsal part",kept_for_review_or_manual_approval,255,139,0,
933,"zona incerta, rostral part",ZonIncR,"zona incerta, rostral part",rule_generated_from_paxinos_name,Algorithmic acronym generated from Paxinos raw name; requires manual review before use as curated label.,low,pending_review,ZIRP_933,"zona incerta, rostral part",kept_for_review_or_manual_approval,255,181,89,
934,"zona incerta, ventral part",ZonIncV,"zona incerta, ventral part",rule_generated_from_paxinos_name,Algorithmic acronym generated from Paxinos raw name; requires manual review before use as curated label.,low,pending_review,ZIVP_934,"zona incerta, ventral part",kept_for_review_or_manual_approval,255,221,178,
935,zona layer of the superior colliculus,ZonSCol,zona layer of the superior colliculus,rule_generated_from_paxinos_name,Algorithmic acronym generated from Paxinos raw name; requires manual review before use as curated label.,low,pending_review,ZLOTSC_935,zona layer of the superior colliculus,kept_for_review_or_manual_approval,127,118,255,
936,artery,Art,artery,rule_generated_from_paxinos_name,Algorithmic acronym generated from Paxinos raw name; requires manual review before use as curated label.,low,pending_review,A_936,artery,kept_for_review_or_manual_approval,229,71,216,
938,anterior commissure,ACom,anterior commissure,rule_generated_from_paxinos_name,Algorithmic acronym generated from Paxinos raw name; requires manual review before use as curated label.,low,pending_review,AC_938,anterior commissure,kept_for_review_or_manual_approval,149,233,59,
939,"anterior commissure, anterior part",AComA,"anterior commissure, anterior part",rule_generated_from_paxinos_name,Algorithmic acronym generated from Paxinos raw name; requires manual review before use as curated label.,low,pending_review,ACAP_939,"anterior commissure, anterior part",kept_for_review_or_manual_approval,219,255,178,
940,anterior cerebral artery,ACerArt,anterior cerebral artery,rule_generated_from_paxinos_name,Algorithmic acronym generated from Paxinos raw name; requires manual review before use as curated label.,low,pending_review,ACA_940,anterior cerebral artery,kept_for_review_or_manual_approval,242,0,221,
941,"anterior commissure, intrabulbar part",AComInt,"anterior commissure, intrabulbar part",rule_generated_from_paxinos_name,Algorithmic acronym generated from Paxinos raw name; requires manual review before use as curated label.,low,pending_review,ACIP_941,"anterior commissure, intrabulbar part",kept_for_review_or_manual_approval,175,255,89,
942,"anterior commissure, posterior part",AComP,"anterior commissure, posterior part",rule_generated_from_paxinos_name,Algorithmic acronym generated from Paxinos raw name; requires manual review before use as curated label.,low,pending_review,ACPP_942,"anterior commissure, posterior part",kept_for_review_or_manual_approval,130,255,0,
943,alveus of the hippocampus,AlvHP,alveus of the hippocampus,rule_generated_from_paxinos_name,Algorithmic acronym generated from Paxinos raw name; requires manual review before use as curated label.,low,pending_review,AOTH_943,alveus of the hippocampus,kept_for_review_or_manual_approval,140,255,89,
945,accessory olfactory tract,AccO,accessory olfactory tract,rule_generated_from_paxinos_name,Algorithmic acronym generated from Paxinos raw name; requires manual review before use as curated label.,low,pending_review,AOT_945,accessory olfactory tract,kept_for_review_or_manual_approval,182,255,0,
946,ansoparamedian fissure,AnsFis,ansoparamedian fissure,rule_generated_from_paxinos_name,Algorithmic acronym generated from Paxinos raw name; requires manual review before use as curated label.,low,pending_review,AF_946,ansoparamedian fissure,kept_for_review_or_manual_approval,89,11,212,
947,arteries,Art_947,arteries,rule_generated_from_paxinos_name,Algorithmic acronym generated from Paxinos raw name; requires manual review before use as curated label.,low,pending_review,A_947,arteries,kept_for_review_or_manual_approval,255,0,222,Acronym Art duplicated with label_id 936; suffixed with label_id for uniqueness.
948,ascending fibers of the facial nerve,AscFib7,ascending fibers of the facial nerve,rule_generated_from_paxinos_name,Algorithmic acronym generated from Paxinos raw name; requires manual review before use as curated label.,low,pending_review,AFOTFN_948,ascending fibers of the facial nerve,kept_for_review_or_manual_approval,141,83,233,
949,anterior spinal artery,ASpiArt,anterior spinal artery,rule_generated_from_paxinos_name,Algorithmic acronym generated from Paxinos raw name; requires manual review before use as curated label.,low,pending_review,ASA_949,anterior spinal artery,kept_for_review_or_manual_approval,229,0,208,
950,azygous anterior cerebral artery,AzyACerArt,azygous anterior cerebral artery,rule_generated_from_paxinos_name,Algorithmic acronym generated from Paxinos raw name; requires manual review before use as curated label.,low,pending_review,AACA_950,azygous anterior cerebral artery,kept_for_review_or_manual_approval,216,0,196,
951,azygous pericallosal artery,AzyPerArt,azygous pericallosal artery,rule_generated_from_paxinos_name,Algorithmic acronym generated from Paxinos raw name; requires manual review before use as curated label.,low,pending_review,APA_951,azygous pericallosal artery,kept_for_review_or_manual_approval,255,35,233,
953,basilar artery,BasArt,basilar artery,rule_generated_from_paxinos_name,Algorithmic acronym generated from Paxinos raw name; requires manual review before use as curated label.,low,pending_review,BA_953,basilar artery,kept_for_review_or_manual_approval,216,71,202,
954,brachium of the inferior colliculus,BraICol_954,brachium of the inferior colliculus,rule_generated_from_paxinos_name,Algorithmic acronym generated from Paxinos raw name; requires manual review before use as curated label.,low,pending_review,BOTIC_954,brachium of the inferior colliculus,kept_for_review_or_manual_approval,148,119,195,Acronym BraICol duplicated with label_id 156; suffixed with label_id for uniqueness.
955,brachium of the superior colliculus,BraSCol,brachium of the superior colliculus,rule_generated_from_paxinos_name,Algorithmic acronym generated from Paxinos raw name; requires manual review before use as curated label.,low,pending_review,BOTSC_955,brachium of the superior colliculus,kept_for_review_or_manual_approval,255,99,89,
957,cerebellar white matter,CbWhiMat,cerebellar white matter,rule_generated_from_paxinos_name,Algorithmic acronym generated from Paxinos raw name; requires manual review before use as curated label.,low,pending_review,CWM_957,cerebellar white matter,kept_for_review_or_manual_approval,0,244,72,
958,corpus callosum,CorCal,corpus callosum,rule_generated_from_paxinos_name,Algorithmic acronym generated from Paxinos raw name; requires manual review before use as curated label.,low,pending_review,CC_958,corpus callosum,kept_for_review_or_manual_approval,105,255,0,
960,cingulum,Cin,cingulum,rule_generated_from_paxinos_name,Algorithmic acronym generated from Paxinos raw name; requires manual review before use as curated label.,low,pending_review,C_960,cingulum,kept_for_review_or_manual_approval,63,255,0,
961,choroid plexus,ChoPle,choroid plexus,rule_generated_from_paxinos_name,Algorithmic acronym generated from Paxinos raw name; requires manual review before use as curated label.,low,pending_review,CP_961,choroid plexus,kept_for_review_or_manual_approval,255,89,130,
962,commissure of the inferior colliculus,ComICol_962,commissure of the inferior colliculus,rule_generated_from_paxinos_name,Algorithmic acronym generated from Paxinos raw name; requires manual review before use as curated label.,low,pending_review,COTIC_962,commissure of the inferior colliculus,kept_for_review_or_manual_approval,157,142,216,Acronym ComICol duplicated with label_id 208; suffixed with label_id for uniqueness.
963,commissure of the lateral lemniscus,ComLLem,commissure of the lateral lemniscus,rule_generated_from_paxinos_name,Algorithmic acronym generated from Paxinos raw name; requires manual review before use as curated label.,low,pending_review,COTLL_963,commissure of the lateral lemniscus,kept_for_review_or_manual_approval,131,107,229,
965,cerebral peduncle,CerPed,cerebral peduncle,rule_generated_from_paxinos_name,Algorithmic acronym generated from Paxinos raw name; requires manual review before use as curated label.,low,pending_review,CP_965,cerebral peduncle,kept_for_review_or_manual_approval,225,178,255,
966,Corticospinal tract,Cor,Corticospinal tract,rule_generated_from_paxinos_name,Algorithmic acronym generated from Paxinos raw name; requires manual review before use as curated label.,low,pending_review,CT_966,Corticospinal tract,kept_for_review_or_manual_approval,175,59,255,
967,commissure of the superior colliculus,ComSCol,commissure of the superior colliculus,rule_generated_from_paxinos_name,Algorithmic acronym generated from Paxinos raw name; requires manual review before use as curated label.,low,pending_review,COTSC_967,commissure of the superior colliculus,kept_for_review_or_manual_approval,255,186,178,
968,commissural stria terminalis,ComStrTer,commissural stria terminalis,rule_generated_from_paxinos_name,Algorithmic acronym generated from Paxinos raw name; requires manual review before use as curated label.,low,pending_review,CST_968,commissural stria terminalis,kept_for_review_or_manual_approval,188,255,178,
970,cuneate fasciculus,CunFas,cuneate fasciculus,rule_generated_from_paxinos_name,Algorithmic acronym generated from Paxinos raw name; requires manual review before use as curated label.,low,pending_review,CF_970,cuneate fasciculus,kept_for_review_or_manual_approval,97,0,250,
971,dorsal acoustic stria,DAcoStr,dorsal acoustic stria,rule_generated_from_paxinos_name,Algorithmic acronym generated from Paxinos raw name; requires manual review before use as curated label.,low,pending_review,DAS_971,dorsal acoustic stria,kept_for_review_or_manual_approval,0,199,255,
972,dorsal corticospinal tract,DCor,dorsal corticospinal tract,rule_generated_from_paxinos_name,Algorithmic acronym generated from Paxinos raw name; requires manual review before use as curated label.,low,pending_review,DCT_972,dorsal corticospinal tract,kept_for_review_or_manual_approval,89,239,164,
973,deep cerebral white matter,DeeCerWhiMat,deep cerebral white matter,rule_generated_from_paxinos_name,Algorithmic acronym generated from Paxinos raw name; requires manual review before use as curated label.,low,pending_review,DCWM_973,deep cerebral white matter,kept_for_review_or_manual_approval,208,255,178,
975,dorsal fornix,DFor,dorsal fornix,rule_generated_from_paxinos_name,Algorithmic acronym generated from Paxinos raw name; requires manual review before use as curated label.,low,pending_review,DF_975,dorsal fornix,kept_for_review_or_manual_approval,204,255,178,
976,dorsal hippocampal commissure,DHCom,dorsal hippocampal commissure,rule_generated_from_paxinos_name,Algorithmic acronym generated from Paxinos raw name; requires manual review before use as curated label.,low,pending_review,DHC_976,dorsal hippocampal commissure,kept_for_review_or_manual_approval,201,255,178,
978,dorsal lateral olfactory tract,DLO_978,dorsal lateral olfactory tract,rule_generated_from_paxinos_name,Algorithmic acronym generated from Paxinos raw name; requires manual review before use as curated label.,low,pending_review,DLOT_978,dorsal lateral olfactory tract,kept_for_review_or_manual_approval,184,255,0,Acronym DLO duplicated with label_id 237; suffixed with label_id for uniqueness.
981,dorsal spinocerebellar tract,DSpi,dorsal spinocerebellar tract,rule_generated_from_paxinos_name,Algorithmic acronym generated from Paxinos raw name; requires manual review before use as curated label.,low,pending_review,DST_981,dorsal spinocerebellar tract,kept_for_review_or_manual_approval,135,59,255,
986,external capsule,ECap,external capsule,rule_generated_from_paxinos_name,Algorithmic acronym generated from Paxinos raw name; requires manual review before use as curated label.,low,pending_review,EC_986,external capsule,kept_for_review_or_manual_approval,151,255,89,
988,external medullary lamina,EMedLam,external medullary lamina,rule_generated_from_paxinos_name,Algorithmic acronym generated from Paxinos raw name; requires manual review before use as curated label.,low,pending_review,EML_988,external medullary lamina,kept_for_review_or_manual_approval,156,107,233,
989,fornix,For,fornix,rule_generated_from_paxinos_name,Algorithmic acronym generated from Paxinos raw name; requires manual review before use as curated label.,low,pending_review,F_989,fornix,kept_for_review_or_manual_approval,84,255,0,
990,fimbria of the hippocampus,FimHP,fimbria of the hippocampus,rule_generated_from_paxinos_name,Algorithmic acronym generated from Paxinos raw name; requires manual review before use as curated label.,low,pending_review,FOTH_990,fimbria of the hippocampus,kept_for_review_or_manual_approval,97,11,229,
991,forceps minor of the corpus callosum,ForMinCorCal,forceps minor of the corpus callosum,rule_generated_from_paxinos_name,Algorithmic acronym generated from Paxinos raw name; requires manual review before use as curated label.,low,pending_review,FMOTCC_991,forceps minor of the corpus callosum,kept_for_review_or_manual_approval,159,255,89,
992,forceps major of the corpus callosum,ForMajCorCal,forceps major of the corpus callosum,rule_generated_from_paxinos_name,Algorithmic acronym generated from Paxinos raw name; requires manual review before use as curated label.,low,pending_review,FMOTCC_992,forceps major of the corpus callosum,kept_for_review_or_manual_approval,210,255,178,
994,fasciculus retroflexus,FasRet,fasciculus retroflexus,rule_generated_from_paxinos_name,Algorithmic acronym generated from Paxinos raw name; requires manual review before use as curated label.,low,pending_review,FR_994,fasciculus retroflexus,kept_for_review_or_manual_approval,166,130,220,
995,genu of the facial nerve,Gen7,genu of the facial nerve,rule_generated_from_paxinos_name,Algorithmic acronym generated from Paxinos raw name; requires manual review before use as curated label.,low,pending_review,GOTFN_995,genu of the facial nerve,kept_for_review_or_manual_approval,82,11,191,
997,greater palatine artery,GrePalArt,greater palatine artery,rule_generated_from_paxinos_name,Algorithmic acronym generated from Paxinos raw name; requires manual review before use as curated label.,low,pending_review,root,root,kept_for_review_or_manual_approval,203,71,188,
998,gracile fasciculus,GraFas,gracile fasciculus,rule_generated_from_paxinos_name,Algorithmic acronym generated from Paxinos raw name; requires manual review before use as curated label.,low,pending_review,GF_998,gracile fasciculus,kept_for_review_or_manual_approval,89,255,172,
1000,hippocampal white matter,HWhiMat,hippocampal white matter,rule_generated_from_paxinos_name,Algorithmic acronym generated from Paxinos raw name; requires manual review before use as curated label.,low,pending_review,HWM_1000,hippocampal white matter,kept_for_review_or_manual_approval,80,255,0,
1001,internal arcuate fibers,IArcFib,internal arcuate fibers,rule_generated_from_paxinos_name,Algorithmic acronym generated from Paxinos raw name; requires manual review before use as curated label.,low,pending_review,IAF_1001,internal arcuate fibers,kept_for_review_or_manual_approval,91,23,195,
1003,internal capsule,ICap,internal capsule,rule_generated_from_paxinos_name,Algorithmic acronym generated from Paxinos raw name; requires manual review before use as curated label.,low,pending_review,IC_1003,internal capsule,kept_for_review_or_manual_approval,165,0,255,
1005,inferior cerebellar peduncle (restiform body),ICbPed,inferior cerebellar peduncle (restiform body),rule_generated_from_paxinos_name,Algorithmic acronym generated from Paxinos raw name; requires manual review before use as curated label.,low,pending_review,ICPRB_1005,inferior cerebellar peduncle (restiform body),kept_for_review_or_manual_approval,186,154,233,
1006,inferior cerebellar peduncle decussation,ICbPedDec,inferior cerebellar peduncle decussation,rule_generated_from_paxinos_name,Algorithmic acronym generated from Paxinos raw name; requires manual review before use as curated label.,low,pending_review,ICPD_1006,inferior cerebellar peduncle decussation,kept_for_review_or_manual_approval,152,95,237,
1007,internal carotid artery,ICarArt,internal carotid artery,rule_generated_from_paxinos_name,Algorithmic acronym generated from Paxinos raw name; requires manual review before use as curated label.,low,pending_review,ICA_1007,internal carotid artery,kept_for_review_or_manual_approval,242,71,221,
1014,longitudinal fasciculus of the pons,LonFasPon,longitudinal fasciculus of the pons,rule_generated_from_paxinos_name,Algorithmic acronym generated from Paxinos raw name; requires manual review before use as curated label.,low,pending_review,LFOTP_1014,longitudinal fasciculus of the pons,kept_for_review_or_manual_approval,203,89,255,
1016,lateral lemniscus,LLem,lateral lemniscus,rule_generated_from_paxinos_name,Algorithmic acronym generated from Paxinos raw name; requires manual review before use as curated label.,low,pending_review,LL_1016,lateral lemniscus,kept_for_review_or_manual_approval,89,223,157,
1017,lateral olfactory tract,LO_1017,lateral olfactory tract,rule_generated_from_paxinos_name,Algorithmic acronym generated from Paxinos raw name; requires manual review before use as curated label.,low,pending_review,LOT_1017,lateral olfactory tract,kept_for_review_or_manual_approval,184,255,0,Acronym LO duplicated with label_id 416; suffixed with label_id for uniqueness.
1018,lateral orbitofrontal artery,LOrbArt,lateral orbitofrontal artery,rule_generated_from_paxinos_name,Algorithmic acronym generated from Paxinos raw name; requires manual review before use as curated label.,low,pending_review,LOA_1018,lateral orbitofrontal artery,kept_for_review_or_manual_approval,229,142,217,
1020,motor root of the trigeminal nerve,MoRoo5,motor root of the trigeminal nerve,rule_generated_from_paxinos_name,Algorithmic acronym generated from Paxinos raw name; requires manual review before use as curated label.,low,pending_review,MROTTN_1020,motor root of the trigeminal nerve,kept_for_review_or_manual_approval,137,95,199,
1022,middle cerebral artery,MidCerArt,middle cerebral artery,rule_generated_from_paxinos_name,Algorithmic acronym generated from Paxinos raw name; requires manual review before use as curated label.,low,pending_review,MCA_1022,middle cerebral artery,kept_for_review_or_manual_approval,216,107,200,
1023,medial corticohypothalamic tract,MCor,medial corticohypothalamic tract,rule_generated_from_paxinos_name,Algorithmic acronym generated from Paxinos raw name; requires manual review before use as curated label.,low,pending_review,MCT_1023,medial corticohypothalamic tract,kept_for_review_or_manual_approval,92,0,229,
1024,middle cerebellar peduncle,MidCbPed,middle cerebellar peduncle,rule_generated_from_paxinos_name,Algorithmic acronym generated from Paxinos raw name; requires manual review before use as curated label.,low,pending_review,MCP_1024,middle cerebellar peduncle,kept_for_review_or_manual_approval,0,233,69,
1025,mesencephalic trigeminal tract,Mes5_1025,mesencephalic trigeminal tract,rule_generated_from_paxinos_name,Algorithmic acronym generated from Paxinos raw name; requires manual review before use as curated label.,low,pending_review,MTT_1025,mesencephalic trigeminal tract,kept_for_review_or_manual_approval,186,142,250,Acronym Mes5 duplicated with label_id 521; suffixed with label_id for uniqueness.
1026,medial forebrain bundle,MForBun,medial forebrain bundle,rule_generated_from_paxinos_name,Algorithmic acronym generated from Paxinos raw name; requires manual review before use as curated label.,low,pending_review,MFB_1026,medial forebrain bundle,kept_for_review_or_manual_approval,146,95,220,
1029,medial lemniscus,MLem,medial lemniscus,rule_generated_from_paxinos_name,Algorithmic acronym generated from Paxinos raw name; requires manual review before use as curated label.,low,pending_review,ML_1029,medial lemniscus,kept_for_review_or_manual_approval,0,215,242,
1030,medial longitudinal fasciculus,MLonFas,medial longitudinal fasciculus,rule_generated_from_paxinos_name,Algorithmic acronym generated from Paxinos raw name; requires manual review before use as curated label.,low,pending_review,MLF_1030,medial longitudinal fasciculus,kept_for_review_or_manual_approval,0,207,105,
1031,medial lemniscus decussation,MLemDec,medial lemniscus decussation,rule_generated_from_paxinos_name,Algorithmic acronym generated from Paxinos raw name; requires manual review before use as curated label.,low,pending_review,MLD_1031,medial lemniscus decussation,kept_for_review_or_manual_approval,0,226,255,
1033,medial orbitofrontal artery,MOrbArt,medial orbitofrontal artery,rule_generated_from_paxinos_name,Algorithmic acronym generated from Paxinos raw name; requires manual review before use as curated label.,low,pending_review,MOA_1033,medial orbitofrontal artery,kept_for_review_or_manual_approval,242,142,226,
1034,mammillary peduncle,MPed,mammillary peduncle,rule_generated_from_paxinos_name,Algorithmic acronym generated from Paxinos raw name; requires manual review before use as curated label.,low,pending_review,MP_1034,mammillary peduncle,kept_for_review_or_manual_approval,255,174,89,
1035,mammillothalamic tract,Mam,mammillothalamic tract,rule_generated_from_paxinos_name,Algorithmic acronym generated from Paxinos raw name; requires manual review before use as curated label.,low,pending_review,MT_1035,mammillothalamic tract,kept_for_review_or_manual_approval,144,95,216,
1036,mammillotegmental tract,Mam_1036,mammillotegmental tract,rule_generated_from_paxinos_name,Algorithmic acronym generated from Paxinos raw name; requires manual review before use as curated label.,low,pending_review,MT_1036,mammillotegmental tract,kept_for_review_or_manual_approval,86,0,212,Acronym Mam duplicated with label_id 1035; suffixed with label_id for uniqueness.
1040,nigrostriatal bundle,NigBun,nigrostriatal bundle,rule_generated_from_paxinos_name,Algorithmic acronym generated from Paxinos raw name; requires manual review before use as curated label.,low,pending_review,NB_1040,nigrostriatal bundle,kept_for_review_or_manual_approval,107,47,195,
1042,olivocochlear bundle,OliBun,olivocochlear bundle,rule_generated_from_paxinos_name,Algorithmic acronym generated from Paxinos raw name; requires manual review before use as curated label.,low,pending_review,OB_1042,olivocochlear bundle,kept_for_review_or_manual_approval,111,35,220,
1043,optic chiasm,OptChi,optic chiasm,rule_generated_from_paxinos_name,Algorithmic acronym generated from Paxinos raw name; requires manual review before use as curated label.,low,pending_review,OC_1043,optic chiasm,kept_for_review_or_manual_approval,101,35,195,
1045,optic tract,Opt_1045,optic tract,rule_generated_from_paxinos_name,Algorithmic acronym generated from Paxinos raw name; requires manual review before use as curated label.,low,pending_review,OT_1045,optic tract,kept_for_review_or_manual_approval,150,83,246,Acronym Opt duplicated with label_id 551; suffixed with label_id for uniqueness.
1049,p1 periaqueductal gray,P1PAGGra,p1 periaqueductal gray,rule_generated_from_paxinos_name,Algorithmic acronym generated from Paxinos raw name; requires manual review before use as curated label.,low,pending_review,PPG_1049,p1 periaqueductal gray,kept_for_review_or_manual_approval,60,59,233,
1050,p1 reticular formation,P1RFor,p1 reticular formation,rule_generated_from_paxinos_name,Algorithmic acronym generated from Paxinos raw name; requires manual review before use as curated label.,low,pending_review,PRF_1050,p1 reticular formation,kept_for_review_or_manual_approval,80,0,195,
1051,posterior commissure,PCom_1051,posterior commissure,rule_generated_from_paxinos_name,Algorithmic acronym generated from Paxinos raw name; requires manual review before use as curated label.,low,pending_review,PC_1051,posterior commissure,kept_for_review_or_manual_approval,80,35,255,Acronym PCom duplicated with label_id 574; suffixed with label_id for uniqueness.
1052,posterior cerebral artery,PCerArt,posterior cerebral artery,rule_generated_from_paxinos_name,Algorithmic acronym generated from Paxinos raw name; requires manual review before use as curated label.,low,pending_review,PCA_1052,posterior cerebral artery,kept_for_review_or_manual_approval,255,71,225,
1053,preculminate fissure,PreFis,preculminate fissure,rule_generated_from_paxinos_name,Algorithmic acronym generated from Paxinos raw name; requires manual review before use as curated label.,low,pending_review,PF_1053,preculminate fissure,kept_for_review_or_manual_approval,110,23,233,
1054,parafloccular sulcus,ParSul,parafloccular sulcus,rule_generated_from_paxinos_name,Algorithmic acronym generated from Paxinos raw name; requires manual review before use as curated label.,low,pending_review,PS_1054,parafloccular sulcus,kept_for_review_or_manual_approval,0,201,59,
1055,posterolateral fissure,PosFis,posterolateral fissure,rule_generated_from_paxinos_name,Algorithmic acronym generated from Paxinos raw name; requires manual review before use as curated label.,low,pending_review,PF_1055,posterolateral fissure,kept_for_review_or_manual_approval,173,142,216,
1056,principal mammillary tract,PriM,principal mammillary tract,rule_generated_from_paxinos_name,Algorithmic acronym generated from Paxinos raw name; requires manual review before use as curated label.,low,pending_review,PMT_1056,principal mammillary tract,kept_for_review_or_manual_approval,96,23,199,
1057,paramedian sulcus,ParSul_1057,paramedian sulcus,rule_generated_from_paxinos_name,Algorithmic acronym generated from Paxinos raw name; requires manual review before use as curated label.,low,pending_review,PS_1057,paramedian sulcus,kept_for_review_or_manual_approval,136,95,195,Acronym ParSul duplicated with label_id 1054; suffixed with label_id for uniqueness.
1058,Pons,Pon_1058,Pons,rule_generated_from_paxinos_name,Algorithmic acronym generated from Paxinos raw name; requires manual review before use as curated label.,low,pending_review,P_1058,Pons,kept_for_review_or_manual_approval,44,196,229,Acronym Pon duplicated with label_id 649; suffixed with label_id for uniqueness.
1059,prepyramidal fissure,PreFis_1059,prepyramidal fissure,rule_generated_from_paxinos_name,Algorithmic acronym generated from Paxinos raw name; requires manual review before use as curated label.,low,pending_review,PF_1059,prepyramidal fissure,kept_for_review_or_manual_approval,149,95,225,Acronym PreFis duplicated with label_id 1053; suffixed with label_id for uniqueness.
1060,primary fissure,PriFis,primary fissure,rule_generated_from_paxinos_name,Algorithmic acronym generated from Paxinos raw name; requires manual review before use as curated label.,low,pending_review,PF_1060,primary fissure,kept_for_review_or_manual_approval,107,233,144,
1061,posterior superior fissure,PSFis,posterior superior fissure,rule_generated_from_paxinos_name,Algorithmic acronym generated from Paxinos raw name; requires manual review before use as curated label.,low,pending_review,PSF_1061,posterior superior fissure,kept_for_review_or_manual_approval,157,130,195,
1062,pyramidal tract,Pyr,pyramidal tract,rule_generated_from_paxinos_name,Algorithmic acronym generated from Paxinos raw name; requires manual review before use as curated label.,low,pending_review,PT_1062,pyramidal tract,kept_for_review_or_manual_approval,134,0,255,
1063,pyramidal decussation,PyrDec,pyramidal decussation,rule_generated_from_paxinos_name,Algorithmic acronym generated from Paxinos raw name; requires manual review before use as curated label.,low,pending_review,PD_1063,pyramidal decussation,kept_for_review_or_manual_approval,132,0,255,
1066,rubrospinal tract,Rub,rubrospinal tract,rule_generated_from_paxinos_name,Algorithmic acronym generated from Paxinos raw name; requires manual review before use as curated label.,low,pending_review,RT_1066,rubrospinal tract,kept_for_review_or_manual_approval,101,11,225,
1067,sensory root of the trigeminal nerve,SRoo5,sensory root of the trigeminal nerve,rule_generated_from_paxinos_name,Algorithmic acronym generated from Paxinos raw name; requires manual review before use as curated label.,low,pending_review,SROTTN_1067,sensory root of the trigeminal nerve,kept_for_review_or_manual_approval,175,142,220,
1068,splenium of the corpus callosum,SplCorCal,splenium of the corpus callosum,rule_generated_from_paxinos_name,Algorithmic acronym generated from Paxinos raw name; requires manual review before use as curated label.,low,pending_review,SOTCC_1068,splenium of the corpus callosum,kept_for_review_or_manual_approval,103,255,0,
1069,superior cerebellar peduncle (brachium conjunctivum),SCbPed,superior cerebellar peduncle (brachium conjunctivum),rule_generated_from_paxinos_name,Algorithmic acronym generated from Paxinos raw name; requires manual review before use as curated label.,low,pending_review,SCPBC_1069,superior cerebellar peduncle (brachium conjunctivum),kept_for_review_or_manual_approval,0,212,59,
1070,"superior cerebellar peduncle, descending limb",SCbPedDesLim,"superior cerebellar peduncle, descending limb",rule_generated_from_paxinos_name,Algorithmic acronym generated from Paxinos raw name; requires manual review before use as curated label.,low,pending_review,SCPDL_1070,"superior cerebellar peduncle, descending limb",kept_for_review_or_manual_approval,178,255,199,
1071,secondary fissure,SecFis,secondary fissure,rule_generated_from_paxinos_name,Algorithmic acronym generated from Paxinos raw name; requires manual review before use as curated label.,low,pending_review,SF_1071,secondary fissure,kept_for_review_or_manual_approval,108,11,242,
1072,stria medullaris of the thalamus,StrMedTH,stria medullaris of the thalamus,rule_generated_from_paxinos_name,Algorithmic acronym generated from Paxinos raw name; requires manual review before use as curated label.,low,pending_review,SMOTT_1072,stria medullaris of the thalamus,kept_for_review_or_manual_approval,193,154,246,
1073,solitary tract,sol,solitary tract,manual_common_neuroanatomy,standard abbreviation,high,pending_review,ST_1073,solitary tract,kept_for_review_or_manual_approval,89,255,242,
1074,supraoptic decussation,SupDec,supraoptic decussation,rule_generated_from_paxinos_name,Algorithmic acronym generated from Paxinos raw name; requires manual review before use as curated label.,low,pending_review,SD_1074,supraoptic decussation,kept_for_review_or_manual_approval,181,142,233,
1075,spinal trigeminal tract,Spi5,spinal trigeminal tract,rule_generated_from_paxinos_name,Algorithmic acronym generated from Paxinos raw name; requires manual review before use as curated label.,low,pending_review,STT_1075,spinal trigeminal tract,kept_for_review_or_manual_approval,184,142,242,
1076,stria terminalis,StrTer,stria terminalis,rule_generated_from_paxinos_name,Algorithmic acronym generated from Paxinos raw name; requires manual review before use as curated label.,low,pending_review,ST_1076,stria terminalis,kept_for_review_or_manual_approval,177,142,225,
1077,superior thalamic radiation,STRad,superior thalamic radiation,rule_generated_from_paxinos_name,Algorithmic acronym generated from Paxinos raw name; requires manual review before use as curated label.,low,pending_review,STR_1077,superior thalamic radiation,kept_for_review_or_manual_approval,135,47,255,
1078,subcortical white matter,SubWhiMat,subcortical white matter,rule_generated_from_paxinos_name,Algorithmic acronym generated from Paxinos raw name; requires manual review before use as curated label.,low,pending_review,SWM_1078,subcortical white matter,kept_for_review_or_manual_approval,142,255,89,
1079,supramammillary decussation,SupDec_1079,supramammillary decussation,rule_generated_from_paxinos_name,Algorithmic acronym generated from Paxinos raw name; requires manual review before use as curated label.,low,pending_review,SD_1079,supramammillary decussation,kept_for_review_or_manual_approval,155,118,203,Acronym SupDec duplicated with label_id 1074; suffixed with label_id for uniqueness.
1080,transverse fibers of the pons,TraFibPon,transverse fibers of the pons,rule_generated_from_paxinos_name,Algorithmic acronym generated from Paxinos raw name; requires manual review before use as curated label.,low,pending_review,TFOTP_1080,transverse fibers of the pons,kept_for_review_or_manual_approval,121,47,220,
1081,tectospinal tract,Tec,tectospinal tract,rule_generated_from_paxinos_name,Algorithmic acronym generated from Paxinos raw name; requires manual review before use as curated label.,low,pending_review,TT_1081,tectospinal tract,kept_for_review_or_manual_approval,0,239,122,
1082,trigeminothalamic tract,Tri,trigeminothalamic tract,rule_generated_from_paxinos_name,Algorithmic acronym generated from Paxinos raw name; requires manual review before use as curated label.,low,pending_review,TT_1082,trigeminothalamic tract,kept_for_review_or_manual_approval,161,95,250,
1083,trapezoid body,TraBod_1083,trapezoid body,rule_generated_from_paxinos_name,Algorithmic acronym generated from Paxinos raw name; requires manual review before use as curated label.,low,pending_review,TB_1083,trapezoid body,kept_for_review_or_manual_approval,137,59,242,Acronym TraBod duplicated with label_id 864; suffixed with label_id for uniqueness.
1084,uncinate fasciculus of the cerebellum,UncFasCb,uncinate fasciculus of the cerebellum,rule_generated_from_paxinos_name,Algorithmic acronym generated from Paxinos raw name; requires manual review before use as curated label.,low,pending_review,UFOTC_1084,uncinate fasciculus of the cerebellum,kept_for_review_or_manual_approval,96,0,225,
1085,uncinate fasciculus decussation,UncFasDec,uncinate fasciculus decussation,rule_generated_from_paxinos_name,Algorithmic acronym generated from Paxinos raw name; requires manual review before use as curated label.,low,pending_review,UFD_1085,uncinate fasciculus decussation,kept_for_review_or_manual_approval,165,130,212,
1086,vein,Vei,vein,rule_generated_from_paxinos_name,Algorithmic acronym generated from Paxinos raw name; requires manual review before use as curated label.,low,pending_review,V_1086,vein,kept_for_review_or_manual_approval,134,59,233,
1087,vBrain,Vbr,vBrain,rule_generated_from_paxinos_name,Algorithmic acronym generated from Paxinos raw name; requires manual review before use as curated label.,low,pending_review,V_1087,vBrain,kept_for_review_or_manual_approval,255,0,12,
1088,vestibulomesencephalic tract,Ves_1088,vestibulomesencephalic tract,rule_generated_from_paxinos_name,Algorithmic acronym generated from Paxinos raw name; requires manual review before use as curated label.,low,pending_review,VT_1088,vestibulomesencephalic tract,kept_for_review_or_manual_approval,112,11,246,Acronym Ves duplicated with label_id 925; suffixed with label_id for uniqueness.
1089,ventricles,Ven,ventricles,rule_generated_from_paxinos_name,Algorithmic acronym generated from Paxinos raw name; requires manual review before use as curated label.,low,pending_review,V_1089,ventricles,kept_for_review_or_manual_approval,223,59,126,
1090,vertebral artery,VerArt,vertebral artery,rule_generated_from_paxinos_name,Algorithmic acronym generated from Paxinos raw name; requires manual review before use as curated label.,low,pending_review,VA_1090,vertebral artery,kept_for_review_or_manual_approval,196,154,250,
1091,vestibulospinal tract,Ves_1091,vestibulospinal tract,rule_generated_from_paxinos_name,Algorithmic acronym generated from Paxinos raw name; requires manual review before use as curated label.,low,pending_review,VT_1091,vestibulospinal tract,kept_for_review_or_manual_approval,169,107,250,Acronym Ves duplicated with label_id 925; suffixed with label_id for uniqueness.
1092,ventral hippocampal commissure,VHCom,ventral hippocampal commissure,rule_generated_from_paxinos_name,Algorithmic acronym generated from Paxinos raw name; requires manual review before use as curated label.,low,pending_review,VHC_1092,ventral hippocampal commissure,kept_for_review_or_manual_approval,74,255,0,
1093,ventrolateral hypothalamic tract,VenHyp_1093,ventrolateral hypothalamic tract,rule_generated_from_paxinos_name,Algorithmic acronym generated from Paxinos raw name; requires manual review before use as curated label.,low,pending_review,VHT_1093,ventrolateral hypothalamic tract,kept_for_review_or_manual_approval,135,47,250,Acronym VenHyp duplicated with label_id 894; suffixed with label_id for uniqueness.
1095,ventral spinocerebellar tract,VSpi,ventral spinocerebellar tract,rule_generated_from_paxinos_name,Algorithmic acronym generated from Paxinos raw name; requires manual review before use as curated label.,low,pending_review,VST_1095,ventral spinocerebellar tract,kept_for_review_or_manual_approval,133,83,199,
1096,ventral tegmental decussation,VTgDec,ventral tegmental decussation,rule_generated_from_paxinos_name,Algorithmic acronym generated from Paxinos raw name; requires manual review before use as curated label.,low,pending_review,VTD_1096,ventral tegmental decussation,kept_for_review_or_manual_approval,59,250,255,
1098,decussation of the superior cerebellar peduncle,DecSCbPed,decussation of the superior cerebellar peduncle,rule_generated_from_paxinos_name,Algorithmic acronym generated from Paxinos raw name; requires manual review before use as curated label.,low,pending_review,DOTSCP_1098,decussation of the superior cerebellar peduncle,kept_for_review_or_manual_approval,0,255,71,
